country,age,new_user,source,total_pages_visited,converted,kmeans_cluster,dbscan_cluster
Germany,32,1,Direct,7,0,1,0
US,28,1,Ads,7,0,1,0
China,18,1,Seo,8,0,1,-1
US,26,1,Seo,5,1,2,1
US,20,1,Ads,2,0,2,2
Germany,27,1,Ads,7,0,1,0
US,24,1,Direct,5,0,2,1
US,30,1,Seo,6,0,2,3
US,37,1,Seo,4,0,0,4
US,32,1,Direct,4,0,0,4
UK,29,1,Seo,1,0,2,5
UK,29,1,Seo,8,0,1,-1
China,30,1,Direct,7,0,1,0
US,38,1,Seo,2,0,0,2
US,22,0,Seo,2,0,2,2
US,39,0,Ads,5,0,0,-1
US,27,0,Seo,3,0,2,6
US,35,1,Ads,2,0,0,2
China,22,1,Direct,7,0,2,-1
US,35,1,Seo,4,0,0,4
China,26,1,Seo,5,0,2,1
China,42,0,Seo,3,0,0,-1
US,46,1,Seo,6,0,0,-1
US,40,0,Seo,3,0,0,-1
China,42,1,Ads,1,0,0,-1
China,21,1,Seo,3,0,2,6
US,21,1,Seo,11,0,1,-1
US,33,0,Ads,3,0,0,6
US,36,1,Direct,1,0,0,5
China,36,1,Seo,4,0,0,4
China,48,1,Ads,3,0,0,-1
UK,48,1,Seo,7,0,0,-1
US,28,0,Seo,5,0,2,1
China,25,1,Direct,3,0,2,6
US,19,1,Seo,1,0,2,5
China,30,1,Seo,3,0,2,6
US,37,1,Ads,10,0,1,-1
US,29,0,Ads,16,1,1,-1
US,34,1,Direct,5,0,0,1
US,32,1,Ads,1,0,2,5
Germany,22,0,Direct,7,0,2,-1
US,36,1,Seo,4,0,0,4
US,18,1,Seo,3,0,2,6
US,22,1,Direct,3,0,2,6
US,45,1,Direct,7,0,0,-1
China,33,1,Direct,6,0,0,3
US,28,1,Ads,8,0,1,-1
US,23,0,Ads,4,0,2,4
US,22,1,Seo,9,0,1,-1
China,25,1,Seo,4,0,2,4
UK,20,1,Seo,3,0,2,6
China,31,1,Seo,2,0,2,2
China,25,1,Ads,4,0,2,4
US,28,1,Direct,3,0,2,6
UK,36,1,Seo,3,0,0,6
US,26,1,Ads,6,0,2,3
US,30,1,Seo,6,0,2,3
US,37,1,Ads,1,0,0,5
US,28,0,Ads,1,0,2,5
US,39,0,Seo,2,0,0,2
China,19,0,Seo,2,0,2,2
US,45,1,Seo,4,0,0,-1
China,21,1,Direct,3,0,2,6
China,45,1,Ads,8,0,0,-1
China,22,1,Ads,6,0,2,3
US,19,1,Direct,4,0,2,4
US,29,0,Seo,1,0,2,5
China,38,1,Direct,6,0,0,-1
US,34,1,Ads,7,0,0,-1
US,22,1,Seo,1,0,2,5
US,32,0,Direct,4,0,0,4
US,37,0,Ads,7,0,0,-1
China,36,1,Seo,3,0,0,6
Germany,31,0,Seo,4,0,2,4
China,28,1,Seo,6,0,2,3
US,21,1,Seo,1,0,2,5
UK,34,1,Direct,8,0,1,-1
UK,29,0,Direct,2,0,2,2
China,22,1,Ads,10,0,1,-1
China,26,1,Seo,1,0,2,5
Germany,41,1,Ads,15,1,1,-1
US,31,1,Seo,1,0,2,5
China,39,0,Ads,7,0,0,-1
US,31,1,Ads,6,0,2,3
Germany,33,1,Ads,9,0,1,-1
US,35,1,Ads,4,0,0,4
China,49,0,Ads,4,0,0,-1
US,24,1,Ads,5,0,2,1
China,26,1,Ads,2,0,2,2
US,24,1,Direct,3,0,2,6
US,42,1,Ads,4,0,0,-1
US,26,0,Seo,5,1,2,1
US,34,1,Seo,3,0,0,6
US,21,0,Direct,5,0,2,1
China,17,1,Direct,2,0,2,2
UK,38,0,Seo,21,1,1,-1
US,25,1,Direct,4,0,2,4
US,30,1,Ads,14,0,1,-1
UK,37,0,Ads,6,0,0,3
China,20,1,Seo,9,0,1,-1
China,22,0,Seo,3,0,2,6
US,30,1,Direct,6,0,2,3
UK,17,1,Seo,1,0,2,-1
US,32,1,Seo,5,0,0,1
US,33,1,Seo,13,0,1,-1
US,19,1,Seo,3,0,2,6
UK,30,0,Seo,1,0,2,5
UK,38,0,Ads,4,0,0,4
US,30,1,Seo,4,0,2,4
China,34,0,Seo,3,0,0,6
UK,31,0,Direct,10,0,1,-1
US,31,1,Direct,5,0,2,1
US,22,0,Seo,5,0,2,1
US,36,1,Seo,10,0,1,-1
US,21,1,Seo,4,0,2,4
US,36,1,Seo,3,0,0,6
US,27,1,Seo,1,0,2,5
China,17,1,Seo,7,0,2,-1
US,27,1,Seo,2,0,2,2
US,31,1,Seo,4,0,2,4
US,25,0,Ads,4,0,2,4
US,33,1,Ads,2,0,0,2
China,27,1,Seo,8,0,1,-1
China,42,1,Ads,3,0,0,-1
China,44,1,Seo,6,0,0,-1
China,22,0,Direct,6,0,2,3
US,21,1,Ads,6,0,2,-1
China,28,1,Ads,1,0,2,5
US,36,1,Seo,5,0,0,1
UK,23,1,Ads,2,0,2,2
US,27,0,Direct,7,0,1,0
US,22,1,Direct,2,0,2,2
China,28,1,Direct,12,0,1,-1
US,30,0,Ads,3,0,2,6
US,27,1,Seo,3,0,2,6
US,24,0,Direct,6,0,2,3
China,38,1,Direct,5,0,0,1
UK,18,1,Seo,9,0,1,-1
Germany,32,0,Seo,9,0,1,-1
US,38,1,Direct,1,0,0,5
China,28,1,Ads,3,0,2,6
US,31,1,Ads,2,0,2,2
US,19,1,Ads,3,0,2,6
US,35,1,Ads,3,0,0,6
UK,20,1,Seo,5,0,2,1
US,25,0,Seo,3,0,2,6
US,32,1,Ads,2,0,2,2
UK,29,0,Direct,2,0,2,2
US,41,1,Seo,4,0,0,-1
UK,29,1,Ads,3,0,2,6
UK,28,1,Ads,6,0,2,3
US,26,0,Seo,18,1,1,-1
China,38,1,Direct,7,0,0,-1
China,38,1,Seo,1,0,0,5
China,33,1,Ads,1,0,0,5
Germany,44,1,Ads,3,0,0,-1
US,36,1,Direct,5,0,0,1
US,21,0,Seo,5,0,2,1
US,36,1,Ads,1,0,0,5
UK,26,1,Seo,9,1,1,-1
US,25,1,Ads,1,0,2,5
UK,43,1,Direct,6,0,0,-1
China,37,1,Direct,9,0,1,-1
China,19,1,Seo,5,0,2,1
China,28,0,Seo,6,0,2,3
US,37,1,Seo,1,0,0,5
US,27,1,Direct,6,0,2,3
China,27,1,Seo,3,0,2,6
China,23,1,Seo,5,0,2,1
UK,31,1,Seo,2,0,2,2
US,22,1,Seo,1,0,2,5
US,40,0,Seo,4,0,0,4
China,37,0,Ads,2,0,0,2
US,24,1,Seo,1,0,2,5
China,26,1,Seo,4,0,2,4
UK,35,0,Ads,5,0,0,1
US,43,0,Seo,3,0,0,-1
US,32,1,Ads,2,0,2,2
US,49,1,Seo,8,0,0,-1
US,19,0,Seo,10,1,1,-1
US,37,1,Seo,6,0,0,3
US,34,0,Ads,6,0,0,3
US,38,1,Direct,2,0,0,2
US,23,1,Direct,4,0,2,4
US,29,1,Ads,6,0,2,3
China,23,1,Ads,9,0,1,-1
China,19,0,Direct,10,0,1,-1
US,41,1,Seo,8,0,0,-1
UK,32,1,Seo,5,0,0,1
Germany,37,0,Seo,7,0,0,-1
US,33,1,Seo,3,0,0,6
US,28,0,Seo,4,0,2,4
US,24,1,Seo,1,0,2,5
US,27,1,Seo,5,0,2,1
US,22,1,Seo,5,0,2,1
US,35,0,Seo,5,0,0,1
US,19,1,Seo,7,0,2,-1
US,37,1,Seo,6,0,0,3
US,42,0,Seo,6,0,0,-1
US,29,0,Seo,8,0,1,-1
US,35,1,Direct,4,0,0,4
US,30,1,Ads,3,0,2,6
US,45,0,Seo,9,0,0,-1
US,35,0,Seo,14,1,1,-1
China,30,0,Seo,6,0,2,3
US,47,1,Ads,2,0,0,-1
US,27,0,Seo,7,0,1,0
UK,37,1,Direct,3,0,0,6
US,34,1,Seo,3,0,0,6
Germany,30,1,Seo,3,0,2,6
UK,29,0,Seo,2,0,2,2
US,36,0,Seo,5,0,0,1
China,34,1,Seo,3,0,0,6
US,48,1,Seo,1,0,0,-1
UK,19,1,Ads,2,0,2,2
US,38,1,Seo,2,0,0,2
US,28,1,Direct,1,0,2,5
US,28,0,Ads,5,0,2,1
US,20,1,Seo,9,0,1,-1
US,40,0,Direct,9,0,1,-1
China,18,0,Direct,6,0,2,-1
UK,30,1,Seo,1,0,2,5
US,17,1,Ads,8,0,1,-1
US,20,1,Seo,3,0,2,6
US,21,0,Ads,7,0,2,-1
US,30,1,Seo,2,0,2,2
US,32,1,Seo,6,0,0,3
US,26,0,Seo,5,0,2,1
China,33,1,Seo,3,0,0,6
UK,28,1,Seo,4,0,2,4
UK,28,1,Seo,4,0,2,4
UK,27,1,Ads,11,0,1,-1
Germany,26,0,Seo,15,1,1,-1
China,29,1,Seo,1,0,2,5
US,25,1,Direct,1,0,2,5
US,22,0,Direct,4,0,2,4
US,23,0,Ads,5,0,2,1
US,25,1,Direct,4,0,2,4
China,18,1,Direct,6,0,2,-1
UK,22,1,Seo,8,0,1,-1
US,34,0,Seo,6,0,0,3
US,42,1,Seo,7,0,0,-1
China,37,1,Seo,1,0,0,5
UK,20,1,Seo,3,0,2,6
UK,35,1,Direct,7,0,0,-1
US,26,0,Seo,1,0,2,5
US,26,1,Ads,5,0,2,1
China,32,0,Direct,4,0,0,4
China,22,1,Seo,4,0,2,4
US,44,1,Seo,10,0,1,-1
US,27,0,Ads,4,0,2,4
UK,32,0,Seo,6,0,0,3
US,34,0,Ads,6,0,0,3
US,26,1,Seo,11,0,1,-1
China,19,1,Ads,2,0,2,2
US,35,1,Ads,6,0,0,3
US,26,1,Ads,5,0,2,1
US,21,1,Ads,1,0,2,5
US,34,1,Direct,1,0,0,5
UK,27,1,Seo,6,0,2,3
US,35,1,Direct,4,0,0,4
UK,46,1,Direct,3,0,0,-1
US,34,1,Seo,8,0,1,-1
US,20,0,Direct,5,0,2,1
China,26,0,Direct,1,0,2,5
US,36,0,Seo,3,0,0,6
US,30,0,Seo,2,0,2,2
UK,19,0,Seo,14,1,1,-1
US,55,1,Seo,2,0,0,-1
US,26,1,Seo,6,0,2,3
UK,28,1,Ads,13,0,1,-1
UK,30,0,Direct,2,0,2,2
China,32,0,Seo,8,0,1,-1
China,22,1,Direct,2,0,2,2
UK,30,1,Seo,7,0,1,0
UK,29,1,Seo,7,0,1,0
US,18,1,Seo,4,0,2,4
China,32,1,Seo,7,0,1,0
China,38,1,Ads,4,0,0,4
UK,38,1,Direct,3,0,0,6
US,24,0,Ads,9,0,1,-1
US,33,0,Direct,2,0,0,2
China,23,1,Seo,7,0,2,-1
US,27,1,Ads,9,0,1,-1
China,24,1,Seo,2,0,2,2
China,26,1,Seo,4,0,2,4
UK,20,1,Ads,1,0,2,5
China,44,1,Direct,8,0,0,-1
China,29,0,Seo,12,0,1,-1
US,40,1,Direct,4,0,0,4
China,21,0,Seo,10,0,1,-1
US,20,0,Ads,3,0,2,6
US,27,1,Direct,2,0,2,2
Germany,28,0,Direct,2,0,2,2
China,28,1,Seo,1,0,2,5
UK,27,1,Seo,2,0,2,2
US,26,1,Seo,6,0,2,3
Germany,29,1,Direct,3,0,2,6
US,18,0,Seo,7,0,2,-1
US,37,0,Direct,4,0,0,4
China,29,1,Ads,6,0,2,3
US,26,1,Ads,7,0,1,0
UK,28,0,Seo,6,0,2,3
China,29,1,Seo,8,0,1,-1
US,23,1,Seo,9,0,1,-1
US,20,1,Direct,4,0,2,4
US,26,0,Seo,9,0,1,-1
US,30,1,Seo,8,0,1,-1
US,37,0,Seo,7,0,0,-1
US,27,1,Direct,3,0,2,6
UK,42,0,Seo,4,0,0,-1
Germany,26,1,Ads,3,0,2,6
China,30,0,Seo,1,0,2,5
China,22,1,Direct,12,0,1,-1
China,28,0,Direct,7,0,1,0
US,32,1,Seo,3,0,2,6
UK,26,0,Direct,5,0,2,1
US,32,1,Seo,8,0,1,-1
UK,26,1,Direct,20,1,1,-1
US,35,1,Direct,6,0,0,3
China,21,1,Direct,7,0,2,-1
China,21,0,Seo,5,0,2,1
US,25,1,Direct,1,0,2,5
US,42,1,Seo,9,0,0,-1
US,32,0,Seo,7,0,1,0
US,34,1,Ads,12,0,1,-1
Germany,30,0,Seo,6,0,2,3
US,28,1,Direct,1,0,2,5
US,56,1,Seo,3,0,0,-1
US,37,1,Seo,3,0,0,6
UK,46,0,Seo,1,0,0,-1
China,40,1,Ads,4,0,0,4
China,24,1,Ads,3,0,2,6
China,25,0,Seo,1,0,2,5
US,38,1,Ads,8,0,0,-1
US,21,1,Ads,21,1,1,-1
US,35,1,Seo,2,0,0,2
China,28,1,Seo,6,0,2,3
China,40,0,Ads,2,0,0,2
China,45,1,Direct,3,0,0,-1
US,40,0,Seo,2,0,0,2
US,24,1,Ads,3,0,2,6
US,30,1,Seo,5,0,2,1
US,21,0,Ads,18,1,1,-1
China,44,0,Seo,9,0,0,-1
US,37,1,Ads,4,0,0,4
UK,34,1,Ads,2,0,0,2
US,46,0,Ads,1,0,0,-1
US,39,1,Seo,7,0,0,-1
UK,17,1,Seo,13,1,1,-1
UK,30,1,Seo,4,0,2,4
UK,38,0,Ads,8,0,0,-1
US,20,0,Seo,12,0,1,-1
China,26,1,Seo,6,0,2,3
US,24,0,Seo,2,0,2,2
UK,36,0,Ads,1,0,0,5
US,19,0,Ads,2,0,2,2
UK,19,1,Direct,8,0,1,-1
US,25,1,Seo,9,0,1,-1
UK,25,0,Seo,11,0,1,-1
China,39,1,Seo,2,0,0,2
US,28,0,Direct,8,0,1,-1
China,40,1,Ads,6,0,0,-1
US,38,1,Seo,1,0,0,5
US,45,1,Ads,1,0,0,-1
Germany,36,0,Ads,8,0,1,-1
US,38,0,Seo,9,0,1,-1
US,22,0,Ads,7,0,2,-1
US,33,1,Seo,5,0,0,1
US,30,1,Direct,6,0,2,3
US,42,1,Ads,8,0,0,-1
UK,23,0,Direct,14,1,1,-1
US,32,1,Seo,8,0,1,-1
China,31,0,Ads,11,0,1,-1
US,26,0,Direct,3,0,2,6
US,32,0,Ads,3,0,2,6
China,29,1,Seo,12,0,1,-1
China,35,1,Direct,7,0,0,-1
US,35,1,Seo,1,0,0,5
US,23,0,Ads,1,0,2,5
US,46,0,Seo,4,0,0,-1
US,32,1,Direct,7,0,1,0
US,32,1,Direct,5,0,0,1
US,33,1,Seo,7,0,1,0
US,24,1,Seo,7,0,1,-1
US,25,1,Ads,3,0,2,6
US,26,0,Direct,1,0,2,5
US,27,0,Seo,15,1,1,-1
US,34,0,Seo,3,0,0,6
US,38,1,Direct,2,0,0,2
Germany,41,1,Ads,2,0,0,2
US,36,1,Ads,1,0,0,5
UK,34,1,Direct,2,0,0,2
US,31,1,Ads,3,0,2,6
US,32,1,Direct,3,0,2,6
China,38,1,Seo,1,0,0,5
Germany,28,0,Ads,18,1,1,-1
US,30,1,Ads,4,0,2,4
UK,45,1,Ads,12,0,1,-1
US,25,0,Ads,4,0,2,4
China,33,1,Ads,2,0,0,2
US,21,1,Seo,18,1,1,-1
UK,29,1,Seo,1,0,2,5
US,37,1,Seo,4,0,0,4
US,30,0,Seo,6,0,2,3
UK,22,1,Seo,3,0,2,6
US,21,1,Ads,2,0,2,2
US,32,1,Seo,6,0,0,3
UK,23,1,Direct,3,0,2,6
US,42,1,Ads,7,0,0,-1
US,37,1,Seo,11,0,1,-1
US,28,1,Ads,11,0,1,-1
US,22,0,Ads,1,0,2,5
US,20,1,Seo,2,0,2,2
US,45,1,Seo,6,0,0,-1
China,32,1,Seo,6,0,0,3
US,18,0,Seo,16,1,1,-1
China,36,1,Seo,2,0,0,2
US,23,1,Seo,6,0,2,3
China,29,1,Seo,1,0,2,5
US,32,1,Seo,2,0,2,2
US,22,1,Seo,7,0,2,-1
US,26,1,Ads,6,0,2,3
US,21,1,Ads,1,0,2,5
US,31,0,Seo,19,1,1,-1
US,20,0,Seo,11,0,1,-1
US,18,0,Direct,5,0,2,-1
US,19,1,Seo,1,0,2,5
US,21,0,Seo,4,0,2,4
US,43,1,Ads,5,0,0,-1
US,25,1,Seo,6,0,2,3
US,35,0,Seo,3,0,0,6
US,27,0,Ads,5,0,2,1
US,28,1,Ads,1,0,2,5
US,20,1,Seo,3,0,2,6
UK,33,1,Ads,8,0,1,-1
China,46,1,Ads,6,0,0,-1
US,37,1,Direct,7,0,0,-1
China,42,0,Ads,13,0,1,-1
China,25,1,Ads,1,0,2,5
US,31,1,Direct,13,0,1,-1
UK,42,1,Direct,1,0,0,-1
UK,17,0,Ads,4,0,2,-1
US,26,0,Seo,6,0,2,3
US,33,0,Direct,3,0,0,6
China,41,1,Direct,2,0,0,2
US,19,1,Seo,5,0,2,1
US,32,1,Direct,5,0,0,1
US,23,0,Seo,5,0,2,1
US,31,0,Ads,15,1,1,-1
US,17,1,Direct,6,0,2,-1
US,28,1,Direct,10,0,1,-1
US,30,0,Seo,1,0,2,5
US,18,1,Ads,11,0,1,-1
US,26,1,Ads,3,0,2,6
China,35,1,Direct,1,0,0,5
China,19,1,Seo,3,0,2,6
UK,44,1,Direct,5,0,0,-1
US,25,0,Ads,10,0,1,-1
US,44,1,Direct,1,0,0,-1
China,17,1,Ads,6,0,2,-1
Germany,31,1,Seo,5,0,2,1
China,31,1,Direct,8,0,1,-1
China,32,1,Ads,6,0,0,3
US,19,1,Seo,1,0,2,5
China,21,0,Seo,5,0,2,1
China,23,1,Direct,8,0,1,-1
China,35,0,Direct,1,0,0,5
US,46,0,Seo,8,0,0,-1
US,22,1,Seo,5,0,2,1
US,37,0,Ads,6,0,0,3
China,33,0,Ads,6,0,0,3
US,27,0,Seo,7,0,1,0
China,25,0,Direct,3,0,2,6
US,33,1,Ads,13,0,1,-1
US,44,0,Ads,3,0,0,-1
US,28,1,Ads,11,0,1,-1
Germany,38,1,Direct,1,0,0,5
US,28,1,Ads,2,0,2,2
US,27,1,Ads,4,0,2,4
US,35,1,Ads,5,0,0,1
US,18,1,Seo,4,0,2,4
US,34,0,Ads,9,0,1,-1
China,27,1,Ads,2,0,2,2
US,26,1,Ads,11,1,1,-1
Germany,29,1,Ads,9,0,1,-1
US,27,1,Seo,2,0,2,2
China,41,1,Direct,1,0,0,-1
US,29,1,Seo,3,0,2,6
US,28,1,Seo,3,0,2,6
China,32,1,Seo,1,0,2,5
US,22,1,Direct,1,0,2,5
China,30,1,Ads,2,0,2,2
US,23,0,Ads,4,0,2,4
China,29,1,Seo,1,0,2,5
US,34,1,Seo,8,0,1,-1
US,36,0,Ads,3,0,0,6
US,28,0,Ads,2,0,2,2
US,39,1,Direct,3,0,0,6
US,24,1,Seo,4,0,2,4
UK,29,0,Seo,1,0,2,5
China,35,1,Ads,6,0,0,3
US,27,1,Ads,8,0,1,-1
China,36,1,Ads,4,0,0,4
UK,41,0,Direct,2,0,0,2
US,46,0,Direct,9,0,0,-1
US,28,1,Seo,3,0,2,6
US,39,1,Seo,9,0,1,-1
China,49,1,Direct,1,0,0,-1
US,38,1,Seo,1,0,0,5
US,44,0,Direct,10,0,1,-1
US,17,1,Ads,5,0,2,-1
US,33,1,Seo,9,0,1,-1
China,41,1,Seo,3,0,0,-1
China,35,1,Seo,6,0,0,3
China,40,1,Seo,11,0,1,-1
Germany,20,1,Seo,3,0,2,6
UK,20,1,Direct,9,0,1,-1
US,18,1,Seo,14,0,1,-1
US,24,1,Seo,3,0,2,6
UK,31,1,Direct,5,0,2,1
China,32,0,Seo,7,0,1,0
US,30,0,Direct,8,0,1,-1
UK,31,1,Direct,5,0,2,1
US,35,1,Direct,3,0,0,6
US,41,1,Seo,3,0,0,-1
US,42,1,Seo,2,0,0,2
US,22,0,Ads,4,0,2,4
US,18,1,Ads,12,0,1,-1
UK,31,1,Direct,4,0,2,4
China,30,1,Seo,2,0,2,2
US,38,0,Seo,2,0,0,2
US,46,1,Seo,2,0,0,-1
US,39,1,Ads,9,0,1,-1
US,22,1,Ads,3,0,2,6
US,29,1,Direct,4,0,2,4
US,28,1,Seo,5,0,2,1
US,41,0,Seo,2,0,0,2
China,30,1,Direct,2,0,2,2
China,26,1,Seo,9,0,1,-1
China,24,0,Seo,1,0,2,5
US,21,1,Ads,5,0,2,1
UK,40,0,Seo,13,1,1,-1
China,29,1,Direct,5,0,2,1
US,38,1,Ads,2,0,0,2
UK,31,0,Seo,4,0,2,4
UK,17,1,Seo,1,0,2,-1
China,18,1,Direct,7,0,2,-1
US,25,1,Ads,7,0,1,0
China,43,1,Ads,1,0,0,-1
US,23,1,Ads,8,0,1,-1
Germany,25,1,Seo,4,0,2,4
US,40,1,Seo,4,0,0,4
US,41,1,Seo,2,0,0,2
China,36,1,Seo,2,0,0,2
US,50,1,Ads,9,0,0,-1
UK,22,1,Direct,4,0,2,4
China,24,1,Direct,2,0,2,2
US,27,0,Ads,1,0,2,5
UK,33,1,Direct,5,0,0,1
US,43,1,Direct,4,0,0,-1
US,29,1,Direct,13,1,1,-1
UK,25,1,Ads,7,0,1,0
US,32,1,Ads,7,0,1,0
US,29,1,Seo,2,0,2,2
US,40,1,Direct,1,0,0,5
US,20,1,Seo,5,0,2,1
UK,20,0,Seo,7,0,2,-1
US,32,1,Seo,9,0,1,-1
US,38,1,Direct,4,0,0,4
US,33,0,Direct,7,0,1,0
US,20,0,Ads,16,1,1,-1
US,19,1,Direct,2,0,2,2
US,30,0,Direct,10,0,1,-1
UK,35,0,Seo,1,0,0,5
UK,24,1,Ads,8,0,1,-1
US,20,0,Direct,2,0,2,2
US,27,1,Seo,6,0,2,3
US,38,0,Ads,2,0,0,2
US,31,1,Seo,14,0,1,-1
UK,30,1,Seo,9,0,1,-1
US,40,1,Seo,3,0,0,-1
US,33,0,Direct,3,0,0,6
US,38,1,Ads,12,0,1,-1
China,35,1,Direct,3,0,0,6
US,34,1,Seo,7,0,0,-1
US,22,0,Seo,7,0,2,-1
China,19,1,Seo,7,0,2,-1
US,20,0,Direct,5,0,2,1
Germany,30,1,Seo,4,0,2,4
UK,50,1,Direct,12,0,1,-1
UK,23,0,Ads,2,0,2,2
UK,35,0,Seo,9,0,1,-1
China,38,1,Ads,10,0,1,-1
US,37,1,Seo,4,0,0,4
US,17,0,Ads,1,0,2,-1
US,32,0,Seo,3,0,2,6
China,48,1,Seo,4,0,0,-1
US,35,0,Seo,3,0,0,6
US,25,1,Seo,3,0,2,6
US,21,0,Ads,3,0,2,6
US,45,1,Seo,6,0,0,-1
US,45,1,Direct,1,0,0,-1
China,23,1,Seo,2,0,2,2
US,24,1,Ads,5,0,2,1
UK,38,1,Ads,3,0,0,6
China,40,1,Seo,4,0,0,4
China,18,1,Seo,1,0,2,5
China,29,1,Seo,2,0,2,2
US,23,1,Ads,10,0,1,-1
US,21,0,Direct,4,0,2,4
UK,26,1,Direct,7,0,1,0
US,34,1,Ads,5,0,0,1
US,26,1,Seo,9,0,1,-1
UK,42,0,Ads,6,0,0,-1
US,17,0,Direct,2,0,2,2
China,31,1,Seo,4,0,2,4
US,25,1,Ads,3,0,2,6
US,19,1,Direct,1,0,2,5
US,42,1,Seo,2,0,0,2
China,49,1,Seo,6,0,0,-1
China,17,1,Ads,2,0,2,2
US,24,0,Seo,2,0,2,2
UK,21,1,Ads,4,0,2,4
US,32,1,Ads,6,0,0,3
UK,37,1,Seo,11,0,1,-1
Germany,30,0,Direct,5,0,2,1
China,32,0,Seo,2,0,2,2
China,33,1,Seo,2,0,0,2
China,36,1,Seo,5,0,0,1
China,21,1,Ads,5,0,2,1
US,45,1,Direct,5,0,0,-1
US,40,1,Seo,2,0,0,2
US,20,1,Seo,8,0,1,-1
China,49,0,Seo,5,0,0,-1
US,22,0,Ads,4,0,2,4
US,35,0,Ads,3,0,0,6
US,22,1,Direct,2,0,2,2
UK,45,1,Seo,2,0,0,-1
China,29,1,Ads,1,0,2,5
US,34,1,Seo,6,0,0,3
US,25,1,Seo,11,0,1,-1
US,45,0,Direct,9,0,0,-1
China,27,1,Ads,1,0,2,5
China,56,1,Ads,4,0,0,-1
US,28,1,Ads,1,0,2,5
China,41,1,Seo,10,0,1,-1
UK,51,1,Seo,2,0,0,-1
US,30,0,Seo,8,0,1,-1
China,32,1,Seo,4,0,0,4
US,34,1,Seo,4,0,0,4
UK,25,1,Direct,6,0,2,3
US,27,1,Ads,1,0,2,5
UK,25,0,Seo,2,0,2,2
China,45,0,Ads,2,0,0,-1
China,35,1,Seo,4,0,0,4
US,31,1,Ads,6,0,2,3
US,39,1,Seo,4,0,0,4
UK,44,1,Seo,7,0,0,-1
US,42,0,Seo,6,0,0,-1
US,39,0,Direct,5,0,0,-1
US,27,0,Ads,4,0,2,4
UK,19,0,Direct,11,1,1,-1
UK,40,1,Direct,6,0,0,-1
UK,45,1,Seo,5,0,0,-1
Germany,41,1,Ads,1,0,0,-1
US,35,1,Seo,5,0,0,1
US,42,0,Seo,6,0,0,-1
China,44,1,Direct,2,0,0,-1
China,26,0,Seo,2,0,2,2
Germany,38,0,Direct,3,0,0,6
US,21,0,Seo,2,0,2,2
US,28,1,Ads,10,0,1,-1
US,23,0,Seo,2,0,2,2
China,25,1,Seo,3,0,2,6
China,40,1,Seo,7,0,0,-1
US,26,1,Direct,4,0,2,4
US,42,1,Seo,6,0,0,-1
China,26,1,Seo,3,0,2,6
UK,28,1,Seo,1,0,2,5
China,26,1,Seo,7,0,1,0
US,25,1,Seo,6,0,2,3
US,31,1,Direct,18,1,1,-1
UK,25,1,Ads,11,0,1,-1
US,17,1,Direct,4,0,2,-1
US,40,1,Seo,4,0,0,4
China,40,1,Seo,8,0,0,-1
US,29,0,Ads,6,0,2,3
US,43,1,Ads,11,0,1,-1
UK,23,1,Ads,3,0,2,6
US,23,1,Direct,3,0,2,6
UK,29,1,Direct,11,0,1,-1
UK,23,0,Ads,8,0,1,-1
US,33,1,Seo,1,0,0,5
China,21,1,Ads,4,0,2,4
US,48,0,Direct,6,0,0,-1
China,42,1,Direct,4,0,0,-1
China,36,0,Seo,2,0,0,2
China,29,1,Seo,6,0,2,3
US,27,1,Seo,6,0,2,3
China,18,0,Direct,10,0,1,-1
US,33,1,Seo,4,0,0,4
Germany,19,1,Seo,2,0,2,2
US,28,0,Ads,1,0,2,5
US,27,1,Seo,9,0,1,-1
UK,18,1,Direct,5,0,2,-1
Germany,29,0,Direct,3,0,2,6
China,29,1,Ads,3,0,2,6
China,42,1,Direct,6,0,0,-1
China,29,1,Ads,6,0,2,3
China,25,1,Ads,5,0,2,1
US,29,1,Direct,6,0,2,3
US,31,1,Direct,9,0,1,-1
US,53,0,Direct,9,0,0,-1
China,26,0,Seo,1,0,2,5
Germany,22,1,Ads,5,0,2,1
China,29,1,Seo,3,0,2,6
China,51,1,Seo,1,0,0,-1
US,17,1,Seo,7,0,2,-1
Germany,22,1,Direct,5,0,2,1
US,32,1,Seo,6,0,0,3
US,47,0,Direct,11,0,1,-1
China,21,1,Seo,2,0,2,2
US,41,1,Seo,2,0,0,2
UK,19,0,Seo,3,0,2,6
UK,25,1,Direct,7,0,1,0
UK,22,1,Seo,7,0,2,-1
China,28,0,Seo,4,0,2,4
UK,26,0,Seo,4,0,2,4
US,33,1,Direct,7,0,1,0
US,33,1,Ads,3,0,0,6
US,30,1,Direct,3,0,2,6
US,41,0,Direct,10,0,1,-1
US,21,1,Seo,7,0,2,-1
China,29,0,Direct,6,0,2,3
US,27,0,Seo,7,0,1,0
Germany,23,1,Ads,1,0,2,5
China,26,1,Seo,1,0,2,5
UK,30,0,Ads,2,0,2,2
US,24,0,Ads,3,0,2,6
US,24,1,Direct,2,0,2,2
UK,22,1,Seo,4,0,2,4
US,19,1,Seo,6,0,2,-1
US,17,0,Seo,8,0,1,-1
US,34,1,Ads,5,0,0,1
Germany,30,1,Seo,5,0,2,1
US,47,1,Seo,2,0,0,-1
US,54,1,Seo,1,0,0,-1
China,27,1,Seo,3,0,2,6
UK,20,1,Direct,6,0,2,-1
US,45,0,Seo,2,0,0,-1
China,23,1,Direct,5,0,2,1
China,21,1,Ads,6,0,2,-1
China,31,0,Seo,7,0,1,0
US,43,0,Seo,9,0,0,-1
US,31,1,Direct,2,0,2,2
US,22,1,Seo,3,0,2,6
China,25,1,Ads,15,0,1,-1
US,17,0,Direct,2,0,2,2
US,39,1,Seo,2,0,0,2
China,57,1,Ads,4,0,0,-1
US,18,1,Seo,1,0,2,5
China,34,0,Ads,2,0,0,2
China,44,1,Seo,8,0,0,-1
China,29,0,Seo,6,0,2,3
US,34,0,Ads,4,0,0,4
UK,28,1,Seo,6,0,2,3
US,32,1,Ads,3,0,2,6
US,19,0,Seo,6,0,2,-1
US,36,1,Direct,6,0,0,3
China,37,1,Direct,6,0,0,3
China,35,1,Ads,4,0,0,4
US,31,1,Seo,2,0,2,2
US,32,1,Ads,3,0,2,6
China,27,0,Seo,4,0,2,4
US,37,0,Direct,9,0,1,-1
US,40,1,Ads,6,0,0,-1
China,27,0,Direct,5,0,2,1
US,29,0,Direct,2,0,2,2
China,45,1,Ads,4,0,0,-1
US,30,0,Seo,1,0,2,5
China,41,1,Ads,1,0,0,-1
US,37,1,Seo,6,0,0,3
UK,39,1,Seo,7,0,0,-1
US,36,1,Direct,5,0,0,1
US,38,1,Seo,4,0,0,4
US,27,1,Seo,5,0,2,1
UK,17,1,Ads,7,0,2,-1
US,28,0,Ads,16,1,1,-1
China,26,1,Direct,11,0,1,-1
US,22,1,Seo,7,0,2,-1
Germany,23,0,Ads,2,0,2,2
UK,32,1,Direct,7,0,1,0
US,25,1,Ads,6,0,2,3
US,24,1,Direct,1,0,2,5
US,23,1,Seo,1,0,2,5
UK,31,1,Seo,1,0,2,5
US,44,1,Seo,1,0,0,-1
China,21,1,Seo,1,0,2,5
UK,24,0,Seo,1,0,2,5
US,44,1,Seo,2,0,0,-1
US,38,0,Seo,9,0,1,-1
UK,33,1,Seo,1,0,0,5
US,31,1,Ads,4,0,2,4
China,20,1,Ads,2,0,2,2
US,18,1,Seo,5,0,2,-1
US,26,1,Ads,11,0,1,-1
US,22,0,Seo,3,0,2,6
UK,31,1,Direct,7,0,1,0
China,41,1,Direct,1,0,0,-1
US,31,0,Direct,6,0,2,3
US,28,0,Seo,6,0,2,3
China,28,1,Direct,8,0,1,-1
China,25,1,Direct,3,0,2,6
US,37,1,Ads,1,0,0,5
China,24,1,Ads,3,0,2,6
US,33,0,Seo,3,0,0,6
US,29,1,Direct,8,0,1,-1
US,23,0,Direct,11,0,1,-1
UK,41,0,Direct,1,0,0,-1
US,28,0,Seo,6,0,2,3
US,22,0,Direct,18,1,1,-1
China,17,0,Seo,3,0,2,-1
US,29,0,Seo,10,0,1,-1
UK,25,0,Seo,4,0,2,4
China,26,1,Direct,7,0,1,0
US,26,0,Ads,2,0,2,2
US,19,1,Ads,5,0,2,1
US,18,0,Direct,5,0,2,-1
US,32,0,Seo,12,0,1,-1
US,24,1,Direct,1,0,2,5
China,27,0,Direct,2,0,2,2
US,23,1,Ads,1,0,2,5
US,18,1,Ads,10,0,1,-1
US,27,1,Seo,4,0,2,4
US,30,0,Seo,10,0,1,-1
China,25,1,Direct,2,0,2,2
Germany,58,1,Seo,8,0,0,-1
US,35,1,Ads,5,0,0,1
UK,27,1,Direct,7,0,1,0
China,39,1,Seo,1,0,0,5
China,44,1,Seo,7,0,0,-1
US,28,1,Seo,4,0,2,4
US,25,1,Seo,3,0,2,6
US,32,0,Ads,8,0,1,-1
US,33,0,Seo,9,0,1,-1
UK,31,0,Ads,6,0,2,3
US,38,0,Seo,2,0,0,2
China,28,1,Direct,10,0,1,-1
China,29,1,Ads,3,0,2,6
US,23,1,Direct,2,0,2,2
US,29,1,Direct,8,0,1,-1
China,29,1,Direct,4,0,2,4
Germany,23,1,Seo,4,0,2,4
US,19,1,Direct,3,0,2,6
UK,50,1,Seo,9,0,0,-1
US,23,1,Direct,12,0,1,-1
US,19,0,Seo,2,0,2,2
UK,20,0,Ads,2,0,2,2
US,21,0,Direct,13,0,1,-1
US,33,1,Direct,2,0,0,2
China,20,1,Seo,2,0,2,2
China,23,1,Seo,7,0,2,-1
US,33,1,Seo,2,0,0,2
China,18,1,Seo,2,0,2,2
UK,20,1,Seo,9,0,1,-1
UK,35,0,Ads,4,0,0,4
US,20,0,Direct,4,0,2,4
UK,29,1,Seo,6,0,2,3
Germany,33,1,Ads,11,0,1,-1
US,20,1,Seo,6,0,2,-1
US,30,1,Direct,6,0,2,3
UK,20,0,Ads,5,0,2,1
China,50,1,Seo,6,0,0,-1
UK,26,0,Seo,8,1,1,-1
US,34,0,Seo,12,0,1,-1
China,44,1,Seo,12,0,1,-1
US,28,0,Seo,1,0,2,5
UK,27,0,Direct,4,0,2,4
China,40,0,Seo,3,0,0,-1
China,44,1,Direct,5,0,0,-1
US,26,0,Ads,7,0,1,0
US,30,1,Ads,3,0,2,6
China,19,0,Seo,3,0,2,6
US,34,1,Ads,4,0,0,4
China,34,0,Ads,7,0,0,-1
US,19,1,Ads,2,0,2,2
China,27,1,Seo,9,0,1,-1
US,28,0,Ads,4,0,2,4
China,35,1,Ads,3,0,0,6
UK,29,1,Ads,7,0,1,0
US,34,1,Seo,8,0,1,-1
US,40,1,Seo,2,0,0,2
UK,34,1,Ads,1,0,0,5
China,37,1,Seo,6,0,0,3
UK,34,1,Direct,3,0,0,6
US,27,1,Seo,6,0,2,3
US,49,1,Direct,8,0,0,-1
US,23,1,Direct,5,0,2,1
UK,25,1,Seo,3,0,2,6
US,30,1,Seo,9,0,1,-1
US,23,0,Seo,5,0,2,1
US,36,1,Seo,6,0,0,3
China,36,1,Seo,2,0,0,2
US,22,1,Ads,8,0,1,-1
China,25,0,Seo,5,0,2,1
US,30,1,Ads,5,0,2,1
US,30,0,Direct,5,0,2,1
US,24,1,Direct,2,0,2,2
China,33,1,Ads,4,0,0,4
US,35,1,Seo,4,0,0,4
UK,22,1,Seo,2,0,2,2
China,50,1,Direct,3,0,0,-1
US,29,0,Direct,1,0,2,5
China,37,1,Seo,8,0,1,-1
US,45,1,Seo,4,0,0,-1
China,22,1,Seo,5,0,2,1
US,20,0,Seo,4,0,2,4
China,38,1,Ads,4,0,0,4
US,21,1,Seo,2,0,2,2
US,27,0,Ads,11,0,1,-1
US,27,1,Ads,7,0,1,0
UK,24,1,Ads,2,0,2,2
US,32,0,Seo,5,0,0,1
China,38,1,Ads,8,0,0,-1
China,23,1,Seo,4,0,2,4
US,28,1,Ads,4,0,2,4
China,26,1,Seo,1,0,2,5
China,31,1,Direct,6,0,2,3
UK,36,1,Seo,7,0,0,-1
UK,22,0,Ads,3,0,2,6
China,25,0,Direct,5,0,2,1
US,43,1,Direct,3,0,0,-1
China,27,1,Seo,1,0,2,5
US,39,0,Seo,5,0,0,-1
US,40,0,Direct,12,1,1,-1
US,30,0,Ads,5,0,2,1
US,36,1,Ads,2,0,0,2
US,27,1,Seo,2,0,2,2
US,28,1,Ads,12,0,1,-1
China,32,0,Ads,3,0,2,6
US,20,1,Seo,3,0,2,6
US,21,0,Seo,13,0,1,-1
US,28,1,Ads,7,0,1,0
UK,33,0,Direct,4,0,0,4
China,26,1,Seo,5,0,2,1
US,27,1,Ads,3,0,2,6
US,26,1,Direct,11,0,1,-1
US,29,1,Seo,7,0,1,0
US,40,1,Seo,11,0,1,-1
US,29,1,Seo,3,0,2,6
US,30,1,Direct,6,0,2,3
US,37,0,Seo,1,0,0,5
US,39,0,Direct,13,0,1,-1
US,30,1,Direct,2,0,2,2
UK,43,1,Seo,7,0,0,-1
Germany,50,1,Ads,5,0,0,-1
US,40,1,Ads,3,0,0,-1
US,42,0,Ads,3,0,0,-1
China,30,1,Ads,8,0,1,-1
Germany,22,1,Ads,2,0,2,2
China,36,1,Ads,8,0,1,-1
US,26,0,Ads,1,0,2,5
US,21,1,Seo,4,0,2,4
US,33,1,Seo,7,0,1,0
US,29,1,Seo,3,0,2,6
US,39,1,Direct,9,0,1,-1
US,18,1,Seo,4,0,2,4
US,31,0,Seo,3,0,2,6
UK,37,1,Ads,6,0,0,3
China,20,1,Ads,2,0,2,2
US,37,1,Seo,1,0,0,5
China,31,1,Ads,1,0,2,5
US,31,1,Direct,1,0,2,5
US,40,1,Direct,8,0,0,-1
Germany,20,0,Seo,16,1,1,-1
China,38,1,Seo,1,0,0,5
US,44,1,Ads,7,0,0,-1
China,32,1,Direct,12,0,1,-1
US,48,1,Ads,8,0,0,-1
China,27,1,Seo,4,0,2,4
US,31,1,Seo,7,0,1,0
US,31,0,Ads,2,0,2,2
US,41,0,Direct,4,0,0,-1
China,37,1,Direct,7,0,0,-1
UK,40,1,Ads,5,0,0,-1
US,35,1,Ads,1,0,0,5
China,33,1,Direct,2,0,0,2
UK,40,1,Seo,12,0,1,-1
US,37,1,Seo,1,0,0,5
China,39,1,Seo,8,0,0,-1
China,19,0,Seo,3,0,2,6
US,33,1,Ads,7,0,1,0
UK,22,1,Ads,3,0,2,6
US,49,1,Ads,8,0,0,-1
China,28,1,Seo,2,0,2,2
UK,28,0,Seo,3,0,2,6
US,36,1,Seo,6,0,0,3
UK,22,0,Seo,3,0,2,6
US,37,1,Direct,8,0,1,-1
China,37,1,Seo,9,0,1,-1
UK,24,1,Ads,4,0,2,4
UK,18,1,Direct,5,0,2,-1
US,20,0,Ads,3,0,2,6
US,39,1,Seo,10,0,1,-1
US,25,1,Direct,2,0,2,2
China,19,0,Ads,5,0,2,1
US,26,1,Seo,5,0,2,1
US,19,0,Seo,5,0,2,1
US,26,0,Seo,17,1,1,-1
US,36,1,Direct,3,0,0,6
US,28,1,Ads,1,0,2,5
US,18,1,Direct,5,0,2,-1
US,24,1,Seo,5,0,2,1
UK,29,1,Ads,8,0,1,-1
US,29,1,Seo,3,0,2,6
China,17,1,Ads,5,0,2,-1
US,17,1,Seo,3,0,2,-1
US,29,1,Ads,3,0,2,6
US,29,0,Seo,3,0,2,6
US,18,1,Direct,2,0,2,2
China,30,1,Direct,9,0,1,-1
China,33,0,Direct,4,0,0,4
China,28,1,Seo,1,0,2,5
US,34,0,Direct,4,0,0,4
China,39,1,Seo,1,0,0,5
US,34,1,Seo,4,0,0,4
US,22,0,Seo,1,0,2,5
China,37,0,Direct,4,0,0,4
UK,26,1,Seo,2,0,2,2
China,20,0,Ads,5,0,2,1
US,32,0,Seo,2,0,2,2
UK,36,0,Seo,6,0,0,3
UK,30,1,Ads,4,0,2,4
UK,19,0,Direct,2,0,2,2
China,24,1,Direct,5,0,2,1
China,41,1,Ads,8,0,0,-1
UK,25,1,Seo,1,0,2,5
China,34,1,Direct,1,0,0,5
US,38,1,Ads,9,0,1,-1
US,32,1,Seo,9,0,1,-1
US,36,0,Seo,11,0,1,-1
China,32,1,Ads,4,0,0,4
US,19,0,Seo,1,0,2,5
US,30,1,Ads,1,0,2,5
China,35,0,Ads,2,0,0,2
UK,31,0,Ads,8,0,1,-1
UK,37,1,Seo,2,0,0,2
US,17,0,Direct,2,0,2,2
UK,27,1,Direct,5,0,2,1
US,17,1,Seo,4,0,2,-1
UK,31,0,Seo,5,0,2,1
US,20,0,Seo,1,0,2,5
UK,59,0,Direct,1,0,0,-1
US,29,1,Seo,7,0,1,0
US,33,0,Ads,2,0,0,2
UK,28,1,Seo,8,0,1,-1
US,36,1,Ads,3,0,0,6
US,43,0,Seo,6,0,0,-1
US,42,1,Seo,5,0,0,-1
China,23,1,Ads,2,0,2,2
China,32,0,Seo,3,0,2,6
US,27,0,Seo,7,0,1,0
US,35,1,Seo,2,0,0,2
US,26,0,Seo,9,0,1,-1
US,30,0,Seo,5,0,2,1
US,29,0,Seo,11,0,1,-1
US,31,1,Direct,7,0,1,0
China,27,0,Ads,3,0,2,6
UK,28,0,Ads,4,0,2,4
US,19,1,Ads,3,0,2,6
UK,22,1,Seo,14,0,1,-1
US,21,0,Ads,3,0,2,6
US,21,0,Seo,6,0,2,-1
China,27,0,Seo,7,0,1,0
US,22,0,Ads,6,0,2,3
US,39,0,Direct,4,0,0,4
China,45,1,Seo,4,0,0,-1
US,29,0,Seo,5,0,2,1
China,30,0,Direct,2,0,2,2
US,29,1,Seo,3,0,2,6
China,36,1,Ads,6,0,0,3
US,28,0,Seo,1,0,2,5
US,28,1,Ads,10,0,1,-1
US,40,1,Ads,4,0,0,4
US,53,0,Seo,6,0,0,-1
US,22,1,Direct,2,0,2,2
US,21,0,Ads,8,0,1,-1
US,19,1,Ads,9,0,1,-1
US,37,0,Seo,8,0,1,-1
China,29,1,Seo,1,0,2,5
US,35,1,Seo,4,0,0,4
China,41,1,Seo,5,0,0,-1
US,32,0,Ads,1,0,2,5
US,32,1,Seo,1,0,2,5
UK,23,0,Seo,3,0,2,6
US,29,0,Direct,3,0,2,6
US,31,0,Seo,6,0,2,3
US,29,1,Seo,7,0,1,0
US,38,0,Ads,2,0,0,2
China,27,0,Seo,3,0,2,6
US,30,1,Seo,5,0,2,1
China,49,1,Seo,3,0,0,-1
China,39,1,Ads,4,0,0,4
China,48,0,Seo,11,0,0,-1
US,41,0,Seo,1,0,0,-1
Germany,19,1,Seo,7,0,2,-1
Germany,32,1,Seo,4,0,0,4
China,45,1,Direct,7,0,0,-1
US,21,1,Seo,7,0,2,-1
China,23,1,Ads,2,0,2,2
UK,21,0,Ads,19,1,1,-1
US,35,1,Ads,3,0,0,6
China,32,1,Ads,8,0,1,-1
Germany,43,1,Seo,1,0,0,-1
UK,40,1,Seo,3,0,0,-1
US,40,0,Seo,1,0,0,5
US,21,0,Seo,4,0,2,4
China,36,0,Ads,11,0,1,-1
US,30,0,Seo,4,0,2,4
US,53,1,Seo,9,0,0,-1
UK,27,1,Ads,8,0,1,-1
US,28,1,Seo,1,0,2,5
US,27,1,Seo,2,0,2,2
UK,38,1,Direct,5,0,0,1
China,26,1,Ads,2,0,2,2
China,35,0,Seo,1,0,0,5
US,43,1,Seo,1,0,0,-1
China,27,0,Seo,9,0,1,-1
US,35,1,Seo,1,0,0,5
UK,28,1,Ads,3,0,2,6
China,26,0,Direct,8,0,1,-1
US,18,1,Seo,9,0,1,-1
US,57,1,Seo,4,0,0,-1
UK,22,1,Ads,2,0,2,2
US,31,1,Direct,1,0,2,5
US,23,1,Seo,6,0,2,3
China,31,1,Ads,5,0,2,1
US,25,1,Ads,12,0,1,-1
UK,34,1,Ads,5,0,0,1
US,26,1,Direct,1,0,2,5
Germany,38,1,Ads,2,0,0,2
UK,22,1,Ads,3,0,2,6
US,18,0,Seo,1,0,2,5
US,38,1,Seo,2,0,0,2
US,39,1,Direct,9,0,1,-1
US,37,1,Seo,3,0,0,6
US,35,0,Ads,6,0,0,3
China,20,1,Seo,4,0,2,4
China,25,0,Ads,1,0,2,5
US,40,1,Seo,6,0,0,-1
China,25,1,Seo,10,0,1,-1
China,29,0,Ads,2,0,2,2
UK,25,0,Seo,5,0,2,1
China,19,1,Seo,2,0,2,2
US,21,0,Seo,9,0,1,-1
US,30,1,Seo,6,0,2,3
US,30,1,Direct,3,0,2,6
China,44,1,Seo,2,0,0,-1
Germany,37,1,Ads,1,0,0,5
US,19,0,Direct,6,0,2,-1
US,19,1,Seo,7,0,2,-1
US,30,1,Ads,7,0,1,0
UK,26,1,Seo,5,0,2,1
US,35,0,Direct,4,0,0,4
UK,28,0,Seo,1,0,2,5
UK,31,1,Direct,5,0,2,1
UK,32,1,Seo,8,0,1,-1
US,40,1,Seo,2,0,0,2
UK,20,1,Ads,6,0,2,-1
US,36,1,Direct,6,0,0,3
US,34,0,Seo,7,0,0,-1
US,24,1,Seo,2,0,2,2
US,17,1,Seo,8,0,1,-1
Germany,38,0,Seo,1,0,0,5
Germany,18,0,Seo,12,1,1,-1
US,30,0,Seo,2,0,2,2
US,41,1,Seo,2,0,0,2
UK,27,1,Direct,3,0,2,6
UK,33,1,Seo,7,0,1,0
US,28,0,Seo,5,0,2,1
US,31,1,Direct,8,0,1,-1
US,41,1,Seo,4,0,0,-1
China,30,1,Seo,1,0,2,5
US,29,1,Direct,4,0,2,4
UK,46,0,Seo,4,0,0,-1
US,22,0,Ads,2,0,2,2
US,36,1,Seo,1,0,0,5
US,19,1,Ads,6,0,2,-1
US,32,1,Ads,5,0,0,1
US,30,0,Direct,3,0,2,6
US,35,1,Direct,1,0,0,5
US,35,1,Seo,6,0,0,3
US,24,1,Seo,6,0,2,3
US,28,1,Seo,6,0,2,3
UK,28,1,Seo,2,0,2,2
US,45,0,Direct,11,0,1,-1
UK,20,0,Ads,13,1,1,-1
China,39,0,Ads,3,0,0,6
Germany,21,1,Ads,1,0,2,5
US,44,1,Direct,11,0,1,-1
US,30,1,Ads,7,0,1,0
China,42,1,Seo,5,0,0,-1
UK,34,1,Seo,9,0,1,-1
US,39,0,Seo,5,0,0,-1
US,20,1,Direct,5,0,2,1
US,29,1,Seo,6,0,2,3
China,18,0,Seo,4,0,2,4
US,39,1,Direct,3,0,0,6
US,31,1,Seo,1,0,2,5
US,45,0,Direct,4,0,0,-1
US,29,0,Direct,10,0,1,-1
US,38,1,Seo,4,0,0,4
China,23,1,Seo,4,0,2,4
US,46,1,Ads,1,0,0,-1
US,26,1,Direct,5,0,2,1
US,39,1,Direct,6,0,0,-1
US,26,1,Seo,7,0,1,0
China,18,1,Direct,3,0,2,6
US,43,1,Seo,3,0,0,-1
US,31,0,Seo,7,0,1,0
US,19,1,Seo,4,0,2,4
China,20,1,Direct,5,0,2,1
US,18,1,Ads,8,0,1,-1
UK,39,1,Seo,7,0,0,-1
US,36,1,Direct,6,0,0,3
US,27,0,Seo,2,0,2,2
UK,29,1,Seo,9,0,1,-1
China,34,1,Direct,4,0,0,4
China,24,1,Seo,2,0,2,2
US,18,1,Ads,5,0,2,-1
US,32,0,Direct,2,0,2,2
US,40,0,Seo,2,0,0,2
US,21,1,Direct,4,0,2,4
UK,28,1,Ads,7,0,1,0
US,45,1,Seo,1,0,0,-1
US,34,0,Direct,3,0,0,6
UK,19,0,Seo,1,0,2,5
US,19,1,Seo,4,0,2,4
China,29,1,Ads,3,0,2,6
US,28,0,Seo,2,0,2,2
US,37,1,Direct,5,0,0,1
China,20,0,Seo,7,0,2,-1
China,39,0,Ads,3,0,0,6
China,28,1,Seo,6,0,2,3
US,30,0,Ads,2,0,2,2
UK,17,1,Ads,2,0,2,2
US,49,0,Seo,2,0,0,-1
UK,42,1,Seo,10,0,1,-1
US,22,0,Direct,4,0,2,4
US,35,0,Direct,5,0,0,1
US,25,1,Ads,4,0,2,4
US,39,1,Direct,1,0,0,5
US,32,0,Seo,3,0,2,6
US,28,1,Seo,3,0,2,6
US,17,0,Ads,21,1,1,-1
US,25,1,Direct,1,0,2,5
UK,25,1,Seo,5,0,2,1
US,32,1,Direct,11,0,1,-1
China,32,1,Direct,1,0,2,5
US,37,0,Ads,3,0,0,6
UK,29,0,Direct,4,0,2,4
China,38,1,Seo,6,0,0,-1
China,31,1,Ads,2,0,2,2
US,25,1,Ads,9,0,1,-1
China,28,0,Ads,7,0,1,0
US,30,1,Ads,6,0,2,3
US,24,1,Seo,1,0,2,5
US,18,1,Ads,2,0,2,2
US,35,1,Ads,8,0,1,-1
US,23,1,Ads,3,0,2,6
US,24,0,Ads,4,0,2,4
US,32,0,Ads,7,0,1,0
US,18,1,Seo,1,0,2,5
China,32,1,Ads,5,0,0,1
US,29,1,Ads,1,0,2,5
US,25,1,Ads,7,0,1,0
US,17,1,Direct,4,0,2,-1
US,40,1,Ads,4,0,0,4
China,43,1,Seo,1,0,0,-1
China,37,1,Ads,1,0,0,5
China,20,1,Direct,4,0,2,4
UK,22,0,Direct,4,0,2,4
China,34,1,Seo,5,0,0,1
US,32,0,Seo,9,0,1,-1
US,26,0,Seo,3,0,2,6
UK,46,1,Seo,6,0,0,-1
US,24,1,Ads,6,0,2,3
China,25,1,Seo,1,0,2,5
US,23,0,Direct,2,0,2,2
US,43,1,Seo,7,0,0,-1
UK,38,1,Seo,5,0,0,1
UK,29,0,Direct,14,1,1,-1
US,27,1,Seo,4,0,2,4
China,28,1,Direct,4,0,2,4
China,35,0,Ads,7,0,0,-1
US,31,1,Ads,11,1,1,-1
US,26,1,Direct,5,0,2,1
China,32,0,Direct,5,0,0,1
US,23,1,Seo,4,0,2,4
US,25,1,Seo,6,0,2,3
China,25,1,Direct,4,0,2,4
China,34,1,Ads,11,0,1,-1
US,28,1,Ads,1,0,2,5
China,36,1,Seo,4,0,0,4
US,38,1,Seo,4,0,0,4
US,43,0,Ads,2,0,0,-1
US,19,1,Direct,9,0,1,-1
US,35,0,Ads,10,0,1,-1
China,29,0,Ads,3,0,2,6
US,28,1,Seo,3,0,2,6
China,21,1,Seo,10,0,1,-1
US,23,1,Ads,5,0,2,1
US,36,0,Ads,1,0,0,5
China,22,0,Seo,1,0,2,5
US,36,1,Direct,4,0,0,4
US,20,1,Ads,4,0,2,4
US,30,1,Ads,5,0,2,1
China,39,1,Direct,2,0,0,2
China,29,0,Seo,2,0,2,2
UK,31,1,Seo,7,0,1,0
US,40,1,Ads,6,0,0,-1
UK,47,0,Ads,4,0,0,-1
US,34,0,Seo,8,0,1,-1
US,24,0,Ads,1,0,2,5
China,28,1,Seo,6,0,2,3
China,44,1,Seo,3,0,0,-1
China,25,0,Seo,3,0,2,6
US,31,1,Ads,3,0,2,6
UK,32,1,Ads,6,0,0,3
China,34,1,Direct,3,0,0,6
UK,27,0,Seo,4,0,2,4
US,41,0,Seo,2,0,0,2
US,23,1,Direct,11,0,1,-1
US,26,0,Direct,7,0,1,0
China,28,1,Direct,8,0,1,-1
US,24,1,Direct,3,0,2,6
UK,40,1,Direct,8,0,0,-1
China,21,1,Direct,1,0,2,5
China,26,1,Ads,10,0,1,-1
US,40,1,Seo,4,0,0,4
China,20,1,Seo,4,0,2,4
UK,21,0,Seo,4,0,2,4
US,31,0,Direct,3,0,2,6
China,24,1,Direct,4,0,2,4
China,28,0,Ads,2,0,2,2
Germany,18,1,Seo,6,0,2,-1
US,20,1,Ads,6,0,2,-1
US,41,0,Ads,2,0,0,2
US,22,1,Seo,6,0,2,3
UK,37,0,Seo,3,0,0,6
US,26,1,Seo,4,0,2,4
China,17,1,Ads,5,0,2,-1
US,29,1,Direct,1,0,2,5
US,32,0,Direct,4,0,0,4
US,19,1,Ads,3,0,2,6
US,28,1,Seo,4,0,2,4
UK,38,0,Seo,6,0,0,-1
US,40,0,Direct,3,0,0,-1
US,26,1,Seo,7,0,1,0
China,30,1,Ads,9,0,1,-1
China,44,1,Ads,6,0,0,-1
US,28,1,Ads,3,0,2,6
UK,32,1,Ads,4,0,0,4
China,32,0,Seo,5,0,0,1
US,33,1,Ads,2,0,0,2
US,47,1,Seo,4,0,0,-1
China,30,1,Ads,8,0,1,-1
UK,31,1,Ads,1,0,2,5
UK,21,1,Ads,6,0,2,-1
US,31,1,Seo,20,1,1,-1
US,36,1,Seo,1,0,0,5
US,18,0,Direct,3,0,2,6
UK,30,1,Seo,4,0,2,4
China,36,1,Seo,10,0,1,-1
US,29,1,Ads,4,0,2,4
US,34,0,Direct,5,0,0,1
UK,21,0,Seo,3,0,2,6
US,48,0,Seo,8,0,0,-1
UK,31,0,Seo,7,0,1,0
Germany,33,0,Direct,6,0,0,3
US,40,0,Direct,2,0,0,2
China,42,1,Seo,5,0,0,-1
US,35,1,Seo,3,0,0,6
US,25,1,Direct,4,0,2,4
US,31,0,Ads,6,0,2,3
UK,24,1,Seo,4,0,2,4
US,46,1,Seo,1,0,0,-1
UK,25,1,Ads,6,0,2,3
US,38,1,Ads,9,0,1,-1
China,30,0,Direct,5,0,2,1
US,36,1,Seo,5,0,0,1
UK,28,1,Direct,8,0,1,-1
US,20,1,Seo,13,1,1,-1
US,23,1,Direct,4,0,2,4
China,38,1,Ads,1,0,0,5
China,42,1,Ads,8,0,0,-1
US,25,0,Ads,5,0,2,1
China,26,1,Seo,1,0,2,5
UK,48,1,Seo,6,0,0,-1
UK,23,1,Seo,2,0,2,2
US,23,1,Direct,13,1,1,-1
UK,21,0,Seo,7,0,2,-1
US,38,0,Ads,3,0,0,6
US,46,1,Direct,5,0,0,-1
China,44,1,Ads,7,0,0,-1
US,32,1,Seo,4,0,0,4
US,20,0,Ads,2,0,2,2
Germany,25,0,Ads,7,0,1,0
UK,30,1,Seo,1,0,2,5
US,25,1,Seo,3,0,2,6
US,47,1,Seo,2,0,0,-1
US,33,0,Ads,5,0,0,1
US,47,1,Seo,3,0,0,-1
US,28,1,Ads,8,0,1,-1
China,27,1,Ads,6,0,2,3
US,29,1,Ads,6,0,2,3
US,25,1,Ads,4,0,2,4
China,26,1,Direct,9,0,1,-1
UK,33,1,Ads,1,0,0,5
US,29,1,Seo,6,0,2,3
US,27,1,Seo,2,0,2,2
US,25,1,Seo,2,0,2,2
UK,33,1,Seo,3,0,0,6
US,22,0,Direct,5,0,2,1
China,30,0,Seo,7,0,1,0
US,41,0,Seo,9,0,0,-1
US,43,0,Ads,3,0,0,-1
US,29,1,Seo,7,0,1,0
US,18,1,Seo,4,0,2,4
US,26,0,Direct,3,0,2,6
Germany,26,0,Direct,6,0,2,3
US,18,1,Seo,5,0,2,-1
US,34,1,Seo,4,0,0,4
US,34,0,Ads,6,0,0,3
US,31,1,Seo,4,0,2,4
US,24,1,Direct,8,0,1,-1
China,45,1,Direct,8,0,0,-1
US,29,0,Ads,8,0,1,-1
US,36,0,Seo,5,0,0,1
UK,32,1,Ads,3,0,2,6
US,17,0,Seo,2,0,2,2
US,35,1,Seo,4,0,0,4
US,48,1,Seo,6,0,0,-1
China,26,1,Seo,3,0,2,6
US,36,1,Ads,2,0,0,2
US,39,1,Seo,9,0,1,-1
US,32,0,Direct,6,0,0,3
US,36,1,Ads,4,0,0,4
US,31,0,Seo,10,0,1,-1
US,24,1,Direct,5,0,2,1
China,27,0,Seo,2,0,2,2
China,37,1,Ads,2,0,0,2
US,19,1,Direct,23,1,1,-1
China,34,0,Direct,7,0,0,-1
UK,42,1,Seo,3,0,0,-1
US,23,1,Ads,7,0,2,-1
UK,23,0,Seo,7,0,2,-1
US,29,1,Seo,4,0,2,4
China,23,1,Ads,7,0,2,-1
US,29,1,Seo,15,0,1,-1
US,23,1,Ads,2,0,2,2
US,21,1,Seo,5,0,2,1
China,49,1,Seo,5,0,0,-1
US,37,1,Ads,4,0,0,4
US,33,0,Seo,5,0,0,1
UK,40,0,Seo,2,0,0,2
China,33,0,Ads,10,0,1,-1
US,24,0,Seo,6,0,2,3
China,37,0,Ads,6,0,0,3
US,33,1,Ads,8,0,1,-1
US,24,0,Seo,6,0,2,3
China,21,1,Direct,2,0,2,2
US,29,0,Seo,4,0,2,4
UK,36,1,Seo,6,0,0,3
US,24,1,Direct,2,0,2,2
US,25,1,Ads,2,0,2,2
US,32,1,Seo,6,0,0,3
US,35,0,Seo,1,0,0,5
US,30,0,Ads,5,0,2,1
US,22,1,Seo,2,0,2,2
US,26,1,Ads,5,0,2,1
China,39,0,Seo,3,0,0,6
US,26,0,Seo,6,0,2,3
UK,21,1,Direct,9,0,1,-1
China,55,1,Direct,1,0,0,-1
US,24,0,Seo,4,0,2,4
UK,25,1,Seo,8,0,1,-1
US,55,1,Seo,6,0,0,-1
UK,21,1,Direct,13,1,1,-1
China,19,0,Seo,7,0,2,-1
Germany,31,1,Seo,7,0,1,0
US,29,1,Direct,7,0,1,0
US,28,1,Seo,3,0,2,6
US,21,0,Direct,9,0,1,-1
China,33,0,Ads,5,0,0,1
US,33,0,Direct,8,0,1,-1
China,22,1,Seo,1,0,2,5
UK,37,1,Direct,5,0,0,1
US,39,1,Seo,3,0,0,6
US,44,1,Seo,11,0,1,-1
US,21,1,Seo,4,0,2,4
US,36,1,Seo,1,0,0,5
China,43,1,Seo,2,0,0,-1
UK,41,1,Seo,3,0,0,-1
US,35,1,Seo,6,0,0,3
US,30,1,Direct,6,0,2,3
US,36,0,Ads,1,0,0,5
US,19,1,Seo,2,0,2,2
China,38,1,Direct,13,0,1,-1
China,37,1,Direct,2,0,0,2
US,24,0,Ads,2,0,2,2
UK,21,1,Ads,4,0,2,4
UK,39,0,Seo,7,0,0,-1
UK,24,1,Seo,3,0,2,6
China,24,1,Direct,10,0,1,-1
US,42,1,Direct,5,0,0,-1
US,40,1,Direct,8,0,0,-1
China,29,0,Seo,4,0,2,4
UK,39,1,Direct,2,0,0,2
UK,34,1,Ads,2,0,0,2
US,19,1,Ads,5,0,2,1
Germany,51,1,Ads,2,0,0,-1
US,24,1,Seo,6,0,2,3
UK,31,1,Direct,9,0,1,-1
China,39,1,Seo,5,0,0,-1
UK,30,1,Direct,3,0,2,6
US,36,1,Ads,14,0,1,-1
US,42,1,Direct,9,0,0,-1
China,25,1,Ads,4,0,2,4
US,28,1,Seo,5,0,2,1
US,26,0,Ads,1,0,2,5
China,43,1,Seo,5,0,0,-1
China,26,1,Seo,3,0,2,6
US,29,0,Direct,4,0,2,4
US,41,0,Ads,3,0,0,-1
US,50,1,Seo,1,0,0,-1
US,39,1,Seo,4,0,0,4
US,46,1,Ads,5,0,0,-1
UK,38,1,Direct,2,0,0,2
UK,39,1,Direct,3,0,0,6
US,33,1,Seo,6,0,0,3
Germany,35,1,Seo,1,0,0,5
US,32,1,Seo,5,0,0,1
China,33,1,Seo,8,0,1,-1
UK,31,0,Direct,2,0,2,2
US,32,0,Ads,8,0,1,-1
China,31,1,Seo,8,0,1,-1
China,52,1,Seo,2,0,0,-1
US,33,1,Seo,9,0,1,-1
US,27,1,Seo,6,0,2,3
UK,22,1,Direct,4,0,2,4
US,27,1,Seo,4,0,2,4
China,17,0,Direct,4,0,2,-1
China,21,1,Seo,7,0,2,-1
Germany,37,1,Seo,3,0,0,6
China,24,1,Seo,3,0,2,6
China,28,1,Seo,3,0,2,6
US,20,0,Seo,3,0,2,6
US,20,0,Seo,7,0,2,-1
China,24,1,Seo,3,0,2,6
US,18,1,Ads,3,0,2,6
US,34,1,Direct,1,0,0,5
US,31,0,Ads,3,0,2,6
US,44,0,Direct,14,1,1,-1
US,43,1,Seo,9,0,0,-1
US,25,1,Direct,2,0,2,2
US,25,0,Ads,4,0,2,4
China,28,0,Direct,6,0,2,3
US,25,0,Direct,4,0,2,4
US,43,1,Direct,2,0,0,-1
US,27,1,Ads,3,0,2,6
US,28,0,Direct,8,0,1,-1
Germany,32,0,Seo,3,0,2,6
US,26,1,Direct,4,0,2,4
US,49,0,Ads,10,0,0,-1
US,22,0,Seo,9,0,1,-1
UK,32,1,Ads,5,0,0,1
US,32,1,Seo,6,0,0,3
US,34,1,Seo,3,0,0,6
US,38,1,Ads,1,0,0,5
US,26,0,Ads,4,0,2,4
China,28,1,Seo,3,0,2,6
UK,23,1,Ads,6,0,2,3
China,32,1,Ads,4,0,0,4
US,36,0,Ads,9,0,1,-1
US,28,0,Ads,5,0,2,1
UK,41,1,Direct,2,0,0,2
China,23,1,Direct,1,0,2,5
US,33,1,Seo,3,0,0,6
China,42,1,Ads,2,0,0,2
UK,32,1,Direct,7,0,1,0
US,23,1,Ads,6,0,2,3
US,27,1,Direct,4,0,2,4
US,41,1,Seo,8,0,0,-1
UK,19,1,Direct,4,0,2,4
US,34,1,Seo,2,0,0,2
China,23,1,Ads,2,0,2,2
China,19,1,Seo,6,0,2,-1
US,25,1,Seo,4,0,2,4
Germany,25,1,Seo,5,0,2,1
US,36,0,Seo,7,0,0,-1
US,25,0,Seo,4,0,2,4
US,21,0,Direct,12,0,1,-1
US,32,0,Ads,5,0,0,1
US,20,0,Direct,1,0,2,5
US,36,1,Seo,6,0,0,3
China,27,1,Seo,6,0,2,3
US,20,1,Direct,1,0,2,5
US,40,1,Seo,7,0,0,-1
China,17,0,Seo,1,0,2,-1
US,33,1,Ads,3,0,0,6
US,24,1,Seo,3,0,2,6
China,19,0,Seo,3,0,2,6
US,35,0,Direct,1,0,0,5
UK,41,0,Seo,19,1,1,-1
US,20,0,Direct,18,1,1,-1
UK,34,0,Seo,3,0,0,6
US,29,0,Seo,1,0,2,5
US,23,1,Direct,1,0,2,5
US,19,1,Ads,20,1,1,-1
US,38,1,Seo,2,0,0,2
UK,25,1,Ads,1,0,2,5
US,18,1,Ads,1,0,2,5
US,36,1,Direct,4,0,0,4
US,28,1,Ads,5,0,2,1
US,38,1,Ads,9,0,1,-1
US,24,0,Seo,1,0,2,5
US,34,0,Direct,1,0,0,5
UK,31,1,Seo,11,1,1,-1
US,36,0,Direct,3,0,0,6
US,24,1,Ads,5,0,2,1
US,19,1,Ads,5,0,2,1
US,24,1,Ads,7,0,1,-1
UK,23,1,Direct,4,0,2,4
US,28,1,Seo,4,0,2,4
UK,17,0,Ads,15,1,1,-1
US,36,1,Seo,1,0,0,5
US,36,1,Ads,1,0,0,5
US,36,1,Ads,2,0,0,2
US,36,0,Seo,3,0,0,6
China,40,1,Ads,2,0,0,2
US,24,1,Seo,4,0,2,4
US,52,0,Direct,1,0,0,-1
China,24,1,Direct,9,0,1,-1
US,41,0,Direct,1,0,0,-1
Germany,19,0,Seo,2,0,2,2
US,42,1,Seo,3,0,0,-1
US,27,0,Seo,3,0,2,6
China,17,1,Seo,2,0,2,2
US,23,1,Direct,8,0,1,-1
US,20,0,Ads,4,0,2,4
China,39,1,Ads,4,0,0,4
US,28,0,Seo,7,0,1,0
US,24,0,Ads,6,0,2,3
China,36,1,Seo,9,0,1,-1
US,27,1,Direct,3,0,2,6
US,34,1,Ads,8,0,1,-1
Germany,18,1,Seo,7,0,2,-1
US,40,1,Direct,5,0,0,-1
US,28,1,Ads,6,0,2,3
US,25,0,Direct,1,0,2,5
US,17,0,Seo,1,0,2,-1
US,48,0,Ads,5,0,0,-1
US,35,1,Seo,6,0,0,3
UK,23,0,Seo,1,0,2,5
US,47,0,Ads,7,0,0,-1
China,20,0,Ads,4,0,2,4
China,31,1,Direct,2,0,2,2
US,24,0,Ads,2,0,2,2
US,25,1,Direct,2,0,2,2
China,32,1,Direct,7,0,1,0
China,29,1,Seo,5,0,2,1
US,34,1,Ads,3,0,0,6
US,51,0,Seo,8,0,0,-1
UK,29,0,Seo,7,0,1,0
UK,25,0,Direct,1,0,2,5
US,23,1,Seo,7,0,2,-1
China,28,1,Seo,6,0,2,3
China,36,0,Seo,1,0,0,5
US,24,0,Seo,6,0,2,3
US,22,0,Ads,15,1,1,-1
UK,25,1,Direct,3,0,2,6
US,44,1,Direct,2,0,0,-1
UK,37,1,Ads,3,0,0,6
US,18,1,Seo,5,0,2,-1
US,47,0,Seo,12,0,1,-1
China,19,1,Seo,2,0,2,2
China,21,1,Seo,4,0,2,4
US,34,1,Seo,6,0,0,3
US,33,0,Direct,2,0,0,2
China,27,1,Ads,5,0,2,1
China,29,1,Ads,10,0,1,-1
US,38,1,Ads,14,0,1,-1
US,24,1,Ads,13,0,1,-1
UK,35,1,Ads,5,0,0,1
US,44,0,Direct,6,0,0,-1
US,33,0,Direct,2,0,0,2
US,30,1,Ads,10,0,1,-1
China,19,1,Seo,8,0,1,-1
China,24,0,Ads,9,0,1,-1
China,45,0,Seo,4,0,0,-1
China,18,1,Seo,6,0,2,-1
US,34,1,Direct,4,0,0,4
US,41,1,Direct,6,0,0,-1
UK,31,0,Seo,12,0,1,-1
US,34,1,Seo,8,0,1,-1
US,29,1,Direct,1,0,2,5
US,26,0,Seo,1,0,2,5
China,35,1,Direct,4,0,0,4
China,34,1,Seo,3,0,0,6
China,23,1,Seo,6,0,2,3
China,39,1,Seo,8,0,0,-1
UK,18,0,Seo,14,0,1,-1
US,21,1,Ads,3,0,2,6
UK,18,1,Seo,3,0,2,6
UK,24,1,Ads,3,0,2,6
UK,19,0,Direct,3,0,2,6
US,22,1,Seo,3,0,2,6
US,39,0,Seo,4,0,0,4
US,25,0,Seo,5,0,2,1
US,45,1,Seo,13,0,1,-1
China,28,1,Seo,6,0,2,3
China,31,0,Direct,8,0,1,-1
US,34,1,Seo,1,0,0,5
UK,41,1,Seo,6,0,0,-1
China,35,1,Seo,5,0,0,1
Germany,25,1,Seo,5,0,2,1
US,46,1,Seo,1,0,0,-1
US,36,1,Seo,1,0,0,5
UK,41,1,Seo,3,0,0,-1
US,41,1,Direct,1,0,0,-1
US,37,1,Direct,7,0,0,-1
UK,25,0,Ads,2,0,2,2
China,25,0,Seo,7,0,1,0
US,33,1,Direct,3,0,0,6
US,29,0,Seo,8,0,1,-1
US,30,1,Seo,7,0,1,0
China,32,0,Direct,5,0,0,1
China,37,0,Ads,1,0,0,5
US,27,0,Seo,7,0,1,0
China,22,0,Ads,3,0,2,6
China,28,1,Seo,3,0,2,6
China,28,1,Ads,4,0,2,4
US,24,0,Direct,4,0,2,4
US,29,1,Seo,1,0,2,5
China,31,0,Ads,6,0,2,3
US,38,0,Seo,1,0,0,5
US,36,0,Direct,1,0,0,5
Germany,23,0,Seo,3,0,2,6
UK,19,1,Seo,11,0,1,-1
US,29,1,Direct,5,0,2,1
US,37,1,Seo,20,1,1,-1
US,28,1,Ads,4,0,2,4
China,37,1,Seo,9,0,1,-1
China,25,0,Seo,6,0,2,3
US,19,0,Direct,2,0,2,2
US,42,0,Direct,1,0,0,-1
UK,20,0,Direct,3,0,2,6
US,47,1,Ads,7,0,0,-1
US,36,1,Seo,3,0,0,6
US,40,1,Ads,3,0,0,-1
China,26,1,Seo,1,0,2,5
Germany,23,1,Seo,5,0,2,1
US,28,0,Seo,2,0,2,2
China,39,1,Seo,2,0,0,2
US,20,1,Ads,2,0,2,2
UK,23,1,Seo,4,0,2,4
China,22,1,Ads,2,0,2,2
UK,24,1,Direct,1,0,2,5
US,30,1,Seo,4,0,2,4
China,20,1,Ads,6,0,2,-1
US,28,0,Seo,5,0,2,1
US,23,0,Ads,8,0,1,-1
US,40,0,Ads,1,0,0,5
China,31,1,Direct,3,0,2,6
US,55,1,Seo,2,0,0,-1
US,42,1,Seo,9,0,0,-1
Germany,22,0,Ads,5,0,2,1
US,37,0,Direct,15,1,1,-1
US,44,1,Direct,3,0,0,-1
China,35,0,Seo,9,0,1,-1
UK,22,1,Seo,1,0,2,5
UK,26,0,Direct,2,0,2,2
UK,36,1,Direct,3,0,0,6
US,32,1,Seo,4,0,0,4
UK,35,1,Direct,5,0,0,1
UK,19,0,Direct,12,0,1,-1
US,28,1,Ads,3,0,2,6
US,19,1,Direct,19,1,1,-1
US,23,1,Seo,5,0,2,1
US,26,1,Direct,1,0,2,5
US,21,1,Direct,4,0,2,4
China,23,1,Seo,5,0,2,1
US,27,1,Ads,5,0,2,1
US,64,1,Ads,8,0,0,-1
China,24,1,Seo,2,0,2,2
US,37,0,Seo,8,0,1,-1
US,37,1,Seo,14,0,1,-1
US,28,1,Ads,7,0,1,0
US,42,0,Ads,2,0,0,2
UK,29,1,Ads,4,0,2,4
US,33,1,Ads,2,0,0,2
US,35,0,Seo,4,0,0,4
US,26,1,Ads,13,1,1,-1
China,21,1,Direct,3,0,2,6
UK,25,1,Direct,1,0,2,5
China,52,0,Seo,1,0,0,-1
US,28,1,Direct,5,0,2,1
Germany,23,0,Seo,8,0,1,-1
China,51,1,Ads,7,0,0,-1
China,41,1,Seo,4,0,0,-1
US,32,0,Ads,4,0,0,4
US,28,0,Seo,7,0,1,0
US,17,1,Seo,7,0,2,-1
China,36,0,Ads,14,0,1,-1
US,38,1,Seo,9,0,1,-1
US,22,1,Ads,16,1,1,-1
US,38,1,Direct,8,0,0,-1
US,28,0,Ads,2,0,2,2
China,29,1,Direct,1,0,2,5
US,39,1,Seo,4,0,0,4
Germany,35,0,Seo,7,0,0,-1
UK,17,0,Seo,10,0,1,-1
US,28,0,Seo,1,0,2,5
UK,28,0,Ads,5,0,2,1
UK,39,1,Seo,12,0,1,-1
US,31,1,Direct,2,0,2,2
UK,30,1,Seo,8,0,1,-1
China,35,1,Seo,4,0,0,4
US,40,1,Ads,8,0,0,-1
US,29,1,Seo,10,0,1,-1
US,40,1,Seo,2,0,0,2
US,21,1,Direct,3,0,2,6
US,32,0,Ads,3,0,2,6
UK,23,1,Seo,7,0,2,-1
China,28,0,Ads,6,0,2,3
UK,40,1,Seo,4,0,0,4
US,30,0,Ads,6,0,2,3
China,29,1,Direct,3,0,2,6
US,20,1,Ads,1,0,2,5
US,27,1,Seo,1,0,2,5
China,24,0,Direct,1,0,2,5
US,20,0,Seo,6,0,2,-1
China,32,1,Direct,4,0,0,4
US,52,0,Direct,2,0,0,-1
US,45,1,Seo,1,0,0,-1
US,24,1,Seo,14,1,1,-1
UK,34,1,Seo,4,0,0,4
US,40,0,Seo,4,0,0,4
US,24,1,Seo,3,0,2,6
China,30,1,Seo,8,0,1,-1
UK,27,1,Direct,5,0,2,1
US,28,1,Ads,2,0,2,2
China,42,0,Direct,6,0,0,-1
US,17,0,Ads,4,0,2,-1
US,34,1,Seo,6,0,0,3
US,25,1,Seo,3,0,2,6
China,24,1,Seo,8,0,1,-1
US,29,1,Direct,1,0,2,5
US,26,1,Ads,7,0,1,0
China,18,1,Seo,5,0,2,-1
US,22,1,Seo,9,0,1,-1
US,25,1,Direct,6,0,2,3
US,30,0,Seo,4,0,2,4
US,30,0,Ads,4,0,2,4
US,28,0,Seo,1,0,2,5
US,32,1,Ads,3,0,2,6
China,24,1,Direct,12,0,1,-1
US,28,1,Ads,9,0,1,-1
US,23,0,Seo,6,0,2,3
US,21,0,Seo,6,0,2,-1
US,37,1,Seo,3,0,0,6
China,21,1,Seo,4,0,2,4
China,33,1,Seo,2,0,0,2
US,33,1,Ads,1,0,0,5
China,29,0,Seo,7,0,1,0
US,32,1,Seo,6,0,0,3
US,43,1,Direct,2,0,0,-1
US,17,0,Ads,4,0,2,-1
US,31,1,Seo,1,0,2,5
US,20,0,Ads,20,1,1,-1
China,31,0,Direct,4,0,2,4
US,22,1,Direct,7,0,2,-1
UK,25,0,Direct,2,0,2,2
UK,30,1,Ads,1,0,2,5
China,29,1,Ads,2,0,2,2
US,31,1,Seo,9,0,1,-1
UK,25,1,Ads,4,0,2,4
US,28,0,Seo,4,0,2,4
US,18,1,Seo,6,0,2,-1
US,34,1,Ads,5,0,0,1
US,34,1,Seo,5,0,0,1
US,31,1,Ads,1,0,2,5
US,20,0,Seo,11,0,1,-1
UK,20,0,Seo,7,0,2,-1
US,34,0,Ads,3,0,0,6
US,19,1,Direct,9,0,1,-1
US,25,1,Seo,2,0,2,2
US,22,0,Seo,11,0,1,-1
US,31,1,Seo,2,0,2,2
China,35,1,Ads,5,0,0,1
Germany,27,1,Seo,1,0,2,5
US,25,0,Direct,6,0,2,3
UK,19,1,Direct,3,0,2,6
US,40,1,Seo,2,0,0,2
US,44,1,Seo,6,0,0,-1
UK,35,1,Ads,9,0,1,-1
US,39,1,Ads,6,0,0,-1
UK,47,1,Ads,6,0,0,-1
US,22,0,Seo,9,1,1,-1
China,39,0,Seo,2,0,0,2
US,41,1,Seo,3,0,0,-1
US,32,0,Seo,1,0,2,5
US,23,1,Direct,5,0,2,1
US,40,0,Seo,3,0,0,-1
China,26,1,Seo,1,0,2,5
US,42,1,Seo,2,0,0,2
US,22,0,Seo,6,0,2,3
China,30,1,Seo,7,0,1,0
US,19,1,Ads,7,0,2,-1
US,21,1,Seo,5,0,2,1
UK,24,0,Ads,3,0,2,6
US,24,0,Ads,7,0,1,-1
China,22,1,Seo,1,0,2,5
US,47,1,Ads,1,0,0,-1
UK,28,1,Seo,7,0,1,0
US,33,0,Seo,9,0,1,-1
US,30,1,Ads,2,0,2,2
US,19,1,Ads,5,0,2,1
China,35,0,Ads,4,0,0,4
UK,55,1,Seo,5,0,0,-1
Germany,31,1,Seo,4,0,2,4
US,38,1,Direct,5,0,0,1
US,17,0,Ads,1,0,2,-1
US,30,1,Ads,2,0,2,2
US,32,0,Seo,2,0,2,2
Germany,26,0,Seo,3,0,2,6
US,43,1,Direct,3,0,0,-1
China,21,1,Seo,6,0,2,-1
US,18,1,Direct,7,0,2,-1
US,25,1,Seo,4,0,2,4
US,29,1,Direct,2,0,2,2
China,25,0,Seo,2,0,2,2
US,28,1,Seo,4,0,2,4
US,21,0,Direct,22,1,1,-1
US,30,1,Direct,2,0,2,2
US,35,1,Direct,5,0,0,1
UK,26,1,Seo,4,0,2,4
US,26,0,Ads,5,0,2,1
Germany,44,1,Ads,12,0,1,-1
US,17,1,Ads,9,0,1,-1
UK,42,0,Ads,20,1,1,-1
China,45,1,Direct,1,0,0,-1
UK,17,1,Seo,8,0,1,-1
US,32,1,Seo,9,0,1,-1
China,28,1,Ads,3,0,2,6
UK,24,1,Seo,9,0,1,-1
Germany,40,1,Seo,3,0,0,-1
China,32,1,Ads,7,0,1,0
US,33,0,Seo,6,0,0,3
US,27,1,Seo,3,0,2,6
US,34,1,Direct,4,0,0,4
UK,25,1,Ads,6,0,2,3
UK,38,0,Seo,6,0,0,-1
US,32,1,Seo,1,0,2,5
China,25,1,Seo,2,0,2,2
US,27,1,Seo,4,0,2,4
US,36,0,Seo,1,0,0,5
US,31,1,Seo,5,0,2,1
US,56,1,Seo,2,0,0,-1
UK,31,1,Direct,5,0,2,1
US,23,1,Seo,5,0,2,1
China,43,0,Ads,7,0,0,-1
China,39,1,Seo,1,0,0,5
US,33,1,Seo,3,0,0,6
China,20,1,Seo,4,0,2,4
US,30,0,Direct,8,0,1,-1
US,27,0,Seo,3,0,2,6
US,39,1,Ads,7,0,0,-1
UK,41,1,Direct,3,0,0,-1
China,44,1,Seo,3,0,0,-1
US,17,1,Direct,9,1,1,-1
UK,35,1,Seo,1,0,0,5
US,30,1,Seo,1,0,2,5
UK,26,1,Seo,2,0,2,2
UK,41,0,Seo,2,0,0,2
UK,20,1,Ads,2,0,2,2
US,21,1,Ads,7,0,2,-1
UK,27,1,Ads,1,0,2,5
US,32,1,Direct,1,0,2,5
US,31,0,Ads,2,0,2,2
UK,31,1,Ads,10,0,1,-1
China,31,1,Ads,2,0,2,2
US,31,1,Ads,7,0,1,0
China,35,1,Ads,10,0,1,-1
US,42,0,Seo,6,0,0,-1
US,37,1,Seo,2,0,0,2
China,36,1,Seo,3,0,0,6
China,24,0,Seo,7,0,1,-1
US,20,1,Seo,10,0,1,-1
US,22,1,Ads,3,0,2,6
UK,24,1,Seo,6,0,2,3
China,23,1,Seo,4,0,2,4
China,33,1,Seo,12,0,1,-1
US,40,1,Seo,2,0,0,2
UK,28,1,Direct,6,0,2,3
US,36,0,Seo,11,0,1,-1
Germany,35,1,Seo,9,0,1,-1
China,34,1,Direct,1,0,0,5
US,38,1,Seo,2,0,0,2
US,49,1,Direct,3,0,0,-1
US,37,0,Ads,15,1,1,-1
US,23,1,Seo,7,0,2,-1
US,31,1,Seo,3,0,2,6
China,27,1,Ads,3,0,2,6
US,26,0,Seo,10,0,1,-1
US,20,1,Seo,5,0,2,1
US,25,0,Seo,5,0,2,1
US,20,1,Seo,14,0,1,-1
China,26,1,Seo,7,0,1,0
China,18,1,Direct,3,0,2,6
US,24,1,Seo,6,0,2,3
China,37,1,Ads,6,0,0,3
US,42,0,Seo,6,0,0,-1
US,17,1,Direct,2,0,2,2
US,38,1,Seo,7,0,0,-1
China,26,1,Ads,9,0,1,-1
US,25,1,Ads,1,0,2,5
China,21,1,Seo,5,0,2,1
China,55,0,Ads,3,0,0,-1
US,21,0,Ads,6,0,2,-1
Germany,36,0,Ads,1,0,0,5
UK,30,0,Ads,3,0,2,6
US,36,0,Direct,9,0,1,-1
US,31,0,Seo,3,0,2,6
China,22,1,Seo,2,0,2,2
US,25,1,Direct,5,0,2,1
US,28,0,Ads,7,0,1,0
US,23,1,Seo,4,0,2,4
US,26,0,Seo,2,0,2,2
US,33,1,Ads,4,0,0,4
US,34,1,Direct,5,0,0,1
UK,24,1,Ads,2,0,2,2
China,31,0,Seo,7,0,1,0
UK,26,1,Direct,2,0,2,2
China,24,1,Seo,2,0,2,2
US,31,1,Ads,10,0,1,-1
US,20,1,Seo,10,0,1,-1
US,17,0,Seo,5,0,2,-1
China,25,1,Direct,2,0,2,2
US,34,0,Seo,7,0,0,-1
US,27,1,Seo,8,0,1,-1
China,30,1,Seo,3,0,2,6
US,35,0,Seo,1,0,0,5
UK,34,0,Ads,2,0,0,2
US,34,1,Seo,2,0,0,2
US,27,1,Seo,7,0,1,0
US,17,0,Ads,4,0,2,-1
US,34,1,Ads,5,0,0,1
US,22,1,Seo,1,0,2,5
UK,25,0,Ads,9,0,1,-1
China,26,0,Ads,1,0,2,5
US,35,0,Seo,15,1,1,-1
US,31,0,Seo,3,0,2,6
China,34,1,Ads,4,0,0,4
US,28,0,Seo,4,0,2,4
China,20,1,Ads,5,0,2,1
UK,23,0,Seo,5,0,2,1
UK,31,0,Direct,5,0,2,1
US,27,1,Seo,13,0,1,-1
US,33,1,Ads,11,0,1,-1
China,21,1,Direct,2,0,2,2
UK,23,1,Seo,6,0,2,3
UK,40,1,Ads,3,0,0,-1
China,40,1,Direct,3,0,0,-1
US,25,0,Ads,8,0,1,-1
China,21,0,Seo,1,0,2,5
US,36,0,Direct,5,0,0,1
US,32,0,Seo,14,1,1,-1
US,31,0,Seo,3,0,2,6
US,32,1,Ads,6,0,0,3
China,47,1,Seo,6,0,0,-1
China,33,1,Direct,2,0,0,2
UK,21,0,Direct,6,0,2,-1
China,23,1,Seo,1,0,2,5
US,34,1,Seo,6,0,0,3
US,40,1,Direct,8,0,0,-1
UK,21,1,Direct,6,0,2,-1
US,32,0,Direct,5,0,0,1
US,38,1,Ads,5,0,0,1
US,39,1,Ads,11,0,1,-1
China,22,1,Direct,12,0,1,-1
China,25,1,Seo,2,0,2,2
US,26,1,Ads,3,0,2,6
China,17,1,Seo,4,0,2,-1
US,45,0,Ads,7,0,0,-1
US,36,1,Seo,3,0,0,6
US,32,1,Ads,3,0,2,6
China,21,1,Seo,3,0,2,6
US,47,0,Seo,8,0,0,-1
US,24,1,Ads,10,0,1,-1
UK,25,1,Ads,8,0,1,-1
US,25,1,Seo,2,0,2,2
UK,23,0,Ads,12,1,1,-1
US,30,0,Seo,5,0,2,1
US,18,1,Ads,11,1,1,-1
US,17,1,Ads,6,0,2,-1
US,26,1,Ads,7,0,1,0
China,28,0,Seo,8,0,1,-1
China,30,1,Seo,5,0,2,1
US,24,1,Seo,5,0,2,1
US,47,1,Direct,7,0,0,-1
US,44,0,Seo,7,0,0,-1
US,48,1,Ads,9,0,0,-1
Germany,42,1,Direct,8,0,0,-1
China,32,1,Seo,2,0,2,2
China,33,1,Seo,3,0,0,6
US,41,1,Ads,9,0,0,-1
US,22,0,Ads,1,0,2,5
UK,34,0,Ads,6,0,0,3
US,33,1,Seo,8,0,1,-1
Germany,30,1,Seo,8,0,1,-1
US,20,1,Seo,15,1,1,-1
US,17,1,Direct,3,0,2,-1
China,37,1,Direct,9,0,1,-1
US,22,1,Seo,1,0,2,5
US,26,0,Direct,7,0,1,0
UK,28,1,Direct,2,0,2,2
China,29,1,Ads,7,0,1,0
US,41,1,Ads,8,0,0,-1
US,28,1,Ads,3,0,2,6
China,18,1,Ads,10,0,1,-1
US,24,1,Seo,8,0,1,-1
China,30,1,Seo,9,0,1,-1
US,29,0,Ads,8,1,1,-1
US,29,0,Ads,4,0,2,4
US,26,0,Seo,16,1,1,-1
US,27,0,Seo,1,0,2,5
US,22,0,Direct,9,0,1,-1
US,28,1,Direct,6,0,2,3
US,30,1,Ads,6,0,2,3
US,18,0,Seo,4,0,2,4
US,17,1,Seo,3,0,2,-1
China,31,1,Direct,5,0,2,1
US,45,1,Direct,9,0,0,-1
US,40,1,Direct,6,0,0,-1
China,26,1,Seo,5,0,2,1
UK,38,0,Direct,2,0,0,2
US,19,1,Direct,4,0,2,4
China,37,1,Seo,3,0,0,6
China,31,1,Direct,1,0,2,5
US,43,1,Seo,7,0,0,-1
UK,42,1,Direct,3,0,0,-1
Germany,39,0,Direct,11,0,1,-1
US,30,1,Ads,8,0,1,-1
US,40,1,Ads,2,0,0,2
China,31,0,Direct,6,0,2,3
US,26,0,Direct,6,0,2,3
US,18,1,Seo,1,0,2,5
UK,18,1,Seo,2,0,2,2
US,27,1,Seo,8,0,1,-1
US,36,0,Ads,1,0,0,5
China,42,1,Seo,4,0,0,-1
US,27,1,Seo,6,0,2,3
Germany,25,0,Direct,10,0,1,-1
China,32,0,Ads,5,0,0,1
US,37,1,Ads,6,0,0,3
US,31,1,Direct,3,0,2,6
China,36,0,Ads,6,0,0,3
US,21,1,Ads,3,0,2,6
US,54,1,Seo,8,0,0,-1
US,24,1,Seo,1,0,2,5
China,34,0,Seo,6,0,0,3
US,23,1,Seo,4,0,2,4
UK,23,1,Direct,5,0,2,1
China,24,1,Ads,5,0,2,1
China,18,1,Direct,4,0,2,4
UK,41,0,Direct,4,0,0,-1
US,41,1,Direct,7,0,0,-1
Germany,18,0,Ads,4,0,2,4
US,37,1,Seo,1,0,0,5
US,32,1,Direct,1,0,2,5
UK,17,1,Ads,5,0,2,-1
China,48,1,Seo,2,0,0,-1
US,28,1,Seo,3,0,2,6
US,26,1,Direct,1,0,2,5
China,30,1,Direct,7,0,1,0
China,35,0,Ads,2,0,0,2
US,27,1,Seo,4,0,2,4
US,23,0,Seo,3,0,2,6
US,37,1,Direct,6,0,0,3
US,30,0,Direct,4,0,2,4
US,45,0,Seo,1,0,0,-1
US,39,1,Seo,2,0,0,2
US,21,1,Ads,5,0,2,1
US,30,1,Seo,2,0,2,2
US,24,1,Seo,4,0,2,4
Germany,23,1,Seo,6,0,2,3
UK,32,0,Seo,1,0,2,5
UK,40,0,Seo,2,0,0,2
US,47,1,Ads,4,0,0,-1
Germany,30,1,Direct,1,0,2,5
US,19,1,Seo,6,0,2,-1
China,22,1,Ads,7,0,2,-1
US,21,1,Seo,3,0,2,6
US,31,1,Seo,2,0,2,2
US,39,1,Seo,6,0,0,-1
US,18,1,Direct,7,0,2,-1
China,40,1,Ads,2,0,0,2
US,40,1,Seo,7,0,0,-1
US,22,1,Ads,8,0,1,-1
China,34,1,Seo,14,0,1,-1
US,47,1,Seo,14,0,1,-1
China,18,1,Ads,1,0,2,5
China,24,1,Ads,9,0,1,-1
US,21,1,Seo,4,0,2,4
China,44,0,Seo,3,0,0,-1
US,30,0,Seo,4,0,2,4
US,31,1,Ads,4,0,2,4
US,27,1,Seo,3,0,2,6
US,17,1,Ads,6,0,2,-1
China,22,1,Ads,7,0,2,-1
US,31,1,Ads,3,0,2,6
US,27,1,Direct,3,0,2,6
US,26,1,Seo,4,0,2,4
US,20,0,Ads,8,0,1,-1
US,21,1,Ads,2,0,2,2
China,21,0,Seo,5,0,2,1
US,30,0,Ads,8,1,1,-1
China,42,1,Ads,3,0,0,-1
China,24,1,Seo,2,0,2,2
US,39,1,Ads,5,0,0,-1
US,35,0,Seo,5,0,0,1
China,37,0,Seo,5,0,0,1
US,19,0,Direct,4,0,2,4
UK,29,0,Seo,4,0,2,4
US,36,1,Seo,8,0,1,-1
US,41,1,Seo,7,0,0,-1
China,31,0,Seo,9,0,1,-1
US,25,1,Ads,5,0,2,1
US,33,0,Seo,4,0,0,4
US,34,1,Seo,1,0,0,5
US,35,1,Direct,1,0,0,5
UK,21,1,Direct,2,0,2,2
US,22,1,Seo,6,0,2,3
US,20,0,Ads,5,0,2,1
US,28,1,Ads,7,0,1,0
US,32,1,Seo,4,0,0,4
US,35,1,Seo,2,0,0,2
US,27,1,Seo,2,0,2,2
China,29,1,Ads,6,0,2,3
US,44,0,Seo,3,0,0,-1
US,31,0,Seo,3,0,2,6
UK,42,0,Direct,2,0,0,2
Germany,34,1,Ads,1,0,0,5
UK,37,0,Seo,1,0,0,5
China,37,1,Seo,4,0,0,4
UK,34,1,Ads,8,0,1,-1
China,35,1,Ads,6,0,0,3
US,18,0,Direct,7,0,2,-1
US,32,0,Seo,1,0,2,5
US,25,1,Seo,6,0,2,3
China,26,0,Direct,3,0,2,6
China,33,0,Seo,4,0,0,4
UK,26,1,Ads,2,0,2,2
Germany,28,1,Ads,2,0,2,2
US,25,0,Seo,3,0,2,6
China,37,1,Ads,1,0,0,5
US,27,0,Ads,4,0,2,4
Germany,43,0,Direct,3,0,0,-1
US,19,1,Direct,11,0,1,-1
China,34,1,Direct,5,0,0,1
China,24,1,Seo,3,0,2,6
China,33,1,Seo,1,0,0,5
US,19,1,Ads,1,0,2,5
UK,29,0,Ads,15,1,1,-1
US,28,1,Ads,5,0,2,1
US,42,1,Direct,3,0,0,-1
UK,27,1,Seo,2,0,2,2
China,32,0,Ads,8,0,1,-1
US,39,0,Ads,2,0,0,2
US,19,1,Ads,12,0,1,-1
US,36,0,Seo,5,0,0,1
China,32,1,Direct,1,0,2,5
US,36,1,Ads,1,0,0,5
UK,38,0,Seo,5,0,0,1
US,35,0,Ads,4,0,0,4
China,38,1,Ads,4,0,0,4
China,33,0,Seo,5,0,0,1
China,27,0,Ads,4,0,2,4
US,25,1,Seo,14,0,1,-1
China,31,0,Ads,7,0,1,0
US,29,0,Direct,5,0,2,1
UK,38,1,Ads,4,0,0,4
China,39,1,Direct,2,0,0,2
Germany,27,1,Seo,1,0,2,5
US,33,1,Seo,5,0,0,1
US,24,1,Seo,4,0,2,4
UK,25,0,Seo,1,0,2,5
UK,32,0,Seo,1,0,2,5
US,36,0,Seo,7,0,0,-1
US,26,1,Seo,7,0,1,0
US,31,1,Seo,10,0,1,-1
US,43,1,Direct,1,0,0,-1
US,26,1,Seo,13,1,1,-1
US,34,1,Seo,5,0,0,1
US,18,1,Ads,7,0,2,-1
US,28,0,Ads,5,0,2,1
US,36,0,Seo,5,0,0,1
UK,26,0,Seo,7,0,1,0
US,27,0,Seo,11,0,1,-1
US,29,1,Seo,7,0,1,0
China,29,0,Direct,6,0,2,3
US,23,1,Ads,6,0,2,3
Germany,51,0,Ads,1,0,0,-1
US,35,1,Seo,4,0,0,4
US,34,1,Seo,7,0,0,-1
US,39,1,Seo,7,0,0,-1
US,27,1,Seo,8,0,1,-1
US,41,1,Seo,2,0,0,2
US,27,1,Direct,2,0,2,2
China,31,0,Seo,1,0,2,5
China,24,1,Direct,12,0,1,-1
US,28,1,Direct,9,0,1,-1
China,30,1,Seo,4,0,2,4
US,37,0,Direct,1,0,0,5
UK,34,0,Seo,5,0,0,1
US,23,1,Seo,1,0,2,5
China,33,1,Seo,2,0,0,2
China,28,1,Seo,3,0,2,6
US,23,1,Seo,7,0,2,-1
US,33,1,Ads,1,0,0,5
US,30,0,Seo,10,0,1,-1
US,22,1,Ads,5,0,2,1
US,33,0,Direct,6,0,0,3
US,24,1,Seo,5,0,2,1
US,26,0,Seo,3,0,2,6
UK,34,1,Direct,5,0,0,1
US,33,1,Direct,6,0,0,3
US,45,1,Direct,3,0,0,-1
US,19,0,Direct,8,0,1,-1
Germany,25,1,Direct,16,1,1,-1
US,32,0,Ads,5,0,0,1
US,24,1,Direct,4,0,2,4
China,30,1,Seo,6,0,2,3
US,28,1,Seo,1,0,2,5
US,36,1,Seo,6,0,0,3
US,35,1,Ads,6,0,0,3
China,29,0,Seo,4,0,2,4
US,28,1,Seo,9,0,1,-1
US,22,1,Direct,1,0,2,5
US,35,1,Direct,4,0,0,4
US,39,0,Ads,4,0,0,4
China,40,0,Seo,3,0,0,-1
US,45,1,Ads,6,0,0,-1
China,37,1,Seo,6,0,0,3
China,27,1,Seo,1,0,2,5
China,18,0,Seo,5,0,2,-1
US,21,1,Direct,6,0,2,-1
US,28,1,Seo,3,0,2,6
US,28,1,Direct,1,0,2,5
US,22,1,Direct,1,0,2,5
UK,26,0,Seo,15,0,1,-1
US,33,1,Ads,5,0,0,1
US,19,1,Seo,4,0,2,4
US,27,0,Seo,5,0,2,1
China,37,1,Seo,3,0,0,6
US,43,1,Seo,5,0,0,-1
US,29,1,Ads,2,0,2,2
US,29,1,Seo,3,0,2,6
US,30,0,Direct,3,0,2,6
US,32,1,Seo,5,0,0,1
UK,22,1,Ads,3,0,2,6
China,19,1,Ads,6,0,2,-1
US,25,1,Direct,4,0,2,4
Germany,25,1,Direct,3,0,2,6
China,28,1,Direct,2,0,2,2
Germany,32,1,Ads,7,0,1,0
China,24,0,Seo,4,0,2,4
China,36,1,Seo,4,0,0,4
US,33,1,Seo,10,0,1,-1
China,39,1,Seo,9,0,1,-1
US,25,0,Ads,1,0,2,5
US,45,0,Ads,2,0,0,-1
US,21,0,Seo,1,0,2,5
US,20,0,Seo,6,0,2,-1
US,20,1,Ads,3,0,2,6
China,41,1,Seo,5,0,0,-1
China,19,1,Seo,5,0,2,1
UK,35,0,Seo,2,0,0,2
US,27,1,Seo,3,0,2,6
China,38,1,Seo,5,0,0,1
US,36,1,Seo,1,0,0,5
China,42,1,Direct,9,0,0,-1
US,41,1,Ads,8,0,0,-1
US,38,1,Direct,2,0,0,2
US,42,1,Ads,6,0,0,-1
US,22,1,Direct,5,0,2,1
US,36,0,Ads,2,0,0,2
China,26,1,Ads,10,0,1,-1
China,45,1,Direct,7,0,0,-1
US,30,1,Seo,3,0,2,6
UK,32,1,Ads,3,0,2,6
China,28,1,Direct,6,0,2,3
US,26,1,Seo,2,0,2,2
US,23,1,Direct,5,0,2,1
UK,18,1,Ads,5,0,2,-1
US,24,1,Ads,6,0,2,3
US,23,1,Seo,5,0,2,1
US,38,1,Ads,6,0,0,-1
US,33,0,Seo,4,0,0,4
US,20,1,Ads,8,0,1,-1
US,32,1,Seo,5,0,0,1
US,38,1,Ads,3,0,0,6
China,22,1,Seo,11,0,1,-1
US,31,0,Seo,3,0,2,6
US,39,0,Ads,7,0,0,-1
China,24,1,Seo,1,0,2,5
Germany,38,1,Seo,5,0,0,1
US,49,1,Seo,10,0,0,-1
UK,47,1,Direct,9,0,0,-1
US,36,1,Direct,11,0,1,-1
UK,23,1,Direct,6,0,2,3
US,23,1,Seo,1,0,2,5
US,31,1,Ads,8,0,1,-1
US,31,1,Ads,3,0,2,6
US,24,0,Direct,13,1,1,-1
China,24,1,Direct,9,0,1,-1
US,48,1,Direct,4,0,0,-1
US,44,0,Seo,3,0,0,-1
UK,25,1,Direct,4,0,2,4
US,26,1,Direct,10,0,1,-1
US,29,1,Direct,5,0,2,1
UK,22,0,Ads,10,1,1,-1
UK,34,1,Ads,1,0,0,5
US,40,0,Seo,12,0,1,-1
US,35,1,Seo,7,0,0,-1
US,36,0,Ads,4,0,0,4
US,22,0,Seo,6,0,2,3
China,28,1,Direct,10,0,1,-1
US,30,1,Ads,8,0,1,-1
US,32,0,Ads,13,0,1,-1
US,44,0,Ads,2,0,0,-1
US,45,1,Seo,1,0,0,-1
China,42,0,Direct,2,0,0,2
UK,47,0,Ads,8,0,0,-1
Germany,35,0,Ads,1,0,0,5
US,27,0,Ads,3,0,2,6
UK,26,1,Direct,8,0,1,-1
US,41,1,Seo,2,0,0,2
US,33,1,Seo,4,0,0,4
US,24,1,Direct,5,0,2,1
China,34,1,Direct,2,0,0,2
UK,18,0,Direct,6,0,2,-1
US,27,1,Ads,6,0,2,3
UK,25,0,Direct,12,0,1,-1
US,41,1,Seo,4,0,0,-1
Germany,48,1,Seo,7,0,0,-1
US,44,0,Seo,6,0,0,-1
US,43,1,Seo,5,0,0,-1
US,21,1,Ads,1,0,2,5
US,40,1,Ads,5,0,0,-1
US,40,0,Ads,3,0,0,-1
US,18,1,Seo,4,0,2,4
US,36,1,Ads,2,0,0,2
US,18,1,Direct,1,0,2,5
US,28,0,Ads,7,0,1,0
US,38,1,Seo,1,0,0,5
UK,34,1,Seo,7,0,0,-1
US,17,1,Direct,4,0,2,-1
US,31,1,Seo,4,0,2,4
China,21,1,Ads,1,0,2,5
US,29,1,Seo,4,0,2,4
US,19,1,Ads,2,0,2,2
UK,25,1,Seo,2,0,2,2
US,28,1,Seo,9,0,1,-1
UK,40,0,Seo,7,0,0,-1
China,36,1,Seo,3,0,0,6
US,32,1,Seo,1,0,2,5
US,26,0,Seo,7,0,1,0
China,32,1,Ads,9,0,1,-1
China,22,1,Ads,6,0,2,3
China,19,1,Ads,2,0,2,2
US,21,0,Seo,5,0,2,1
US,37,0,Ads,7,0,0,-1
China,47,1,Seo,7,0,0,-1
US,27,1,Seo,2,0,2,2
US,28,1,Seo,6,0,2,3
US,25,0,Direct,4,0,2,4
US,21,0,Seo,6,0,2,-1
US,21,1,Ads,8,0,1,-1
Germany,33,1,Direct,5,0,0,1
China,34,1,Seo,8,0,1,-1
US,30,1,Seo,7,0,1,0
UK,26,1,Direct,6,0,2,3
UK,42,1,Direct,2,0,0,2
Germany,30,0,Seo,2,0,2,2
UK,20,1,Seo,3,0,2,6
US,23,1,Direct,3,0,2,6
UK,32,1,Ads,5,0,0,1
China,23,0,Ads,1,0,2,5
US,34,1,Seo,5,0,0,1
UK,41,1,Seo,5,0,0,-1
China,30,0,Seo,2,0,2,2
US,17,0,Seo,9,0,1,-1
US,45,1,Seo,7,0,0,-1
US,32,1,Ads,7,0,1,0
US,32,0,Seo,2,0,2,2
China,38,0,Seo,6,0,0,-1
US,39,1,Ads,11,0,1,-1
US,46,1,Seo,7,0,0,-1
US,29,1,Direct,3,0,2,6
China,46,1,Seo,3,0,0,-1
US,23,1,Direct,3,0,2,6
US,25,1,Seo,3,0,2,6
China,30,1,Seo,6,0,2,3
China,27,1,Ads,6,0,2,3
UK,43,0,Seo,11,0,1,-1
China,29,0,Ads,1,0,2,5
China,18,1,Seo,7,0,2,-1
China,24,1,Ads,12,0,1,-1
China,30,1,Direct,6,0,2,3
US,29,0,Seo,5,0,2,1
US,26,0,Direct,3,0,2,6
US,36,0,Seo,4,0,0,4
UK,26,1,Direct,7,0,1,0
US,39,0,Direct,7,0,0,-1
US,49,0,Seo,6,0,0,-1
US,33,1,Direct,2,0,0,2
China,46,1,Seo,4,0,0,-1
China,36,1,Direct,3,0,0,6
US,30,1,Seo,4,0,2,4
US,28,1,Ads,4,0,2,4
US,29,1,Ads,8,0,1,-1
US,34,1,Seo,6,0,0,3
UK,49,1,Direct,6,0,0,-1
US,18,1,Direct,3,0,2,6
China,28,1,Seo,6,0,2,3
US,31,0,Ads,4,0,2,4
US,36,1,Seo,6,0,0,3
China,40,1,Direct,12,0,1,-1
China,30,0,Seo,1,0,2,5
US,24,1,Seo,18,1,1,-1
US,34,1,Ads,1,0,0,5
Germany,40,1,Seo,2,0,0,2
US,29,0,Seo,2,0,2,2
US,34,1,Direct,2,0,0,2
US,21,1,Seo,4,0,2,4
US,20,1,Direct,11,0,1,-1
US,38,0,Seo,6,0,0,-1
UK,19,1,Direct,1,0,2,5
UK,17,1,Seo,7,0,2,-1
China,21,1,Ads,11,0,1,-1
US,50,1,Seo,6,0,0,-1
US,17,1,Seo,10,0,1,-1
US,43,1,Seo,4,0,0,-1
UK,34,0,Direct,2,0,0,2
US,28,1,Ads,8,0,1,-1
UK,26,0,Direct,1,0,2,5
US,19,1,Ads,2,0,2,2
China,21,1,Direct,2,0,2,2
UK,29,1,Seo,15,1,1,-1
US,31,1,Direct,2,0,2,2
UK,23,1,Seo,3,0,2,6
China,30,1,Seo,3,0,2,6
US,40,1,Seo,10,0,1,-1
US,34,1,Ads,6,0,0,3
China,27,0,Ads,5,0,2,1
US,30,1,Ads,6,0,2,3
US,36,0,Seo,9,0,1,-1
US,32,0,Seo,7,0,1,0
China,25,0,Ads,1,0,2,5
US,17,1,Direct,10,0,1,-1
US,40,1,Seo,2,0,0,2
US,29,1,Seo,5,0,2,1
China,31,0,Seo,1,0,2,5
US,40,0,Seo,11,0,1,-1
UK,28,1,Direct,5,0,2,1
US,18,1,Seo,7,0,2,-1
US,22,1,Direct,1,0,2,5
China,44,1,Ads,1,0,0,-1
US,29,1,Direct,6,0,2,3
US,34,1,Seo,2,0,0,2
US,21,0,Seo,18,1,1,-1
US,29,0,Seo,3,0,2,6
US,33,1,Direct,14,1,1,-1
US,38,1,Seo,3,0,0,6
UK,46,0,Ads,3,0,0,-1
Germany,40,1,Seo,6,0,0,-1
US,39,1,Ads,3,0,0,6
US,23,1,Direct,7,0,2,-1
US,34,0,Ads,9,0,1,-1
Germany,35,0,Seo,7,0,0,-1
China,21,1,Seo,4,0,2,4
US,24,1,Direct,4,0,2,4
US,25,1,Seo,3,0,2,6
US,37,0,Seo,6,0,0,3
US,19,0,Ads,4,0,2,4
UK,40,1,Ads,2,0,0,2
US,36,0,Direct,8,0,1,-1
UK,32,1,Seo,4,0,0,4
China,18,1,Seo,6,0,2,-1
UK,20,1,Direct,9,0,1,-1
Germany,40,0,Seo,5,0,0,-1
US,39,1,Seo,2,0,0,2
US,21,1,Seo,6,0,2,-1
US,24,1,Seo,3,0,2,6
US,22,1,Direct,5,0,2,1
US,22,1,Direct,3,0,2,6
China,38,1,Seo,4,0,0,4
Germany,26,1,Ads,10,0,1,-1
UK,41,0,Seo,1,0,0,-1
US,27,0,Seo,3,0,2,6
US,25,1,Seo,10,0,1,-1
US,39,1,Direct,9,0,1,-1
US,39,1,Direct,8,0,0,-1
China,27,0,Ads,3,0,2,6
UK,25,1,Seo,5,0,2,1
US,27,1,Seo,5,0,2,1
US,21,1,Seo,3,0,2,6
US,24,1,Direct,3,0,2,6
China,22,1,Seo,1,0,2,5
China,22,0,Direct,1,0,2,5
US,25,0,Ads,3,0,2,6
UK,32,1,Ads,3,0,2,6
US,39,0,Seo,2,0,0,2
China,30,1,Seo,8,0,1,-1
China,18,0,Ads,9,0,1,-1
US,19,1,Seo,6,0,2,-1
US,38,1,Seo,2,0,0,2
US,34,1,Seo,6,0,0,3
China,42,1,Seo,1,0,0,-1
US,44,1,Ads,8,0,0,-1
China,45,1,Ads,3,0,0,-1
China,19,0,Direct,3,0,2,6
US,54,1,Seo,4,0,0,-1
US,41,1,Ads,6,0,0,-1
US,39,1,Ads,3,0,0,6
US,34,1,Ads,3,0,0,6
China,25,1,Seo,9,0,1,-1
US,30,1,Seo,1,0,2,5
US,44,1,Ads,7,0,0,-1
UK,22,1,Direct,4,0,2,4
US,27,0,Seo,11,0,1,-1
US,20,0,Ads,11,0,1,-1
UK,18,1,Seo,5,0,2,-1
US,20,0,Seo,12,1,1,-1
US,28,1,Direct,4,0,2,4
US,36,1,Seo,4,0,0,4
US,18,1,Ads,2,0,2,2
US,30,0,Ads,6,0,2,3
UK,27,1,Seo,1,0,2,5
China,26,1,Seo,5,0,2,1
US,29,1,Direct,2,0,2,2
US,33,1,Seo,2,0,0,2
China,26,1,Seo,6,0,2,3
Germany,31,1,Direct,10,0,1,-1
US,27,0,Seo,3,0,2,6
US,17,0,Ads,19,1,1,-1
US,32,0,Ads,7,0,1,0
US,37,1,Seo,3,0,0,6
China,29,0,Direct,3,0,2,6
US,38,1,Seo,3,0,0,6
China,38,1,Seo,4,0,0,4
China,35,1,Ads,1,0,0,5
US,28,1,Seo,2,0,2,2
US,31,0,Seo,8,0,1,-1
UK,21,0,Direct,8,0,1,-1
US,32,1,Seo,2,0,2,2
US,32,1,Ads,1,0,2,5
US,28,0,Direct,3,0,2,6
UK,25,1,Direct,4,0,2,4
China,31,1,Ads,1,0,2,5
China,29,0,Seo,9,0,1,-1
US,28,1,Ads,2,0,2,2
China,43,1,Seo,7,0,0,-1
US,23,0,Seo,2,0,2,2
US,32,1,Direct,5,0,0,1
US,18,1,Ads,5,0,2,-1
US,28,0,Seo,3,0,2,6
UK,29,1,Ads,3,0,2,6
UK,56,0,Direct,6,0,0,-1
US,32,1,Seo,1,0,2,5
US,38,1,Seo,9,0,1,-1
US,40,0,Seo,2,0,0,2
US,28,1,Seo,9,0,1,-1
US,22,1,Direct,3,0,2,6
US,19,0,Seo,7,0,2,-1
UK,27,1,Ads,1,0,2,5
US,32,0,Seo,4,1,0,4
US,50,1,Seo,1,0,0,-1
China,45,1,Direct,7,0,0,-1
UK,20,0,Direct,4,0,2,4
US,28,1,Ads,5,0,2,1
US,33,0,Direct,5,0,0,1
UK,33,0,Ads,4,0,0,4
China,44,1,Seo,3,0,0,-1
US,27,1,Direct,5,0,2,1
US,28,1,Seo,5,0,2,1
China,30,1,Ads,4,0,2,4
China,28,0,Seo,7,0,1,0
US,31,1,Direct,11,0,1,-1
US,24,1,Ads,3,0,2,6
US,36,1,Direct,5,0,0,1
China,30,0,Direct,7,0,1,0
Germany,30,1,Seo,6,0,2,3
US,22,0,Direct,2,0,2,2
US,30,1,Seo,3,0,2,6
China,24,1,Seo,1,0,2,5
US,29,1,Direct,2,0,2,2
US,39,0,Seo,2,0,0,2
UK,24,0,Direct,6,0,2,3
US,22,1,Ads,2,0,2,2
US,22,1,Seo,4,0,2,4
US,27,0,Seo,1,0,2,5
US,28,1,Ads,1,0,2,5
US,38,1,Seo,1,0,0,5
US,38,1,Ads,1,0,0,5
US,30,1,Seo,5,0,2,1
UK,46,1,Ads,2,0,0,-1
UK,33,1,Direct,8,0,1,-1
US,27,1,Ads,1,0,2,5
China,34,1,Seo,9,0,1,-1
China,28,0,Seo,3,0,2,6
US,24,1,Seo,5,0,2,1
US,18,0,Ads,2,0,2,2
US,39,1,Ads,4,0,0,4
UK,38,0,Seo,3,0,0,6
UK,28,1,Direct,3,0,2,6
US,21,1,Ads,5,0,2,1
China,37,1,Seo,3,0,0,6
US,31,1,Ads,1,0,2,5
US,25,0,Direct,5,0,2,1
US,22,0,Ads,4,0,2,4
China,25,1,Direct,7,0,1,0
UK,27,1,Seo,8,0,1,-1
US,32,0,Seo,5,0,0,1
China,41,1,Seo,8,0,0,-1
China,46,1,Direct,3,0,0,-1
US,44,1,Ads,5,0,0,-1
China,27,1,Ads,2,0,2,2
US,32,1,Ads,2,0,2,2
China,17,0,Ads,1,0,2,-1
US,39,1,Seo,2,0,0,2
UK,22,1,Ads,4,0,2,4
UK,39,1,Direct,7,0,0,-1
UK,23,1,Seo,13,1,1,-1
US,32,0,Seo,6,0,0,3
China,31,1,Ads,3,0,2,6
US,19,1,Seo,7,0,2,-1
US,17,1,Seo,12,0,1,-1
China,19,0,Seo,3,0,2,6
US,33,0,Direct,4,0,0,4
US,26,0,Ads,5,0,2,1
US,42,0,Ads,3,0,0,-1
US,46,1,Direct,3,0,0,-1
China,33,1,Direct,10,0,1,-1
US,23,1,Ads,5,0,2,1
US,24,1,Ads,1,0,2,5
US,22,1,Direct,9,0,1,-1
US,35,1,Seo,5,0,0,1
China,43,1,Ads,4,0,0,-1
US,21,1,Seo,1,0,2,5
China,44,1,Direct,6,0,0,-1
China,41,0,Seo,13,0,1,-1
US,30,1,Seo,3,0,2,6
US,35,1,Seo,3,0,0,6
US,39,1,Direct,10,0,1,-1
US,28,0,Seo,10,0,1,-1
China,19,1,Seo,3,0,2,6
China,23,1,Seo,1,0,2,5
US,19,1,Ads,3,0,2,6
US,36,1,Direct,10,1,1,-1
US,19,1,Seo,6,0,2,-1
US,25,0,Seo,8,0,1,-1
China,26,0,Ads,7,0,1,0
China,23,1,Seo,5,0,2,1
US,27,1,Seo,3,0,2,6
UK,37,1,Ads,1,0,0,5
China,37,1,Seo,3,0,0,6
Germany,20,1,Ads,4,0,2,4
Germany,27,0,Ads,8,0,1,-1
US,25,0,Seo,6,0,2,3
US,27,0,Direct,3,0,2,6
China,35,1,Seo,3,0,0,6
US,19,1,Seo,6,0,2,-1
US,20,0,Seo,17,1,1,-1
UK,36,0,Direct,2,0,0,2
US,24,1,Ads,8,0,1,-1
UK,38,1,Seo,4,0,0,4
US,30,0,Ads,7,0,1,0
US,48,1,Direct,7,0,0,-1
UK,37,1,Direct,3,0,0,6
UK,29,0,Seo,11,1,1,-1
US,25,0,Seo,8,0,1,-1
US,20,1,Direct,1,0,2,5
US,19,0,Seo,8,0,1,-1
US,26,1,Seo,6,0,2,3
Germany,29,0,Direct,3,0,2,6
US,21,1,Direct,1,0,2,5
US,26,0,Ads,2,0,2,2
US,49,1,Seo,6,0,0,-1
US,46,1,Ads,11,0,1,-1
China,40,1,Seo,1,0,0,5
US,42,1,Seo,2,0,0,2
US,29,0,Direct,9,0,1,-1
UK,40,1,Seo,10,0,1,-1
UK,39,1,Seo,7,0,0,-1
US,19,1,Seo,8,0,1,-1
US,24,1,Ads,3,0,2,6
China,37,1,Seo,9,0,1,-1
US,22,1,Seo,6,0,2,3
China,40,1,Ads,13,0,1,-1
US,38,1,Direct,5,0,0,1
US,30,0,Seo,5,0,2,1
UK,33,0,Seo,6,0,0,3
Germany,33,0,Seo,1,0,0,5
China,23,0,Seo,13,1,1,-1
UK,39,0,Seo,1,0,0,5
UK,24,1,Ads,5,0,2,1
China,41,1,Seo,4,0,0,-1
US,37,0,Direct,5,0,0,1
US,33,1,Seo,7,0,1,0
US,21,1,Seo,1,0,2,5
UK,28,1,Seo,1,0,2,5
US,27,0,Ads,2,0,2,2
US,18,1,Ads,4,0,2,4
China,40,0,Ads,15,0,1,-1
UK,38,1,Seo,4,0,0,4
US,47,0,Seo,3,0,0,-1
UK,39,1,Ads,6,0,0,-1
US,24,0,Ads,3,0,2,6
UK,20,1,Ads,6,0,2,-1
US,36,0,Ads,14,1,1,-1
China,34,1,Seo,4,0,0,4
China,36,1,Direct,5,0,0,1
US,28,0,Direct,4,0,2,4
China,46,1,Ads,1,0,0,-1
UK,24,1,Seo,5,0,2,1
US,31,0,Seo,6,0,2,3
US,25,1,Seo,7,0,1,0
China,22,0,Seo,4,0,2,4
US,31,1,Seo,4,0,2,4
China,26,0,Direct,6,0,2,3
US,20,0,Seo,5,0,2,1
US,17,1,Ads,3,0,2,-1
US,36,1,Seo,5,0,0,1
UK,31,1,Seo,11,0,1,-1
US,41,1,Seo,3,0,0,-1
US,35,0,Ads,6,0,0,3
US,29,0,Seo,4,0,2,4
US,37,1,Seo,7,0,0,-1
US,18,1,Seo,4,0,2,4
US,22,1,Seo,6,0,2,3
US,26,1,Ads,3,0,2,6
China,41,1,Ads,4,0,0,-1
US,34,0,Seo,7,0,0,-1
US,30,0,Ads,1,0,2,5
China,34,1,Direct,2,0,0,2
UK,23,0,Direct,1,0,2,5
US,35,0,Direct,7,0,0,-1
US,18,1,Ads,6,0,2,-1
China,32,1,Direct,4,0,0,4
China,41,1,Seo,2,0,0,2
US,28,1,Seo,4,0,2,4
UK,29,1,Seo,3,0,2,6
UK,41,0,Direct,7,0,0,-1
UK,29,1,Seo,4,0,2,4
US,38,0,Direct,16,1,1,-1
US,18,1,Seo,7,0,2,-1
UK,39,1,Direct,8,0,0,-1
US,28,1,Ads,5,0,2,1
US,43,1,Ads,1,0,0,-1
UK,29,1,Seo,4,0,2,4
US,32,1,Ads,3,0,2,6
China,28,1,Seo,1,0,2,5
China,32,0,Seo,4,0,0,4
China,38,1,Direct,6,0,0,-1
US,28,0,Seo,2,0,2,2
UK,26,1,Seo,4,0,2,4
UK,36,1,Seo,4,0,0,4
UK,29,1,Ads,2,0,2,2
US,26,0,Ads,7,0,1,0
US,29,1,Seo,3,0,2,6
US,33,0,Direct,5,0,0,1
US,34,1,Direct,3,0,0,6
US,20,1,Direct,3,0,2,6
China,20,1,Seo,1,0,2,5
US,46,1,Seo,1,0,0,-1
China,24,1,Seo,8,0,1,-1
US,41,1,Seo,3,0,0,-1
UK,26,1,Seo,5,0,2,1
US,39,1,Direct,3,0,0,6
US,22,0,Ads,4,0,2,4
UK,26,1,Ads,3,0,2,6
US,18,1,Seo,3,0,2,6
US,20,1,Seo,6,0,2,-1
US,37,1,Seo,10,0,1,-1
US,38,0,Seo,1,0,0,5
UK,39,1,Seo,2,0,0,2
UK,44,1,Seo,1,0,0,-1
US,33,1,Direct,4,0,0,4
China,44,1,Direct,5,0,0,-1
US,25,1,Seo,3,0,2,6
UK,33,0,Seo,11,0,1,-1
US,23,1,Seo,2,0,2,2
US,29,1,Ads,7,0,1,0
US,41,1,Seo,9,0,0,-1
China,39,1,Seo,7,0,0,-1
US,49,1,Ads,3,0,0,-1
China,27,1,Direct,12,0,1,-1
US,22,0,Seo,6,0,2,3
China,25,1,Seo,2,0,2,2
US,42,1,Seo,9,0,0,-1
US,26,1,Ads,5,0,2,1
US,28,1,Direct,3,0,2,6
US,20,1,Ads,2,0,2,2
China,18,1,Seo,2,0,2,2
US,40,1,Ads,1,0,0,5
US,28,1,Direct,7,0,1,0
US,29,1,Seo,3,0,2,6
US,19,1,Seo,3,0,2,6
Germany,36,1,Seo,6,0,0,3
US,42,1,Direct,7,0,0,-1
US,23,0,Direct,1,0,2,5
China,28,1,Seo,8,0,1,-1
US,36,0,Direct,5,0,0,1
China,21,1,Seo,1,0,2,5
US,22,1,Seo,4,0,2,4
US,18,0,Seo,7,0,2,-1
Germany,28,1,Direct,1,0,2,5
US,31,1,Ads,3,0,2,6
China,54,1,Seo,12,0,0,-1
US,26,1,Seo,3,0,2,6
US,36,1,Direct,2,0,0,2
US,54,0,Seo,3,0,0,-1
US,28,1,Seo,10,0,1,-1
China,35,1,Seo,3,0,0,6
China,36,0,Seo,9,0,1,-1
US,39,1,Seo,2,0,0,2
US,34,1,Ads,6,0,0,3
China,25,0,Ads,1,0,2,5
China,26,1,Seo,7,0,1,0
US,30,1,Ads,7,0,1,0
China,26,0,Direct,5,0,2,1
US,40,0,Seo,5,0,0,-1
US,28,0,Seo,18,1,1,-1
UK,38,1,Seo,2,0,0,2
China,39,1,Ads,6,0,0,-1
China,26,1,Seo,5,0,2,1
US,34,0,Direct,7,0,0,-1
UK,26,1,Ads,2,0,2,2
US,23,1,Seo,3,0,2,6
Germany,21,1,Direct,4,0,2,4
US,25,0,Seo,6,0,2,3
Germany,17,1,Ads,4,0,2,-1
China,20,1,Seo,3,0,2,6
US,25,1,Ads,2,0,2,2
UK,26,1,Seo,1,0,2,5
US,19,1,Seo,1,0,2,5
China,38,1,Direct,4,0,0,4
US,37,0,Seo,7,0,0,-1
UK,30,0,Ads,2,0,2,2
UK,26,1,Ads,10,0,1,-1
US,28,1,Seo,2,0,2,2
UK,32,1,Direct,8,0,1,-1
US,32,0,Ads,3,0,2,6
Germany,37,0,Seo,5,0,0,1
US,19,0,Direct,5,0,2,1
US,27,1,Direct,8,0,1,-1
China,29,1,Ads,6,0,2,3
US,35,1,Ads,2,0,0,2
US,24,1,Seo,2,0,2,2
US,33,0,Direct,3,0,0,6
US,30,1,Ads,8,0,1,-1
US,32,0,Ads,9,0,1,-1
China,30,1,Seo,2,0,2,2
US,19,0,Seo,9,0,1,-1
UK,33,1,Seo,2,0,0,2
UK,18,1,Direct,9,0,1,-1
UK,25,1,Seo,5,0,2,1
UK,38,1,Direct,4,0,0,4
US,20,1,Seo,4,0,2,4
UK,28,1,Ads,6,0,2,3
US,23,0,Direct,1,0,2,5
US,37,1,Direct,3,0,0,6
China,26,1,Seo,9,0,1,-1
UK,18,0,Ads,6,0,2,-1
China,21,0,Direct,1,0,2,5
US,43,0,Seo,7,0,0,-1
US,22,1,Seo,5,0,2,1
China,48,1,Seo,3,0,0,-1
US,25,1,Ads,3,0,2,6
US,22,1,Ads,2,0,2,2
China,26,1,Seo,2,0,2,2
US,35,0,Seo,5,0,0,1
US,30,1,Seo,4,0,2,4
China,24,1,Seo,3,0,2,6
US,21,1,Seo,7,0,2,-1
US,36,1,Seo,8,0,1,-1
UK,33,1,Seo,5,0,0,1
China,33,0,Seo,7,0,1,0
UK,29,1,Seo,2,0,2,2
US,26,1,Seo,2,0,2,2
US,19,0,Ads,6,0,2,-1
China,49,0,Direct,6,0,0,-1
China,25,1,Ads,3,0,2,6
US,20,0,Direct,3,0,2,6
China,38,1,Seo,5,0,0,1
UK,27,1,Seo,4,0,2,4
US,52,1,Seo,7,0,0,-1
China,34,1,Seo,7,0,0,-1
China,26,1,Seo,7,0,1,0
China,40,1,Seo,5,0,0,-1
UK,21,0,Ads,1,0,2,5
China,23,1,Direct,4,0,2,4
US,43,1,Seo,7,0,0,-1
US,22,1,Seo,5,0,2,1
US,40,0,Seo,7,0,0,-1
US,25,1,Seo,4,0,2,4
China,32,1,Direct,10,0,1,-1
US,35,1,Direct,4,0,0,4
US,29,1,Direct,3,0,2,6
US,34,1,Direct,4,0,0,4
US,43,0,Ads,5,0,0,-1
US,34,1,Seo,6,0,0,3
China,26,0,Ads,9,0,1,-1
US,29,1,Ads,1,0,2,5
UK,47,1,Seo,2,0,0,-1
UK,37,1,Seo,1,0,0,5
China,33,0,Seo,1,0,0,5
UK,21,1,Seo,5,0,2,1
US,36,0,Seo,10,0,1,-1
US,47,0,Ads,4,0,0,-1
US,42,1,Seo,3,0,0,-1
US,33,1,Direct,4,0,0,4
US,18,0,Seo,5,0,2,-1
China,47,1,Seo,4,0,0,-1
UK,27,0,Direct,6,0,2,3
China,36,1,Ads,6,0,0,3
US,28,1,Seo,8,0,1,-1
Germany,23,1,Ads,7,0,2,-1
US,34,1,Direct,6,0,0,3
China,32,0,Direct,6,0,0,3
UK,23,0,Seo,2,0,2,2
UK,44,1,Ads,2,0,0,-1
US,31,0,Seo,11,0,1,-1
US,35,1,Ads,1,0,0,5
US,47,1,Seo,11,0,1,-1
UK,33,0,Seo,6,0,0,3
China,24,0,Seo,2,0,2,2
UK,31,1,Seo,3,0,2,6
China,19,1,Seo,1,0,2,5
US,31,1,Seo,13,0,1,-1
US,29,1,Ads,4,0,2,4
US,18,1,Direct,3,0,2,6
China,42,0,Ads,4,0,0,-1
China,47,1,Ads,4,0,0,-1
US,23,1,Ads,5,0,2,1
China,29,1,Direct,1,0,2,5
US,43,1,Ads,2,0,0,-1
US,22,0,Ads,5,0,2,1
US,42,1,Ads,4,0,0,-1
US,45,0,Ads,8,0,0,-1
US,36,1,Direct,3,0,0,6
China,37,1,Seo,6,0,0,3
China,28,1,Ads,5,0,2,1
China,34,1,Seo,7,0,0,-1
US,39,1,Seo,5,0,0,-1
US,42,1,Ads,3,0,0,-1
US,52,0,Seo,1,0,0,-1
China,41,1,Seo,5,0,0,-1
China,22,1,Seo,5,0,2,1
US,34,1,Seo,2,0,0,2
UK,32,1,Direct,1,0,2,5
US,39,1,Ads,8,0,0,-1
US,23,0,Seo,17,1,1,-1
US,38,1,Ads,2,0,0,2
US,22,1,Seo,5,0,2,1
China,41,1,Ads,12,0,1,-1
China,17,0,Seo,1,0,2,-1
US,23,1,Seo,3,0,2,6
China,42,0,Ads,4,0,0,-1
US,29,1,Direct,3,0,2,6
China,30,1,Seo,4,0,2,4
China,34,1,Seo,8,0,1,-1
US,21,1,Ads,2,0,2,2
US,27,1,Seo,4,0,2,4
China,31,1,Direct,3,0,2,6
US,36,1,Seo,5,0,0,1
US,24,1,Direct,10,0,1,-1
US,31,1,Ads,2,0,2,2
China,27,1,Ads,7,0,1,0
US,42,1,Ads,6,0,0,-1
US,28,1,Seo,4,0,2,4
US,32,0,Seo,11,0,1,-1
US,35,1,Direct,4,0,0,4
China,27,1,Seo,7,0,1,0
US,31,1,Seo,8,0,1,-1
US,51,1,Seo,4,0,0,-1
US,33,1,Ads,5,0,0,1
US,30,1,Seo,3,0,2,6
China,25,0,Seo,4,0,2,4
UK,27,0,Direct,2,0,2,2
UK,21,1,Seo,5,0,2,1
UK,18,1,Seo,6,0,2,-1
China,25,1,Seo,6,0,2,3
UK,23,1,Direct,9,0,1,-1
UK,18,1,Ads,2,0,2,2
US,53,1,Ads,5,0,0,-1
China,18,1,Ads,2,0,2,2
US,40,0,Seo,13,1,1,-1
UK,37,1,Ads,3,0,0,6
UK,23,1,Ads,12,0,1,-1
US,55,0,Direct,4,0,0,-1
UK,33,1,Ads,12,0,1,-1
US,27,0,Seo,8,0,1,-1
China,41,1,Ads,2,0,0,2
US,34,1,Direct,4,0,0,4
China,23,1,Seo,1,0,2,5
Germany,22,1,Seo,5,0,2,1
US,18,1,Seo,1,0,2,5
US,19,1,Ads,1,0,2,5
US,20,1,Direct,3,0,2,6
US,41,1,Ads,3,0,0,-1
UK,30,1,Seo,2,0,2,2
US,37,1,Seo,10,0,1,-1
UK,19,1,Seo,5,0,2,1
US,45,1,Seo,6,0,0,-1
US,34,0,Direct,4,0,0,4
China,27,0,Direct,1,0,2,5
Germany,23,1,Seo,8,0,1,-1
US,46,1,Ads,1,0,0,-1
US,28,1,Seo,5,0,2,1
China,37,1,Ads,4,0,0,4
US,22,1,Direct,10,0,1,-1
China,30,1,Direct,3,0,2,6
China,31,0,Ads,8,0,1,-1
UK,44,1,Seo,1,0,0,-1
US,35,1,Ads,8,0,1,-1
US,27,1,Direct,5,0,2,1
US,31,0,Ads,4,0,2,4
Germany,52,1,Ads,3,0,0,-1
China,25,0,Direct,1,0,2,5
US,21,1,Seo,2,0,2,2
China,45,0,Direct,2,0,0,-1
Germany,29,1,Direct,6,0,2,3
China,26,1,Ads,7,0,1,0
US,31,1,Seo,5,0,2,1
China,23,1,Direct,6,0,2,3
China,18,1,Ads,3,0,2,6
China,31,1,Seo,5,0,2,1
US,18,1,Direct,2,0,2,2
US,38,0,Ads,6,0,0,-1
UK,34,1,Ads,5,0,0,1
China,39,1,Ads,5,0,0,-1
China,24,1,Direct,3,0,2,6
US,26,1,Ads,2,0,2,2
China,29,1,Ads,14,0,1,-1
US,33,1,Ads,10,0,1,-1
US,28,0,Direct,2,0,2,2
UK,18,1,Seo,4,0,2,4
US,30,1,Seo,7,0,1,0
US,29,1,Seo,3,0,2,6
China,33,1,Ads,4,0,0,4
US,43,1,Direct,7,0,0,-1
China,27,1,Ads,5,0,2,1
UK,37,0,Seo,5,0,0,1
US,38,0,Seo,5,0,0,1
China,47,1,Ads,6,0,0,-1
US,33,1,Direct,2,0,0,2
China,45,1,Seo,12,0,1,-1
China,17,1,Seo,1,0,2,-1
UK,24,1,Ads,4,0,2,4
US,25,1,Direct,3,0,2,6
US,36,1,Seo,4,0,0,4
China,50,1,Seo,5,0,0,-1
US,36,1,Direct,7,0,0,-1
China,26,1,Direct,3,0,2,6
US,21,1,Direct,7,0,2,-1
Germany,44,1,Ads,3,0,0,-1
US,19,1,Ads,6,0,2,-1
UK,25,1,Ads,14,0,1,-1
UK,33,1,Direct,5,0,0,1
China,27,0,Seo,2,0,2,2
US,41,1,Seo,5,0,0,-1
US,27,1,Direct,6,0,2,3
US,19,1,Ads,7,0,2,-1
US,48,1,Seo,11,0,0,-1
China,20,0,Direct,4,0,2,4
China,17,0,Direct,1,0,2,-1
US,40,1,Ads,5,0,0,-1
UK,40,0,Seo,4,0,0,4
US,22,1,Seo,5,0,2,1
US,42,1,Seo,8,0,0,-1
US,36,1,Direct,5,0,0,1
China,29,0,Direct,8,0,1,-1
China,31,1,Seo,5,0,2,1
US,33,1,Ads,8,0,1,-1
US,23,1,Direct,5,0,2,1
US,21,0,Direct,4,0,2,4
US,25,1,Direct,2,0,2,2
US,23,0,Direct,3,0,2,6
US,26,1,Direct,2,0,2,2
US,34,1,Seo,1,0,0,5
US,35,1,Seo,3,0,0,6
US,23,1,Seo,5,0,2,1
US,40,1,Seo,13,0,1,-1
US,34,1,Seo,2,0,0,2
US,40,1,Seo,5,0,0,-1
US,24,1,Seo,1,0,2,5
US,35,0,Direct,2,0,0,2
UK,25,0,Direct,3,0,2,6
US,35,1,Direct,4,0,0,4
China,25,1,Seo,3,0,2,6
Germany,28,1,Seo,4,0,2,4
UK,23,1,Seo,4,0,2,4
US,18,1,Direct,8,0,1,-1
US,40,0,Seo,3,0,0,-1
US,22,1,Ads,4,0,2,4
US,36,0,Ads,3,0,0,6
China,26,1,Direct,3,0,2,6
US,27,0,Direct,1,0,2,5
China,29,0,Ads,4,0,2,4
UK,31,0,Seo,4,0,2,4
Germany,28,0,Seo,9,0,1,-1
China,35,1,Seo,1,0,0,5
China,30,1,Direct,3,0,2,6
US,19,1,Seo,21,1,1,-1
China,48,1,Seo,3,0,0,-1
China,32,1,Seo,3,0,2,6
US,31,1,Seo,5,0,2,1
US,36,1,Seo,5,0,0,1
China,43,0,Ads,1,0,0,-1
US,23,0,Seo,9,0,1,-1
US,35,1,Seo,6,0,0,3
US,26,1,Ads,8,1,1,-1
US,26,1,Seo,9,0,1,-1
UK,23,0,Seo,4,0,2,4
US,27,1,Seo,6,0,2,3
US,33,0,Direct,2,0,0,2
US,22,1,Seo,9,0,1,-1
US,31,1,Seo,5,0,2,1
China,34,1,Seo,3,0,0,6
US,48,0,Ads,1,0,0,-1
US,21,1,Direct,2,0,2,2
China,38,1,Direct,7,0,0,-1
US,31,0,Ads,2,0,2,2
US,42,1,Direct,2,0,0,2
China,37,1,Direct,9,0,1,-1
Germany,26,1,Direct,3,0,2,6
US,43,1,Seo,6,0,0,-1
China,39,1,Seo,1,0,0,5
US,32,1,Ads,2,0,2,2
UK,28,1,Direct,8,0,1,-1
China,39,1,Seo,1,0,0,5
US,45,1,Ads,5,0,0,-1
US,34,0,Seo,3,0,0,6
US,21,1,Ads,1,0,2,5
China,24,0,Seo,3,0,2,6
UK,37,0,Seo,7,1,0,-1
China,36,1,Ads,6,0,0,3
US,24,1,Direct,5,0,2,1
US,34,1,Seo,11,0,1,-1
US,35,0,Seo,1,0,0,5
UK,27,1,Direct,11,0,1,-1
US,32,0,Seo,7,0,1,0
UK,27,0,Ads,7,0,1,0
China,42,1,Seo,4,0,0,-1
US,24,0,Seo,3,0,2,6
China,27,1,Seo,6,0,2,3
China,22,1,Direct,1,0,2,5
China,24,1,Seo,8,0,1,-1
China,23,1,Seo,3,0,2,6
UK,22,0,Direct,10,0,1,-1
China,45,1,Ads,2,0,0,-1
US,23,0,Direct,5,0,2,1
UK,22,0,Ads,1,0,2,5
US,31,0,Seo,6,0,2,3
US,30,1,Seo,9,0,1,-1
US,29,1,Seo,1,0,2,5
US,17,0,Ads,2,0,2,2
US,21,1,Seo,2,0,2,2
US,20,1,Seo,3,0,2,6
US,17,0,Ads,16,1,1,-1
US,34,1,Seo,2,0,0,2
US,31,1,Ads,5,0,2,1
UK,19,0,Ads,17,1,1,-1
Germany,26,0,Seo,7,0,1,0
US,34,1,Seo,10,0,1,-1
US,41,1,Ads,2,0,0,2
US,19,0,Seo,2,0,2,2
China,30,1,Seo,4,0,2,4
China,27,1,Seo,15,0,1,-1
UK,20,0,Seo,4,0,2,4
US,29,1,Ads,2,0,2,2
Germany,50,1,Seo,3,0,0,-1
China,39,0,Ads,2,0,0,2
UK,30,1,Ads,3,0,2,6
US,34,1,Ads,4,0,0,4
UK,42,1,Seo,5,0,0,-1
US,27,0,Direct,15,1,1,-1
China,37,1,Seo,3,0,0,6
China,26,1,Seo,7,0,1,0
China,37,1,Seo,6,0,0,3
US,22,1,Seo,4,0,2,4
US,30,1,Seo,3,0,2,6
China,42,1,Seo,8,0,0,-1
UK,45,0,Seo,5,0,0,-1
China,25,0,Seo,8,0,1,-1
UK,21,0,Seo,4,0,2,4
US,23,0,Ads,4,0,2,4
US,30,1,Direct,1,0,2,5
US,37,1,Seo,1,0,0,5
US,17,1,Ads,7,0,2,-1
US,24,1,Seo,6,0,2,3
China,36,1,Seo,8,0,1,-1
US,26,1,Seo,6,0,2,3
US,27,1,Direct,7,0,1,0
China,19,1,Seo,5,0,2,1
US,47,0,Direct,1,0,0,-1
UK,29,0,Ads,7,0,1,0
US,58,1,Seo,7,0,0,-1
US,27,1,Seo,4,0,2,4
US,32,1,Seo,3,0,2,6
US,29,1,Seo,5,0,2,1
US,24,1,Direct,1,0,2,5
US,28,1,Ads,2,0,2,2
US,35,1,Seo,6,0,0,3
US,41,1,Direct,8,0,0,-1
US,30,1,Seo,10,0,1,-1
US,23,1,Seo,6,0,2,3
Germany,28,1,Direct,4,0,2,4
US,33,1,Ads,7,0,1,0
Germany,32,1,Ads,8,0,1,-1
China,36,1,Ads,1,0,0,5
China,27,1,Ads,3,0,2,6
US,43,1,Direct,4,0,0,-1
US,36,1,Ads,5,0,0,1
US,28,1,Ads,3,0,2,6
US,31,1,Seo,6,0,2,3
US,28,0,Seo,5,0,2,1
US,42,0,Seo,2,0,0,2
China,22,0,Ads,8,0,1,-1
China,30,0,Direct,10,0,1,-1
US,39,0,Seo,7,0,0,-1
US,47,1,Seo,1,0,0,-1
US,33,0,Seo,2,0,0,2
US,25,0,Ads,5,0,2,1
China,23,1,Seo,7,0,2,-1
US,62,1,Seo,7,0,0,-1
US,32,1,Seo,6,0,0,3
UK,30,0,Ads,6,0,2,3
US,38,0,Seo,8,0,0,-1
US,33,1,Seo,5,0,0,1
China,38,1,Seo,5,0,0,1
US,23,1,Seo,1,0,2,5
US,30,1,Direct,3,0,2,6
US,38,0,Ads,7,0,0,-1
Germany,25,0,Seo,4,0,2,4
US,26,1,Seo,5,0,2,1
US,33,1,Direct,1,0,0,5
UK,42,1,Seo,5,0,0,-1
US,35,1,Ads,2,0,0,2
US,25,1,Ads,4,0,2,4
US,32,1,Seo,3,0,2,6
US,38,1,Ads,6,0,0,-1
US,32,1,Seo,5,0,0,1
US,19,1,Seo,9,0,1,-1
US,35,0,Seo,6,0,0,3
US,19,0,Seo,19,1,1,-1
China,31,1,Seo,1,0,2,5
UK,51,0,Seo,3,0,0,-1
China,44,0,Direct,3,0,0,-1
UK,21,0,Direct,4,0,2,4
US,20,0,Seo,8,0,1,-1
UK,29,1,Ads,1,0,2,5
US,21,1,Ads,2,0,2,2
US,37,0,Seo,1,0,0,5
China,31,1,Ads,6,0,2,3
China,34,0,Direct,5,0,0,1
China,36,1,Ads,3,0,0,6
China,47,1,Direct,4,0,0,-1
US,27,1,Seo,2,0,2,2
US,36,1,Ads,2,0,0,2
China,19,1,Ads,2,0,2,2
US,24,1,Direct,8,0,1,-1
US,31,0,Ads,5,0,2,1
US,50,1,Seo,5,0,0,-1
China,25,0,Seo,2,0,2,2
US,41,1,Direct,3,0,0,-1
US,27,1,Seo,6,0,2,3
China,35,1,Ads,5,0,0,1
US,28,1,Direct,3,0,2,6
US,26,1,Direct,11,0,1,-1
UK,28,1,Ads,3,0,2,6
US,35,1,Ads,4,0,0,4
UK,31,1,Ads,3,0,2,6
US,20,0,Ads,1,0,2,5
China,29,1,Seo,1,0,2,5
US,21,0,Direct,7,0,2,-1
UK,23,1,Ads,2,0,2,2
US,31,1,Seo,1,0,2,5
US,18,1,Ads,10,0,1,-1
US,28,0,Seo,1,0,2,5
China,52,1,Direct,1,0,0,-1
US,17,1,Seo,1,0,2,-1
US,26,0,Seo,1,0,2,5
US,33,1,Direct,3,0,0,6
China,27,1,Ads,7,0,1,0
UK,39,1,Seo,4,0,0,4
US,18,0,Seo,2,0,2,2
China,39,1,Seo,2,0,0,2
US,24,1,Ads,3,0,2,6
US,21,0,Direct,6,0,2,-1
US,21,1,Ads,16,1,1,-1
US,40,1,Seo,2,0,0,2
US,36,1,Seo,3,0,0,6
UK,28,0,Direct,2,0,2,2
US,40,1,Ads,10,0,1,-1
US,35,1,Ads,4,0,0,4
US,33,0,Ads,2,0,0,2
US,20,0,Seo,12,1,1,-1
US,26,0,Seo,2,0,2,2
China,30,0,Ads,2,0,2,2
US,25,0,Seo,7,0,1,0
US,32,1,Direct,1,0,2,5
US,39,0,Ads,8,0,0,-1
Germany,43,1,Ads,3,0,0,-1
US,27,0,Direct,9,0,1,-1
US,38,1,Seo,6,0,0,-1
US,32,1,Seo,4,0,0,4
China,25,0,Seo,4,0,2,4
Germany,23,0,Seo,4,0,2,4
US,42,1,Seo,5,0,0,-1
US,31,1,Seo,4,0,2,4
US,25,1,Seo,6,0,2,3
UK,32,1,Seo,9,0,1,-1
China,27,0,Seo,8,0,1,-1
US,25,1,Seo,6,0,2,3
US,35,1,Direct,5,0,0,1
US,28,1,Ads,8,0,1,-1
US,21,0,Ads,1,0,2,5
UK,33,1,Seo,5,0,0,1
China,22,0,Ads,6,0,2,3
US,18,0,Ads,1,0,2,5
US,35,1,Seo,8,0,1,-1
US,43,1,Direct,1,0,0,-1
US,41,1,Ads,3,0,0,-1
UK,25,1,Ads,5,0,2,1
US,30,1,Seo,8,0,1,-1
China,17,1,Seo,7,0,2,-1
US,32,0,Ads,6,0,0,3
US,44,1,Seo,10,0,1,-1
China,27,1,Seo,8,0,1,-1
US,45,1,Ads,3,0,0,-1
US,22,0,Seo,12,1,1,-1
Germany,47,1,Direct,5,0,0,-1
Germany,41,1,Seo,8,0,0,-1
US,18,0,Ads,1,0,2,5
US,32,0,Ads,20,1,1,-1
US,29,0,Ads,3,0,2,6
China,31,0,Direct,1,0,2,5
US,37,1,Seo,1,0,0,5
China,25,0,Seo,8,0,1,-1
Germany,51,1,Seo,11,0,0,-1
UK,31,1,Seo,5,0,2,1
US,39,1,Seo,4,0,0,4
US,21,1,Ads,2,0,2,2
US,35,1,Ads,5,0,0,1
US,36,1,Seo,5,0,0,1
US,33,1,Seo,13,0,1,-1
US,17,1,Ads,1,0,2,-1
US,31,0,Seo,9,0,1,-1
US,25,1,Ads,2,0,2,2
US,17,0,Seo,8,0,1,-1
US,45,0,Direct,1,0,0,-1
UK,39,1,Seo,2,0,0,2
US,32,1,Seo,3,0,2,6
UK,38,1,Ads,1,0,0,5
China,24,1,Ads,11,0,1,-1
US,22,0,Seo,2,0,2,2
China,31,0,Seo,7,0,1,0
UK,26,1,Direct,3,0,2,6
US,19,0,Direct,1,0,2,5
US,23,1,Ads,5,0,2,1
UK,36,1,Seo,4,0,0,4
US,32,1,Seo,6,0,0,3
UK,20,0,Seo,16,1,1,-1
China,31,1,Seo,4,0,2,4
UK,44,1,Ads,4,0,0,-1
UK,29,1,Seo,6,0,2,3
US,54,1,Direct,1,0,0,-1
US,28,1,Seo,13,0,1,-1
US,37,0,Direct,14,1,1,-1
UK,45,1,Ads,5,0,0,-1
US,22,1,Seo,2,0,2,2
US,19,1,Seo,4,0,2,4
US,20,1,Direct,1,0,2,5
US,24,1,Ads,6,0,2,3
US,41,0,Seo,10,0,1,-1
US,22,1,Seo,5,0,2,1
China,21,1,Seo,4,0,2,4
China,27,1,Ads,5,0,2,1
US,33,1,Seo,5,0,0,1
China,36,1,Seo,3,0,0,6
China,41,1,Seo,9,0,0,-1
US,35,1,Seo,4,0,0,4
Germany,30,1,Ads,2,0,2,2
UK,28,1,Direct,4,0,2,4
US,35,0,Seo,9,0,1,-1
UK,37,1,Seo,4,0,0,4
US,31,1,Seo,4,0,2,4
US,27,0,Direct,11,0,1,-1
US,37,1,Seo,2,0,0,2
US,33,1,Seo,1,0,0,5
US,29,1,Ads,8,0,1,-1
China,49,1,Ads,9,0,0,-1
Germany,32,1,Seo,2,0,2,2
China,27,1,Seo,6,0,2,3
US,23,1,Ads,7,0,2,-1
China,43,1,Seo,3,0,0,-1
US,28,0,Seo,5,0,2,1
US,44,0,Ads,5,0,0,-1
UK,38,1,Seo,6,0,0,-1
UK,31,1,Ads,3,0,2,6
China,44,0,Direct,4,0,0,-1
US,63,1,Ads,1,0,0,-1
US,28,0,Seo,7,0,1,0
Germany,42,1,Ads,2,0,0,2
UK,29,0,Seo,3,0,2,6
UK,30,0,Seo,22,1,1,-1
China,30,1,Seo,2,0,2,2
Germany,31,1,Ads,2,0,2,2
China,36,1,Ads,1,0,0,5
US,33,1,Seo,7,0,1,0
UK,43,1,Seo,1,0,0,-1
US,50,1,Direct,6,0,0,-1
China,24,1,Direct,3,0,2,6
US,23,0,Seo,5,0,2,1
China,19,0,Seo,2,0,2,2
US,32,1,Ads,2,0,2,2
China,21,1,Ads,3,0,2,6
US,33,0,Seo,10,0,1,-1
UK,25,0,Seo,2,0,2,2
US,24,1,Ads,4,0,2,4
US,18,0,Seo,5,0,2,-1
US,23,1,Seo,4,0,2,4
US,25,1,Seo,8,0,1,-1
US,27,0,Seo,3,0,2,6
US,34,1,Seo,3,0,0,6
US,33,0,Direct,2,0,0,2
US,28,1,Direct,9,0,1,-1
US,26,1,Seo,2,0,2,2
US,23,0,Ads,6,0,2,3
US,38,1,Seo,2,0,0,2
US,20,1,Seo,2,0,2,2
US,18,1,Seo,3,0,2,6
US,37,1,Seo,4,0,0,4
US,22,0,Ads,8,0,1,-1
China,32,1,Seo,4,0,0,4
US,31,1,Direct,8,0,1,-1
UK,27,1,Seo,7,0,1,0
US,23,1,Seo,7,0,2,-1
US,17,0,Ads,3,0,2,-1
UK,30,0,Seo,6,0,2,3
UK,26,1,Ads,8,0,1,-1
US,28,1,Seo,1,0,2,5
US,26,1,Ads,2,0,2,2
US,30,0,Ads,15,1,1,-1
US,27,0,Seo,5,0,2,1
US,29,1,Seo,6,0,2,3
US,47,1,Seo,9,0,0,-1
US,21,0,Seo,2,0,2,2
China,32,0,Ads,10,0,1,-1
US,28,1,Seo,10,0,1,-1
US,17,1,Direct,1,0,2,-1
US,21,1,Direct,2,0,2,2
China,36,1,Seo,10,0,1,-1
UK,37,0,Seo,2,0,0,2
UK,20,1,Ads,1,0,2,5
China,22,1,Seo,6,0,2,3
China,36,1,Seo,6,0,0,3
Germany,31,0,Direct,1,0,2,5
US,38,1,Direct,4,0,0,4
China,29,1,Seo,2,0,2,2
US,39,0,Seo,14,1,1,-1
UK,30,1,Direct,12,0,1,-1
China,30,1,Direct,3,0,2,6
China,43,1,Ads,2,0,0,-1
China,42,1,Seo,7,0,0,-1
US,20,1,Seo,1,0,2,5
US,23,1,Seo,9,0,1,-1
US,44,0,Seo,2,0,0,-1
UK,33,1,Ads,7,0,1,0
China,35,1,Ads,7,0,0,-1
UK,51,1,Ads,5,0,0,-1
US,25,1,Direct,7,0,1,0
US,36,1,Seo,4,0,0,4
US,42,0,Direct,10,0,1,-1
US,26,1,Ads,3,0,2,6
UK,32,1,Ads,2,0,2,2
US,31,0,Seo,2,0,2,2
Germany,20,1,Ads,2,0,2,2
China,32,0,Ads,1,0,2,5
US,25,1,Direct,3,0,2,6
US,36,1,Seo,10,0,1,-1
UK,27,0,Seo,5,0,2,1
US,43,1,Seo,8,0,0,-1
UK,36,1,Direct,1,0,0,5
China,21,0,Seo,2,0,2,2
US,34,1,Ads,2,0,0,2
China,44,0,Seo,5,0,0,-1
US,27,1,Direct,2,0,2,2
US,24,1,Seo,1,0,2,5
US,22,0,Direct,4,0,2,4
US,29,1,Ads,7,0,1,0
US,26,1,Seo,5,0,2,1
US,24,0,Ads,1,0,2,5
US,32,1,Seo,9,0,1,-1
Germany,48,1,Ads,3,0,0,-1
UK,46,1,Seo,8,0,0,-1
China,28,0,Seo,3,0,2,6
US,39,1,Seo,7,0,0,-1
UK,35,1,Direct,9,0,1,-1
China,32,0,Seo,1,0,2,5
Germany,27,1,Seo,12,0,1,-1
China,34,0,Direct,5,0,0,1
China,31,0,Direct,2,0,2,2
UK,22,0,Ads,10,0,1,-1
China,26,1,Direct,7,0,1,0
China,47,0,Seo,8,0,0,-1
China,22,0,Seo,3,0,2,6
US,36,0,Direct,2,0,0,2
US,22,1,Seo,10,0,1,-1
UK,29,1,Seo,1,0,2,5
US,48,1,Ads,3,0,0,-1
US,28,1,Seo,7,0,1,0
US,20,0,Seo,7,0,2,-1
Germany,33,1,Seo,2,0,0,2
US,34,1,Seo,7,0,0,-1
US,24,1,Ads,5,0,2,1
US,34,1,Seo,3,0,0,6
US,38,0,Seo,9,0,1,-1
US,32,0,Seo,4,0,0,4
China,21,1,Seo,8,0,1,-1
Germany,33,1,Seo,2,0,0,2
UK,21,0,Direct,7,0,2,-1
US,24,0,Seo,5,0,2,1
US,28,1,Seo,10,0,1,-1
China,17,0,Direct,4,0,2,-1
China,22,1,Direct,3,0,2,6
US,27,1,Seo,8,0,1,-1
US,25,1,Ads,5,0,2,1
US,27,0,Seo,3,0,2,6
US,32,1,Direct,7,0,1,0
US,45,1,Seo,11,0,1,-1
US,30,1,Seo,4,0,2,4
China,28,1,Seo,6,0,2,3
UK,27,1,Seo,4,0,2,4
US,31,0,Seo,7,0,1,0
US,28,1,Seo,15,1,1,-1
UK,25,1,Seo,4,0,2,4
US,24,1,Seo,5,0,2,1
US,34,1,Seo,8,0,1,-1
US,32,1,Direct,6,0,0,3
China,41,0,Seo,6,0,0,-1
US,48,1,Ads,8,0,0,-1
China,23,0,Direct,2,0,2,2
US,22,0,Ads,8,0,1,-1
US,31,1,Seo,4,0,2,4
US,24,1,Ads,2,0,2,2
US,38,0,Seo,4,0,0,4
China,19,1,Seo,10,0,1,-1
China,26,0,Ads,7,0,1,0
US,22,1,Seo,3,0,2,6
US,37,0,Seo,2,0,0,2
US,31,1,Ads,2,0,2,2
US,22,1,Seo,6,0,2,3
US,44,1,Ads,2,0,0,-1
China,29,1,Ads,10,0,1,-1
China,36,1,Direct,2,0,0,2
China,27,0,Seo,3,0,2,6
China,45,1,Ads,7,0,0,-1
US,45,0,Seo,16,1,1,-1
China,27,1,Ads,4,0,2,4
Germany,32,1,Ads,5,0,0,1
US,34,1,Seo,1,0,0,5
US,22,1,Ads,5,0,2,1
US,30,0,Seo,3,0,2,6
US,48,1,Ads,6,0,0,-1
China,23,1,Ads,3,0,2,6
China,35,0,Seo,7,0,0,-1
China,37,0,Ads,1,0,0,5
US,23,0,Ads,3,0,2,6
US,24,1,Ads,5,0,2,1
US,54,0,Ads,6,0,0,-1
UK,24,0,Ads,1,0,2,5
US,35,1,Seo,2,0,0,2
China,26,1,Ads,8,0,1,-1
US,27,1,Direct,4,0,2,4
Germany,40,0,Seo,1,0,0,5
China,32,1,Ads,6,0,0,3
US,45,1,Seo,3,0,0,-1
US,18,0,Seo,2,0,2,2
China,32,1,Ads,2,0,2,2
US,43,0,Direct,5,0,0,-1
US,26,1,Direct,8,0,1,-1
UK,26,0,Direct,11,1,1,-1
Germany,28,1,Seo,7,0,1,0
China,19,0,Seo,4,0,2,4
US,42,1,Direct,4,0,0,-1
UK,35,1,Seo,4,0,0,4
US,25,1,Direct,12,0,1,-1
US,25,1,Direct,7,0,1,0
Germany,35,0,Seo,5,0,0,1
China,19,1,Ads,7,0,2,-1
US,25,1,Direct,5,0,2,1
US,20,0,Ads,5,0,2,1
US,31,0,Seo,9,0,1,-1
US,29,0,Seo,7,0,1,0
US,31,1,Direct,6,0,2,3
UK,47,1,Seo,3,0,0,-1
China,34,0,Ads,6,0,0,3
US,32,0,Seo,4,0,0,4
US,31,0,Direct,6,0,2,3
China,28,1,Seo,8,0,1,-1
US,35,1,Ads,2,0,0,2
US,24,1,Seo,7,0,1,-1
US,29,0,Seo,2,0,2,2
US,20,1,Ads,3,0,2,6
US,35,1,Ads,8,0,1,-1
US,19,1,Direct,1,0,2,5
US,30,0,Seo,9,0,1,-1
US,39,1,Seo,1,0,0,5
UK,27,1,Direct,2,0,2,2
US,20,1,Seo,4,0,2,4
China,29,1,Direct,1,0,2,5
US,30,1,Ads,1,0,2,5
US,46,1,Ads,5,0,0,-1
China,18,1,Seo,7,0,2,-1
China,32,0,Seo,9,0,1,-1
China,28,1,Seo,1,0,2,5
US,31,1,Seo,3,0,2,6
China,26,0,Direct,10,0,1,-1
UK,39,0,Direct,7,0,0,-1
US,43,0,Ads,3,0,0,-1
Germany,27,1,Ads,3,0,2,6
Germany,38,1,Direct,3,0,0,6
US,18,1,Ads,4,0,2,4
US,17,1,Seo,2,0,2,2
US,33,1,Seo,6,0,0,3
US,20,1,Seo,6,0,2,-1
US,38,1,Ads,4,0,0,4
Germany,33,0,Seo,3,0,0,6
US,24,0,Ads,4,0,2,4
US,18,1,Seo,1,0,2,5
US,30,1,Ads,2,0,2,2
China,31,1,Direct,6,0,2,3
China,37,1,Seo,5,0,0,1
US,31,0,Direct,4,0,2,4
US,24,1,Seo,5,0,2,1
US,24,0,Direct,5,0,2,1
US,35,1,Ads,6,0,0,3
UK,25,1,Direct,2,0,2,2
US,30,1,Direct,5,0,2,1
China,32,0,Direct,3,0,2,6
US,26,1,Seo,2,0,2,2
China,33,1,Ads,1,0,0,5
US,25,1,Seo,7,0,1,0
US,21,1,Seo,1,0,2,5
US,35,1,Direct,3,0,0,6
Germany,26,1,Seo,11,0,1,-1
US,31,1,Seo,7,0,1,0
China,28,1,Ads,4,0,2,4
China,32,1,Ads,5,0,0,1
US,37,1,Seo,3,0,0,6
China,44,1,Ads,1,0,0,-1
China,30,1,Ads,6,0,2,3
US,24,1,Seo,6,0,2,3
China,21,0,Seo,2,0,2,2
China,37,1,Seo,7,0,0,-1
UK,27,0,Ads,8,0,1,-1
US,26,0,Seo,3,0,2,6
China,24,0,Ads,2,0,2,2
China,47,1,Ads,5,0,0,-1
US,27,0,Seo,4,0,2,4
UK,35,1,Ads,1,0,0,5
US,17,1,Ads,7,0,2,-1
US,46,0,Ads,7,0,0,-1
US,29,0,Seo,2,0,2,2
US,42,1,Direct,5,0,0,-1
US,40,1,Direct,2,0,0,2
US,19,0,Seo,14,1,1,-1
US,27,1,Seo,2,0,2,2
US,40,0,Direct,3,0,0,-1
China,26,1,Seo,6,0,2,3
UK,23,1,Ads,1,0,2,5
US,38,1,Seo,10,0,1,-1
US,23,1,Direct,9,0,1,-1
UK,28,0,Ads,6,0,2,3
UK,30,0,Direct,9,0,1,-1
US,48,1,Seo,5,0,0,-1
US,24,1,Direct,3,0,2,6
US,29,0,Seo,2,0,2,2
US,39,1,Seo,12,0,1,-1
US,24,1,Direct,3,0,2,6
China,25,1,Seo,8,0,1,-1
US,30,1,Ads,1,0,2,5
US,33,1,Ads,5,0,0,1
US,22,1,Direct,2,0,2,2
UK,34,0,Seo,8,0,1,-1
US,20,1,Ads,4,0,2,4
China,18,0,Ads,9,0,1,-1
US,24,1,Seo,3,0,2,6
UK,27,1,Seo,1,0,2,5
US,28,0,Seo,10,1,1,-1
US,22,0,Seo,7,0,2,-1
UK,47,1,Ads,1,0,0,-1
US,39,0,Seo,5,0,0,-1
US,21,0,Seo,4,0,2,4
US,38,0,Direct,1,0,0,5
US,29,1,Direct,3,0,2,6
UK,31,1,Seo,1,0,2,5
UK,21,0,Seo,2,0,2,2
US,26,1,Ads,2,0,2,2
US,43,0,Seo,3,0,0,-1
US,31,1,Ads,1,0,2,5
US,39,1,Seo,3,0,0,6
US,20,0,Ads,5,0,2,1
US,40,1,Seo,2,0,0,2
China,35,1,Ads,3,0,0,6
US,24,1,Seo,3,0,2,6
US,47,1,Seo,6,0,0,-1
US,22,1,Seo,2,0,2,2
China,31,1,Seo,3,0,2,6
US,41,0,Direct,5,0,0,-1
US,25,0,Seo,5,0,2,1
China,38,0,Ads,11,0,1,-1
China,41,1,Seo,4,0,0,-1
US,25,0,Ads,18,0,1,-1
China,22,1,Seo,7,0,2,-1
Germany,23,1,Seo,3,0,2,6
US,28,1,Seo,5,0,2,1
US,54,1,Seo,7,0,0,-1
US,34,0,Direct,2,0,0,2
US,26,1,Direct,4,0,2,4
US,30,1,Ads,6,0,2,3
US,51,1,Direct,2,0,0,-1
US,24,1,Seo,5,0,2,1
US,25,1,Seo,5,0,2,1
UK,28,0,Ads,7,0,1,0
US,26,0,Ads,4,0,2,4
US,39,1,Seo,1,0,0,5
US,21,1,Direct,6,0,2,-1
US,46,1,Ads,8,0,0,-1
Germany,26,1,Ads,1,0,2,5
US,26,0,Ads,6,0,2,3
US,36,1,Ads,7,0,0,-1
US,34,1,Seo,1,0,0,5
UK,42,1,Direct,2,0,0,2
China,24,1,Seo,1,0,2,5
China,32,1,Seo,1,0,2,5
US,29,1,Ads,3,0,2,6
China,32,1,Seo,7,0,1,0
US,34,1,Direct,5,0,0,1
US,35,0,Ads,5,0,0,1
US,35,0,Seo,5,0,0,1
China,20,1,Direct,2,0,2,2
Germany,17,1,Ads,6,0,2,-1
US,25,0,Ads,4,0,2,4
US,49,1,Ads,11,0,0,-1
US,28,1,Seo,4,0,2,4
US,24,1,Seo,2,0,2,2
UK,45,1,Direct,4,0,0,-1
US,21,0,Direct,4,0,2,4
UK,25,1,Direct,3,0,2,6
China,28,0,Seo,1,0,2,5
China,41,1,Direct,9,0,0,-1
US,37,0,Ads,7,0,0,-1
China,45,1,Seo,8,0,0,-1
US,30,0,Ads,6,0,2,3
Germany,36,1,Seo,4,0,0,4
UK,32,1,Seo,1,0,2,5
US,31,0,Ads,7,0,1,0
US,18,0,Direct,11,0,1,-1
US,24,1,Ads,8,0,1,-1
US,42,1,Ads,2,0,0,2
US,45,1,Seo,2,0,0,-1
China,24,1,Seo,2,0,2,2
US,32,1,Ads,5,0,0,1
China,38,1,Ads,4,0,0,4
US,35,1,Ads,4,0,0,4
US,17,1,Seo,1,0,2,-1
China,31,1,Ads,3,0,2,6
China,37,1,Direct,7,0,0,-1
Germany,35,1,Seo,3,0,0,6
US,38,0,Ads,5,0,0,1
US,33,0,Seo,3,0,0,6
UK,42,0,Seo,3,0,0,-1
UK,26,1,Ads,6,0,2,3
US,25,1,Seo,3,0,2,6
US,25,0,Seo,4,0,2,4
China,30,1,Seo,2,0,2,2
US,34,1,Ads,7,0,0,-1
US,38,0,Seo,3,0,0,6
US,34,1,Seo,12,0,1,-1
China,22,1,Seo,2,0,2,2
China,41,0,Direct,4,0,0,-1
US,36,1,Direct,1,0,0,5
China,36,1,Ads,9,0,1,-1
US,17,0,Seo,8,0,1,-1
US,27,0,Seo,2,0,2,2
China,44,1,Direct,4,0,0,-1
US,27,0,Ads,6,0,2,3
US,23,1,Ads,1,0,2,5
US,18,1,Seo,9,0,1,-1
US,31,1,Seo,8,0,1,-1
Germany,23,0,Ads,14,1,1,-1
US,36,1,Seo,4,0,0,4
US,17,0,Seo,4,0,2,-1
China,31,1,Ads,4,0,2,4
US,35,1,Seo,8,0,1,-1
China,33,0,Seo,8,0,1,-1
China,30,1,Ads,2,0,2,2
US,24,0,Ads,3,0,2,6
China,38,1,Ads,5,0,0,1
Germany,39,1,Direct,4,0,0,4
UK,25,1,Ads,3,0,2,6
UK,29,1,Direct,6,0,2,3
US,41,1,Seo,2,0,0,2
US,24,0,Direct,4,0,2,4
US,31,1,Seo,4,0,2,4
US,31,1,Ads,5,0,2,1
US,33,1,Direct,1,0,0,5
US,23,0,Seo,1,0,2,5
China,43,1,Direct,7,0,0,-1
US,37,1,Seo,9,0,1,-1
UK,26,0,Ads,4,0,2,4
US,24,1,Seo,6,0,2,3
US,18,1,Seo,2,0,2,2
US,40,1,Ads,2,0,0,2
UK,36,0,Direct,7,0,0,-1
UK,26,1,Ads,1,0,2,5
US,42,1,Seo,6,0,0,-1
US,18,1,Seo,2,0,2,2
US,19,1,Seo,1,0,2,5
US,37,0,Seo,8,0,1,-1
Germany,30,0,Seo,2,0,2,2
US,18,1,Seo,3,0,2,6
US,30,1,Seo,6,0,2,3
UK,44,1,Seo,3,0,0,-1
UK,17,1,Ads,2,0,2,2
US,34,1,Seo,9,0,1,-1
US,37,1,Seo,6,0,0,3
Germany,37,1,Direct,3,0,0,6
US,37,1,Ads,2,0,0,2
US,31,1,Seo,9,1,1,-1
UK,40,0,Seo,8,0,0,-1
US,31,1,Ads,1,0,2,5
US,29,0,Ads,5,0,2,1
US,29,1,Direct,7,0,1,0
US,22,1,Direct,6,0,2,3
China,23,1,Seo,1,0,2,5
US,35,1,Direct,4,0,0,4
US,33,1,Direct,1,0,0,5
US,30,1,Seo,5,0,2,1
UK,41,0,Seo,11,0,1,-1
US,23,1,Seo,1,0,2,5
US,28,0,Ads,3,0,2,6
US,28,1,Seo,7,0,1,0
US,37,0,Seo,1,0,0,5
US,17,0,Ads,2,0,2,2
China,32,0,Ads,3,0,2,6
US,37,1,Direct,1,0,0,5
US,53,0,Seo,8,0,0,-1
China,29,1,Ads,3,0,2,6
UK,28,0,Ads,1,0,2,5
US,26,1,Seo,6,1,2,3
China,30,1,Ads,9,0,1,-1
US,29,0,Ads,5,0,2,1
China,17,0,Seo,2,0,2,2
US,24,0,Seo,4,0,2,4
China,23,0,Ads,3,0,2,6
UK,44,1,Ads,1,0,0,-1
US,49,0,Ads,5,0,0,-1
China,22,1,Direct,7,0,2,-1
China,19,1,Ads,5,0,2,1
UK,22,1,Direct,11,0,1,-1
UK,29,1,Seo,7,0,1,0
US,30,1,Seo,6,0,2,3
US,21,0,Ads,10,0,1,-1
US,34,1,Seo,4,0,0,4
US,26,1,Seo,3,0,2,6
US,37,0,Seo,3,0,0,6
US,25,1,Ads,2,0,2,2
US,42,1,Direct,4,0,0,-1
US,46,1,Seo,2,0,0,-1
China,29,0,Seo,5,0,2,1
China,32,0,Direct,2,0,2,2
US,20,1,Ads,3,0,2,6
China,32,1,Ads,6,0,0,3
China,45,1,Seo,6,0,0,-1
UK,21,1,Ads,7,0,2,-1
UK,44,0,Seo,3,0,0,-1
US,28,0,Ads,4,0,2,4
US,24,1,Seo,1,0,2,5
China,42,1,Ads,4,0,0,-1
US,21,1,Ads,4,0,2,4
US,30,1,Ads,4,0,2,4
US,43,0,Ads,5,0,0,-1
US,29,1,Direct,10,0,1,-1
US,39,0,Seo,4,0,0,4
China,36,0,Ads,3,0,0,6
US,29,0,Seo,4,0,2,4
US,35,0,Seo,5,0,0,1
US,20,1,Seo,3,0,2,6
UK,28,1,Seo,11,0,1,-1
UK,28,1,Ads,2,0,2,2
US,22,0,Seo,2,0,2,2
China,28,0,Ads,2,0,2,2
China,33,1,Seo,6,0,0,3
US,23,0,Ads,3,0,2,6
US,23,0,Seo,6,0,2,3
US,26,1,Seo,3,0,2,6
UK,37,0,Ads,8,0,1,-1
US,21,1,Ads,1,0,2,5
Germany,24,1,Direct,1,0,2,5
China,23,1,Ads,2,0,2,2
US,26,1,Seo,3,0,2,6
US,38,1,Direct,2,0,0,2
Germany,34,1,Seo,1,0,0,5
UK,25,1,Seo,7,0,1,0
China,22,1,Direct,3,0,2,6
US,34,1,Seo,4,0,0,4
US,35,1,Seo,2,0,0,2
US,32,0,Seo,1,0,2,5
China,41,0,Seo,3,0,0,-1
UK,33,1,Direct,8,0,1,-1
US,31,0,Seo,1,0,2,5
US,33,0,Direct,5,0,0,1
China,29,1,Seo,6,0,2,3
US,18,0,Seo,2,0,2,2
UK,35,1,Seo,10,0,1,-1
US,43,1,Seo,9,0,0,-1
China,26,1,Seo,9,0,1,-1
US,25,0,Ads,8,0,1,-1
US,31,1,Seo,4,0,2,4
US,28,0,Seo,4,0,2,4
US,32,1,Seo,4,0,0,4
UK,25,1,Direct,2,0,2,2
US,29,1,Ads,5,0,2,1
US,23,1,Ads,3,0,2,6
Germany,21,1,Ads,4,0,2,4
UK,33,1,Direct,5,0,0,1
China,25,0,Direct,1,0,2,5
UK,17,1,Ads,2,0,2,2
US,30,1,Seo,4,0,2,4
US,27,1,Direct,2,0,2,2
US,37,0,Seo,18,1,1,-1
US,25,1,Direct,5,1,2,1
US,36,0,Seo,6,0,0,3
US,32,1,Seo,2,0,2,2
US,57,1,Seo,5,0,0,-1
US,46,0,Seo,12,0,1,-1
US,26,1,Direct,7,0,1,0
UK,18,0,Seo,6,0,2,-1
US,26,1,Ads,9,0,1,-1
US,39,1,Seo,6,0,0,-1
US,26,1,Direct,1,0,2,5
US,36,1,Ads,4,0,0,4
US,27,1,Direct,3,0,2,6
UK,28,1,Direct,3,0,2,6
China,36,1,Seo,3,0,0,6
US,47,1,Ads,5,0,0,-1
US,30,0,Ads,3,0,2,6
US,37,0,Seo,4,0,0,4
UK,48,0,Seo,5,0,0,-1
UK,42,0,Direct,14,1,1,-1
US,28,1,Seo,4,0,2,4
UK,27,1,Seo,6,0,2,3
US,37,1,Direct,4,0,0,4
US,33,1,Direct,9,0,1,-1
US,38,1,Seo,7,0,0,-1
UK,38,1,Seo,1,0,0,5
US,49,1,Seo,2,0,0,-1
US,31,0,Ads,4,0,2,4
US,30,0,Seo,3,0,2,6
US,30,1,Ads,2,0,2,2
US,29,1,Direct,4,0,2,4
US,43,1,Seo,6,0,0,-1
UK,32,0,Seo,1,0,2,5
US,34,1,Direct,3,0,0,6
China,25,0,Seo,4,0,2,4
China,37,1,Ads,6,0,0,3
China,19,1,Seo,5,0,2,1
US,33,0,Seo,10,0,1,-1
US,40,0,Seo,5,0,0,-1
US,34,0,Seo,3,0,0,6
UK,28,1,Seo,7,0,1,0
US,41,1,Seo,3,0,0,-1
UK,22,1,Direct,2,0,2,2
US,55,0,Seo,1,0,0,-1
China,28,0,Direct,4,0,2,4
US,29,0,Seo,9,0,1,-1
UK,22,0,Seo,1,0,2,5
US,42,1,Seo,6,0,0,-1
US,21,1,Seo,13,0,1,-1
US,24,1,Ads,3,0,2,6
China,21,0,Direct,6,0,2,-1
US,21,1,Seo,3,0,2,6
US,27,0,Seo,2,0,2,2
US,28,1,Ads,4,0,2,4
US,49,1,Direct,2,0,0,-1
US,33,0,Seo,6,0,0,3
US,20,1,Ads,1,0,2,5
US,25,1,Direct,3,0,2,6
Germany,33,1,Ads,1,0,0,5
China,39,1,Seo,1,0,0,5
US,25,0,Direct,11,0,1,-1
US,27,1,Seo,3,0,2,6
US,30,0,Direct,3,0,2,6
US,29,0,Seo,1,0,2,5
US,35,1,Ads,6,0,0,3
China,34,1,Ads,1,0,0,5
US,50,1,Direct,4,0,0,-1
US,23,0,Seo,13,1,1,-1
US,34,1,Direct,1,0,0,5
US,23,0,Seo,3,0,2,6
US,27,0,Ads,8,0,1,-1
US,22,1,Seo,2,0,2,2
US,43,1,Ads,9,0,0,-1
US,25,1,Direct,6,0,2,3
China,44,1,Seo,7,0,0,-1
China,33,1,Seo,10,0,1,-1
US,29,1,Seo,2,0,2,2
US,36,0,Direct,13,0,1,-1
US,25,0,Ads,4,0,2,4
China,27,1,Seo,10,0,1,-1
US,36,1,Seo,9,0,1,-1
US,23,0,Seo,18,1,1,-1
US,33,0,Ads,3,0,0,6
Germany,28,1,Seo,2,0,2,2
US,35,1,Seo,4,0,0,4
US,26,0,Direct,4,0,2,4
US,41,1,Seo,7,0,0,-1
China,25,0,Direct,4,0,2,4
UK,28,0,Seo,5,0,2,1
China,19,0,Seo,2,0,2,2
US,38,0,Direct,4,0,0,4
US,17,1,Ads,7,0,2,-1
UK,31,1,Direct,9,1,1,-1
UK,38,0,Ads,11,0,1,-1
US,27,0,Seo,1,0,2,5
UK,30,1,Direct,1,0,2,5
UK,36,1,Ads,1,0,0,5
US,25,1,Ads,3,0,2,6
China,21,0,Ads,7,0,2,-1
China,24,1,Direct,1,0,2,5
China,31,1,Seo,12,0,1,-1
US,18,0,Ads,2,0,2,2
US,25,0,Ads,4,0,2,4
China,45,0,Ads,1,0,0,-1
UK,35,1,Seo,1,0,0,5
UK,38,0,Seo,3,0,0,6
China,23,0,Direct,3,0,2,6
US,34,1,Seo,9,0,1,-1
US,42,1,Direct,7,0,0,-1
China,32,0,Seo,9,0,1,-1
UK,35,1,Seo,4,0,0,4
China,36,0,Seo,5,0,0,1
US,26,1,Seo,16,1,1,-1
China,33,1,Direct,5,0,0,1
US,23,1,Seo,9,0,1,-1
China,29,0,Seo,9,0,1,-1
China,31,1,Direct,8,0,1,-1
China,38,1,Direct,7,0,0,-1
US,25,1,Seo,4,0,2,4
China,29,1,Seo,6,0,2,3
US,43,0,Seo,2,0,0,-1
US,21,1,Seo,2,0,2,2
US,20,1,Ads,2,0,2,2
US,27,1,Direct,2,0,2,2
US,30,0,Seo,1,0,2,5
China,27,1,Direct,7,0,1,0
US,20,1,Seo,3,0,2,6
US,39,0,Seo,1,0,0,5
US,18,1,Seo,3,0,2,6
UK,24,1,Seo,3,0,2,6
UK,28,1,Ads,1,0,2,5
China,36,1,Ads,5,0,0,1
UK,48,0,Direct,7,0,0,-1
China,31,1,Ads,6,0,2,3
UK,23,0,Seo,5,0,2,1
US,20,1,Seo,1,0,2,5
US,46,0,Seo,6,0,0,-1
US,34,1,Seo,6,0,0,3
US,42,1,Ads,6,0,0,-1
US,22,1,Ads,7,0,2,-1
UK,24,1,Seo,2,0,2,2
US,26,1,Ads,6,0,2,3
US,34,1,Seo,2,0,0,2
China,43,1,Seo,2,0,0,-1
US,29,0,Seo,8,0,1,-1
China,37,1,Seo,4,0,0,4
China,35,1,Ads,1,0,0,5
US,29,1,Ads,9,0,1,-1
US,21,1,Seo,3,0,2,6
US,29,0,Ads,3,0,2,6
US,19,1,Direct,3,0,2,6
US,32,0,Ads,3,0,2,6
UK,31,1,Ads,12,0,1,-1
China,46,0,Ads,12,0,1,-1
US,41,1,Seo,12,0,1,-1
US,26,1,Ads,3,0,2,6
UK,35,1,Direct,1,0,0,5
US,40,1,Seo,2,0,0,2
Germany,23,1,Ads,1,0,2,5
US,34,1,Direct,2,0,0,2
US,35,0,Ads,5,0,0,1
China,27,1,Ads,3,0,2,6
Germany,30,1,Seo,4,0,2,4
China,28,1,Ads,9,0,1,-1
UK,23,1,Direct,3,0,2,6
China,46,0,Seo,4,0,0,-1
US,43,0,Ads,8,0,0,-1
US,33,0,Seo,1,0,0,5
China,39,0,Ads,4,0,0,4
China,45,1,Seo,4,0,0,-1
UK,18,0,Direct,6,0,2,-1
UK,39,1,Ads,1,0,0,5
UK,33,1,Ads,2,0,0,2
UK,26,1,Seo,7,0,1,0
UK,20,0,Seo,4,0,2,4
UK,26,1,Seo,3,0,2,6
US,34,1,Ads,9,0,1,-1
UK,32,0,Seo,3,0,2,6
Germany,29,1,Ads,4,0,2,4
US,36,1,Direct,3,0,0,6
UK,30,1,Seo,7,0,1,0
US,26,1,Direct,6,0,2,3
UK,37,0,Ads,3,0,0,6
US,18,0,Ads,2,0,2,2
China,24,1,Ads,4,0,2,4
US,29,1,Ads,5,0,2,1
Germany,28,1,Seo,4,0,2,4
US,39,1,Seo,2,0,0,2
China,21,1,Direct,4,0,2,4
US,19,0,Ads,5,0,2,1
US,36,1,Seo,3,0,0,6
China,52,1,Direct,2,0,0,-1
US,30,1,Ads,3,0,2,6
US,29,0,Ads,2,0,2,2
US,36,0,Seo,12,1,1,-1
UK,22,1,Direct,5,0,2,1
US,37,1,Direct,6,0,0,3
UK,19,1,Direct,3,0,2,6
US,33,1,Ads,3,0,0,6
US,36,1,Seo,4,0,0,4
US,29,1,Ads,5,0,2,1
US,39,1,Seo,10,0,1,-1
UK,18,1,Ads,5,0,2,-1
China,52,1,Seo,1,0,0,-1
UK,52,1,Seo,1,0,0,-1
US,25,1,Ads,5,0,2,1
UK,37,0,Ads,1,0,0,5
China,44,0,Seo,5,0,0,-1
US,17,1,Seo,5,0,2,-1
US,30,1,Ads,1,0,2,5
UK,22,1,Ads,6,0,2,3
US,40,1,Ads,5,0,0,-1
China,27,0,Direct,3,0,2,6
Germany,25,1,Seo,1,0,2,5
US,33,0,Seo,3,0,0,6
China,40,1,Ads,1,0,0,5
US,27,0,Ads,17,1,1,-1
China,40,0,Direct,4,0,0,4
US,21,1,Seo,8,0,1,-1
US,23,1,Direct,5,0,2,1
US,52,0,Seo,1,0,0,-1
China,43,0,Ads,8,0,0,-1
UK,36,1,Seo,2,0,0,2
China,31,0,Seo,9,0,1,-1
China,28,1,Direct,2,0,2,2
UK,31,0,Seo,7,0,1,0
China,21,1,Ads,2,0,2,2
US,29,1,Seo,6,0,2,3
China,43,0,Seo,2,0,0,-1
UK,17,0,Direct,13,1,1,-1
China,35,0,Seo,3,0,0,6
UK,34,1,Seo,7,0,0,-1
US,54,1,Seo,4,0,0,-1
China,30,1,Seo,3,0,2,6
Germany,18,1,Direct,3,0,2,6
US,43,1,Direct,4,0,0,-1
US,18,1,Seo,12,1,1,-1
US,20,0,Ads,3,0,2,6
UK,23,0,Direct,2,0,2,2
UK,39,0,Seo,6,0,0,-1
US,37,1,Ads,3,0,0,6
US,33,1,Seo,5,0,0,1
US,26,0,Direct,7,0,1,0
US,25,0,Seo,5,0,2,1
China,22,1,Seo,1,0,2,5
US,17,1,Seo,7,0,2,-1
US,27,1,Direct,2,0,2,2
China,18,0,Seo,1,0,2,5
US,21,1,Seo,3,0,2,6
US,27,1,Seo,5,0,2,1
China,38,1,Ads,1,0,0,5
US,39,1,Ads,4,0,0,4
China,40,1,Direct,5,0,0,-1
China,34,0,Direct,3,0,0,6
UK,28,1,Seo,2,0,2,2
US,18,1,Direct,2,0,2,2
US,23,1,Direct,1,0,2,5
UK,27,0,Direct,6,0,2,3
US,41,1,Direct,6,0,0,-1
US,51,1,Direct,1,0,0,-1
US,26,1,Ads,1,0,2,5
US,38,1,Seo,6,0,0,-1
US,23,1,Seo,10,0,1,-1
China,27,0,Seo,2,0,2,2
UK,27,0,Seo,13,1,1,-1
China,40,1,Direct,3,0,0,-1
China,44,0,Ads,12,0,1,-1
US,20,1,Ads,2,0,2,2
US,19,1,Ads,2,0,2,2
US,22,0,Direct,3,0,2,6
US,24,1,Direct,2,0,2,2
US,24,1,Seo,3,0,2,6
US,36,1,Direct,2,0,0,2
US,25,1,Seo,6,0,2,3
UK,30,0,Ads,4,0,2,4
US,17,1,Ads,8,0,1,-1
US,34,0,Seo,8,0,1,-1
US,27,1,Ads,2,0,2,2
China,34,1,Seo,8,0,1,-1
US,29,0,Seo,1,0,2,5
China,19,1,Ads,10,0,1,-1
US,52,0,Seo,8,0,0,-1
US,45,1,Seo,2,0,0,-1
US,28,1,Seo,11,0,1,-1
US,22,0,Seo,2,0,2,2
US,31,1,Seo,1,0,2,5
US,25,1,Seo,3,0,2,6
US,30,0,Seo,1,0,2,5
US,21,1,Seo,2,0,2,2
US,49,1,Seo,2,0,0,-1
US,31,1,Seo,6,0,2,3
UK,35,1,Seo,5,0,0,1
US,22,1,Ads,3,0,2,6
China,26,1,Ads,3,0,2,6
US,26,1,Seo,3,0,2,6
UK,35,1,Seo,2,0,0,2
UK,31,1,Direct,5,0,2,1
US,30,1,Direct,7,0,1,0
US,18,1,Seo,2,0,2,2
US,22,1,Direct,1,0,2,5
UK,37,0,Seo,3,0,0,6
China,49,1,Ads,1,0,0,-1
US,30,1,Ads,6,0,2,3
UK,29,1,Seo,5,0,2,1
China,29,0,Seo,2,0,2,2
China,30,1,Ads,3,0,2,6
US,18,1,Ads,2,0,2,2
US,34,0,Seo,3,0,0,6
US,40,1,Ads,2,0,0,2
US,24,1,Seo,3,0,2,6
US,25,1,Direct,4,0,2,4
US,36,1,Seo,4,0,0,4
Germany,35,1,Seo,5,0,0,1
UK,23,1,Seo,4,0,2,4
US,26,0,Direct,6,0,2,3
China,19,0,Seo,5,0,2,1
US,34,1,Seo,7,0,0,-1
China,27,1,Ads,1,0,2,5
China,28,1,Ads,8,0,1,-1
US,22,1,Seo,12,0,1,-1
UK,34,1,Ads,3,0,0,6
US,23,0,Seo,19,1,1,-1
US,21,0,Ads,8,0,1,-1
China,40,1,Ads,5,0,0,-1
US,18,0,Seo,4,0,2,4
US,25,1,Seo,2,0,2,2
China,24,1,Ads,2,0,2,2
US,23,1,Ads,4,0,2,4
US,17,1,Seo,3,0,2,-1
US,27,1,Direct,9,0,1,-1
China,27,1,Seo,3,0,2,6
US,30,1,Seo,8,0,1,-1
China,36,1,Seo,1,0,0,5
China,26,0,Direct,3,0,2,6
UK,21,1,Seo,6,0,2,-1
Germany,20,1,Direct,3,0,2,6
US,41,1,Direct,10,0,1,-1
UK,42,1,Direct,4,0,0,-1
Germany,31,0,Seo,5,0,2,1
US,19,0,Seo,2,0,2,2
US,35,1,Seo,11,0,1,-1
US,29,0,Direct,3,0,2,6
US,41,1,Seo,5,0,0,-1
China,21,1,Seo,2,0,2,2
US,20,1,Seo,3,0,2,6
Germany,25,1,Direct,6,0,2,3
US,25,1,Direct,6,0,2,3
US,20,0,Seo,3,0,2,6
US,21,1,Direct,8,0,1,-1
China,33,1,Seo,6,0,0,3
US,32,0,Direct,18,1,1,-1
US,42,0,Seo,3,0,0,-1
China,32,1,Ads,5,0,0,1
US,23,1,Direct,7,0,2,-1
US,26,0,Seo,2,0,2,2
US,28,1,Seo,6,0,2,3
US,25,0,Direct,1,0,2,5
China,18,0,Seo,3,0,2,6
US,45,0,Ads,4,0,0,-1
US,32,1,Seo,3,0,2,6
China,31,1,Seo,6,0,2,3
US,31,0,Seo,6,0,2,3
UK,28,0,Seo,6,0,2,3
China,37,1,Ads,4,0,0,4
US,29,0,Seo,7,0,1,0
US,45,0,Direct,8,0,0,-1
US,33,1,Seo,6,0,0,3
US,31,1,Seo,7,0,1,0
UK,37,1,Direct,5,0,0,1
US,33,1,Seo,6,0,0,3
UK,26,1,Direct,5,0,2,1
UK,40,1,Seo,2,0,0,2
China,19,1,Ads,8,0,1,-1
China,27,1,Seo,6,0,2,3
Germany,31,0,Seo,1,0,2,5
US,40,1,Seo,6,0,0,-1
UK,26,1,Seo,9,0,1,-1
US,35,1,Seo,3,0,0,6
Germany,25,0,Ads,2,0,2,2
UK,22,0,Direct,1,0,2,5
China,44,0,Ads,4,0,0,-1
US,25,1,Ads,7,0,1,0
China,28,1,Ads,8,0,1,-1
China,23,1,Seo,3,0,2,6
China,23,1,Seo,7,0,2,-1
US,28,0,Direct,7,0,1,0
US,21,1,Seo,3,0,2,6
US,25,1,Seo,1,0,2,5
China,29,1,Ads,1,0,2,5
US,27,1,Direct,4,0,2,4
China,41,1,Seo,2,0,0,2
UK,23,0,Seo,7,0,2,-1
China,35,1,Direct,1,0,0,5
Germany,32,1,Ads,8,0,1,-1
UK,21,1,Seo,2,0,2,2
US,19,0,Direct,2,0,2,2
US,24,0,Direct,2,0,2,2
US,33,1,Seo,3,0,0,6
China,29,0,Seo,1,0,2,5
China,43,1,Ads,5,0,0,-1
UK,25,1,Ads,6,0,2,3
US,35,1,Seo,1,0,0,5
US,33,0,Seo,3,0,0,6
US,46,1,Seo,10,0,0,-1
Germany,34,1,Seo,5,0,0,1
US,35,0,Ads,2,0,0,2
China,25,0,Seo,4,0,2,4
UK,40,0,Direct,13,1,1,-1
US,39,1,Ads,2,0,0,2
US,20,1,Direct,4,0,2,4
US,27,1,Seo,4,0,2,4
US,34,1,Seo,6,0,0,3
China,30,0,Ads,7,0,1,0
UK,22,1,Ads,4,0,2,4
US,35,1,Seo,1,0,0,5
China,21,1,Seo,12,0,1,-1
China,17,0,Direct,2,0,2,2
China,31,0,Seo,7,0,1,0
US,21,1,Seo,1,0,2,5
US,24,1,Seo,6,0,2,3
US,36,0,Seo,5,0,0,1
US,34,1,Direct,5,0,0,1
US,20,0,Direct,18,1,1,-1
China,23,1,Direct,4,0,2,4
US,20,1,Seo,1,0,2,5
US,38,1,Ads,2,0,0,2
US,27,1,Seo,10,0,1,-1
China,18,1,Direct,4,0,2,4
US,17,0,Ads,7,0,2,-1
US,27,1,Ads,10,0,1,-1
US,43,0,Ads,10,0,1,-1
US,19,1,Direct,2,0,2,2
US,25,0,Seo,2,0,2,2
China,28,1,Seo,9,0,1,-1
China,26,1,Direct,1,0,2,5
UK,29,1,Ads,7,0,1,0
China,52,0,Seo,3,0,0,-1
China,24,1,Ads,2,0,2,2
US,34,1,Seo,8,0,1,-1
UK,37,0,Direct,7,0,0,-1
US,37,1,Seo,10,0,1,-1
China,37,1,Seo,7,0,0,-1
US,27,1,Direct,5,0,2,1
UK,31,1,Ads,7,0,1,0
UK,40,1,Seo,2,0,0,2
US,27,1,Ads,5,0,2,1
UK,32,1,Direct,5,0,0,1
US,24,1,Direct,2,0,2,2
US,28,0,Direct,5,0,2,1
US,30,1,Direct,7,0,1,0
US,31,1,Seo,6,0,2,3
US,44,1,Seo,3,0,0,-1
US,36,1,Seo,6,0,0,3
US,21,0,Ads,1,0,2,5
Germany,23,1,Seo,4,0,2,4
China,28,0,Ads,3,0,2,6
US,28,1,Direct,6,0,2,3
US,24,1,Direct,3,0,2,6
US,39,1,Seo,2,0,0,2
US,38,1,Ads,6,0,0,-1
US,22,1,Seo,2,0,2,2
US,45,1,Seo,7,0,0,-1
China,31,1,Ads,5,0,2,1
China,17,0,Seo,9,0,1,-1
UK,33,1,Seo,3,0,0,6
China,19,0,Direct,8,0,1,-1
US,29,0,Seo,4,0,2,4
China,36,1,Seo,2,0,0,2
China,25,0,Seo,4,0,2,4
China,39,1,Seo,2,0,0,2
US,38,0,Direct,4,0,0,4
US,51,1,Direct,1,0,0,-1
China,34,0,Ads,7,0,0,-1
UK,44,1,Ads,1,0,0,-1
China,21,1,Seo,8,0,1,-1
China,31,1,Direct,3,0,2,6
US,37,1,Seo,1,0,0,5
US,42,1,Direct,3,0,0,-1
China,30,0,Direct,5,0,2,1
US,29,1,Seo,4,0,2,4
China,21,1,Seo,10,0,1,-1
US,40,0,Seo,7,0,0,-1
US,28,0,Direct,2,0,2,2
UK,45,0,Seo,7,0,0,-1
China,23,1,Seo,3,0,2,6
UK,32,1,Seo,1,0,2,5
UK,43,1,Ads,8,0,0,-1
US,30,1,Seo,10,0,1,-1
UK,44,0,Seo,6,0,0,-1
US,31,0,Seo,18,1,1,-1
US,31,0,Direct,4,0,2,4
US,22,1,Direct,5,0,2,1
US,20,1,Seo,1,0,2,5
US,36,1,Seo,13,0,1,-1
US,31,0,Seo,8,0,1,-1
UK,25,1,Direct,2,0,2,2
US,36,1,Direct,2,0,0,2
UK,29,1,Seo,4,0,2,4
US,23,1,Direct,6,0,2,3
US,33,1,Seo,2,0,0,2
US,30,1,Seo,1,0,2,5
US,32,1,Direct,1,0,2,5
China,36,0,Ads,3,0,0,6
UK,17,0,Seo,3,0,2,-1
US,34,1,Seo,2,0,0,2
China,17,0,Ads,8,0,1,-1
China,32,1,Seo,1,0,2,5
UK,45,1,Seo,6,0,0,-1
US,50,1,Ads,4,0,0,-1
US,24,1,Seo,13,0,1,-1
US,30,1,Ads,8,0,1,-1
US,35,0,Seo,3,0,0,6
China,30,1,Direct,2,0,2,2
China,25,1,Direct,4,0,2,4
US,28,1,Seo,5,0,2,1
UK,21,0,Direct,19,1,1,-1
UK,36,0,Ads,1,0,0,5
China,19,1,Seo,2,0,2,2
China,26,0,Direct,1,0,2,5
US,48,1,Seo,6,0,0,-1
China,23,1,Seo,7,0,2,-1
China,30,0,Seo,2,0,2,2
China,28,1,Direct,4,0,2,4
UK,38,1,Ads,8,0,0,-1
Germany,21,1,Ads,2,0,2,2
China,25,1,Ads,4,0,2,4
UK,35,1,Ads,4,0,0,4
UK,25,1,Seo,2,0,2,2
US,21,1,Ads,4,0,2,4
US,31,1,Seo,1,0,2,5
China,22,0,Direct,1,0,2,5
US,37,1,Seo,6,0,0,3
China,25,1,Seo,2,0,2,2
US,34,0,Seo,2,0,0,2
US,24,0,Ads,11,0,1,-1
China,31,0,Ads,5,0,2,1
US,32,0,Seo,4,0,0,4
US,30,1,Direct,11,0,1,-1
US,31,0,Direct,6,0,2,3
US,34,1,Seo,10,1,1,-1
UK,21,0,Ads,2,0,2,2
US,23,1,Seo,4,0,2,4
UK,30,1,Ads,2,0,2,2
US,31,0,Direct,7,0,1,0
US,30,0,Seo,4,0,2,4
US,29,0,Direct,9,0,1,-1
Germany,27,1,Seo,3,0,2,6
US,38,0,Direct,6,0,0,-1
US,27,0,Seo,2,0,2,2
US,42,1,Seo,10,0,1,-1
China,38,1,Direct,3,0,0,6
China,42,0,Ads,7,0,0,-1
US,40,1,Ads,5,0,0,-1
US,44,0,Ads,7,0,0,-1
China,26,1,Seo,1,0,2,5
US,21,0,Ads,2,0,2,2
UK,34,0,Seo,16,1,1,-1
China,42,1,Seo,2,0,0,2
China,47,1,Direct,4,0,0,-1
US,41,1,Ads,1,0,0,-1
US,25,1,Seo,5,0,2,1
US,44,1,Ads,8,0,0,-1
US,32,0,Seo,2,0,2,2
China,44,1,Direct,1,0,0,-1
US,40,0,Ads,5,0,0,-1
US,38,1,Seo,5,0,0,1
US,29,1,Seo,7,0,1,0
China,33,0,Seo,8,0,1,-1
China,17,1,Seo,1,0,2,-1
UK,23,1,Direct,8,0,1,-1
US,42,0,Seo,1,0,0,-1
China,25,0,Ads,3,0,2,6
US,18,1,Direct,7,0,2,-1
US,26,1,Ads,2,0,2,2
US,19,1,Direct,2,0,2,2
US,44,1,Seo,11,0,1,-1
China,35,1,Direct,2,0,0,2
UK,20,1,Ads,11,1,1,-1
US,25,1,Direct,4,0,2,4
Germany,25,0,Direct,2,0,2,2
US,34,0,Ads,7,0,0,-1
US,23,1,Seo,5,0,2,1
China,32,1,Ads,6,0,0,3
UK,22,0,Direct,4,0,2,4
US,34,1,Seo,7,0,0,-1
US,26,1,Seo,7,0,1,0
UK,23,0,Direct,16,1,1,-1
US,35,1,Seo,7,0,0,-1
US,21,1,Seo,4,0,2,4
China,30,1,Seo,6,0,2,3
China,39,0,Ads,5,0,0,-1
UK,31,1,Ads,7,0,1,0
Germany,31,1,Seo,6,0,2,3
US,19,0,Ads,13,1,1,-1
China,36,1,Seo,1,0,0,5
US,32,1,Seo,11,0,1,-1
UK,40,1,Seo,3,0,0,-1
UK,37,0,Seo,4,0,0,4
US,23,1,Direct,7,0,2,-1
Germany,19,1,Ads,2,0,2,2
China,21,0,Seo,8,0,1,-1
US,32,1,Seo,4,0,0,4
China,30,1,Ads,5,0,2,1
US,22,1,Ads,3,0,2,6
US,47,0,Ads,7,0,0,-1
China,35,1,Ads,3,0,0,6
Germany,34,1,Seo,4,0,0,4
China,36,0,Direct,2,0,0,2
US,35,0,Ads,5,0,0,1
US,23,0,Seo,7,0,2,-1
China,25,1,Seo,8,0,1,-1
US,30,1,Seo,3,0,2,6
Germany,28,1,Seo,4,0,2,4
UK,25,1,Seo,2,0,2,2
Germany,39,0,Seo,2,0,0,2
China,42,1,Ads,7,0,0,-1
UK,38,0,Ads,10,1,1,-1
China,36,1,Direct,4,0,0,4
US,19,0,Seo,2,0,2,2
US,37,1,Seo,3,0,0,6
UK,35,0,Ads,1,0,0,5
US,26,1,Seo,3,0,2,6
US,35,1,Direct,3,0,0,6
US,18,0,Direct,1,0,2,5
US,18,0,Seo,1,0,2,5
US,32,1,Ads,2,0,2,2
US,18,1,Direct,3,0,2,6
Germany,25,1,Seo,6,0,2,3
China,19,0,Direct,1,0,2,5
US,21,1,Ads,4,0,2,4
US,31,0,Seo,4,0,2,4
US,28,0,Seo,4,0,2,4
US,40,1,Direct,4,0,0,4
China,44,0,Ads,1,0,0,-1
US,18,1,Direct,1,0,2,5
US,27,0,Ads,4,0,2,4
US,27,1,Seo,5,0,2,1
China,35,0,Seo,3,0,0,6
US,28,0,Seo,12,0,1,-1
US,18,1,Seo,1,0,2,5
US,22,1,Seo,1,0,2,5
US,24,1,Ads,5,0,2,1
US,26,1,Seo,7,0,1,0
US,51,0,Ads,2,0,0,-1
US,38,1,Ads,3,0,0,6
US,31,0,Seo,5,0,2,1
Germany,20,1,Direct,1,0,2,5
US,28,0,Seo,6,0,2,3
US,24,1,Seo,6,0,2,3
US,47,0,Ads,3,0,0,-1
China,33,1,Seo,8,0,1,-1
UK,36,1,Ads,4,0,0,4
US,31,1,Ads,2,0,2,2
US,29,1,Ads,7,0,1,0
US,29,1,Ads,8,0,1,-1
US,38,0,Seo,4,0,0,4
China,32,0,Seo,3,0,2,6
US,28,1,Seo,11,0,1,-1
US,31,1,Seo,1,0,2,5
US,36,1,Seo,6,0,0,3
US,28,0,Seo,1,0,2,5
US,31,0,Seo,8,0,1,-1
UK,18,1,Seo,2,0,2,2
US,28,1,Ads,2,0,2,2
US,37,0,Seo,2,0,0,2
US,17,0,Seo,4,0,2,-1
China,22,1,Ads,9,0,1,-1
US,35,1,Seo,5,0,0,1
US,41,0,Ads,2,0,0,2
China,39,1,Seo,3,0,0,6
US,25,1,Direct,6,0,2,3
UK,22,1,Ads,3,0,2,6
UK,39,1,Ads,2,0,0,2
US,40,1,Ads,9,0,1,-1
China,28,1,Ads,6,0,2,3
UK,22,0,Ads,9,1,1,-1
China,36,0,Seo,3,0,0,6
US,30,1,Ads,2,0,2,2
US,38,1,Ads,7,0,0,-1
UK,52,1,Seo,4,0,0,-1
US,26,0,Seo,2,0,2,2
UK,29,1,Ads,1,0,2,5
China,29,1,Seo,5,0,2,1
US,30,0,Seo,8,0,1,-1
UK,32,0,Seo,11,1,1,-1
China,29,1,Seo,3,0,2,6
US,40,1,Ads,9,0,1,-1
China,36,1,Seo,5,0,0,1
China,17,0,Ads,1,0,2,-1
US,17,1,Ads,9,0,1,-1
US,22,1,Seo,2,0,2,2
US,29,1,Ads,6,0,2,3
US,29,1,Seo,5,0,2,1
US,35,1,Seo,8,0,1,-1
US,29,1,Direct,4,0,2,4
UK,21,0,Seo,2,0,2,2
US,34,0,Direct,8,0,1,-1
US,30,0,Seo,6,0,2,3
China,35,1,Seo,2,0,0,2
US,26,1,Ads,19,1,1,-1
US,18,0,Seo,5,0,2,-1
US,25,1,Ads,2,0,2,2
US,33,0,Seo,3,0,0,6
UK,32,1,Seo,4,0,0,4
Germany,35,0,Seo,1,0,0,5
Germany,49,1,Direct,2,0,0,-1
US,53,0,Seo,5,0,0,-1
China,51,0,Direct,4,0,0,-1
China,43,1,Seo,2,0,0,-1
US,26,1,Direct,4,0,2,4
China,23,1,Direct,9,0,1,-1
UK,31,1,Seo,1,0,2,5
US,33,1,Direct,2,0,0,2
China,32,1,Direct,3,0,2,6
US,40,1,Seo,1,0,0,5
Germany,33,0,Direct,3,0,0,6
US,24,1,Direct,11,0,1,-1
US,17,1,Seo,1,0,2,-1
US,27,0,Seo,6,0,2,3
China,33,1,Ads,2,0,0,2
US,35,1,Seo,5,0,0,1
China,24,1,Seo,4,0,2,4
US,30,1,Direct,4,0,2,4
China,35,1,Ads,2,0,0,2
US,32,1,Ads,15,1,1,-1
US,25,1,Ads,4,0,2,4
China,33,1,Seo,7,0,1,0
US,37,1,Direct,8,0,1,-1
UK,34,1,Ads,1,0,0,5
US,34,1,Direct,6,0,0,3
China,22,1,Seo,12,0,1,-1
China,50,1,Direct,4,0,0,-1
US,33,1,Ads,8,0,1,-1
UK,25,0,Seo,6,0,2,3
China,39,0,Ads,8,0,0,-1
US,29,1,Ads,5,0,2,1
China,33,1,Seo,3,0,0,6
US,67,0,Seo,4,0,0,-1
UK,24,1,Direct,4,0,2,4
US,27,0,Seo,2,0,2,2
US,34,1,Ads,9,0,1,-1
China,19,0,Ads,6,0,2,-1
China,30,1,Seo,7,0,1,0
US,42,1,Seo,2,0,0,2
US,28,1,Ads,6,0,2,3
US,23,0,Ads,2,0,2,2
Germany,32,1,Direct,4,0,0,4
UK,20,0,Ads,10,0,1,-1
US,21,1,Seo,3,0,2,6
US,45,0,Direct,3,0,0,-1
US,22,1,Ads,3,0,2,6
China,29,1,Seo,3,0,2,6
US,18,1,Seo,4,0,2,4
China,40,1,Ads,4,0,0,4
US,40,0,Direct,3,0,0,-1
UK,36,0,Ads,4,0,0,4
UK,40,1,Seo,3,0,0,-1
US,27,1,Ads,3,0,2,6
US,21,1,Seo,9,0,1,-1
UK,43,0,Seo,5,0,0,-1
UK,29,1,Seo,3,0,2,6
US,39,1,Seo,2,0,0,2
Germany,26,1,Direct,5,0,2,1
UK,41,1,Direct,5,0,0,-1
UK,31,1,Seo,10,0,1,-1
US,18,0,Direct,2,0,2,2
China,39,0,Ads,6,0,0,-1
China,25,1,Direct,7,0,1,0
China,24,1,Seo,3,0,2,6
China,31,1,Direct,5,0,2,1
US,35,1,Seo,3,0,0,6
China,18,1,Seo,4,0,2,4
UK,35,1,Seo,4,0,0,4
Germany,50,0,Ads,1,0,0,-1
UK,47,1,Direct,7,0,0,-1
Germany,27,0,Ads,18,1,1,-1
US,18,1,Seo,5,0,2,-1
US,28,0,Seo,6,0,2,3
US,39,1,Seo,2,0,0,2
US,29,1,Direct,2,0,2,2
US,38,0,Seo,6,0,0,-1
US,22,1,Ads,4,0,2,4
UK,21,0,Seo,17,1,1,-1
US,19,1,Direct,3,0,2,6
US,25,1,Ads,3,0,2,6
US,23,0,Seo,1,0,2,5
UK,20,1,Seo,7,0,2,-1
UK,46,0,Ads,5,0,0,-1
US,38,1,Direct,4,0,0,4
US,27,0,Direct,3,0,2,6
UK,18,1,Seo,6,0,2,-1
US,46,1,Direct,3,0,0,-1
US,34,1,Seo,1,0,0,5
US,42,0,Seo,5,0,0,-1
China,28,1,Direct,2,0,2,2
China,37,0,Seo,1,0,0,5
US,25,0,Ads,2,0,2,2
US,30,1,Ads,5,0,2,1
US,18,1,Seo,8,0,1,-1
US,35,0,Seo,1,0,0,5
Germany,41,0,Seo,4,0,0,-1
US,27,1,Seo,13,0,1,-1
US,31,1,Seo,10,0,1,-1
China,35,0,Ads,5,0,0,1
China,37,1,Direct,1,0,0,5
US,29,0,Direct,5,0,2,1
China,19,1,Direct,1,0,2,5
Germany,22,1,Seo,5,0,2,1
US,28,1,Direct,2,0,2,2
US,24,0,Ads,6,0,2,3
Germany,37,1,Seo,9,0,1,-1
Germany,34,1,Ads,5,0,0,1
US,33,1,Seo,2,0,0,2
UK,50,1,Ads,1,0,0,-1
UK,39,1,Seo,5,0,0,-1
US,42,0,Direct,5,0,0,-1
US,27,1,Seo,6,0,2,3
UK,31,0,Direct,4,0,2,4
China,18,0,Direct,2,0,2,2
US,24,0,Direct,5,0,2,1
US,40,1,Seo,4,0,0,4
Germany,33,0,Ads,2,0,0,2
US,20,1,Ads,1,0,2,5
China,28,0,Seo,2,0,2,2
US,23,0,Seo,9,1,1,-1
UK,36,0,Seo,19,1,1,-1
US,19,1,Direct,4,0,2,4
US,17,1,Ads,4,0,2,-1
US,46,1,Seo,7,0,0,-1
UK,23,1,Seo,1,0,2,5
China,31,1,Seo,7,0,1,0
US,60,1,Seo,1,0,0,-1
US,18,0,Direct,1,0,2,5
Germany,23,0,Seo,1,0,2,5
China,22,1,Ads,3,0,2,6
US,27,0,Direct,3,0,2,6
China,40,1,Seo,8,0,0,-1
US,24,1,Seo,6,0,2,3
UK,41,1,Seo,5,0,0,-1
US,31,0,Seo,6,0,2,3
US,40,1,Seo,4,0,0,4
US,37,1,Direct,6,0,0,3
China,17,0,Seo,2,0,2,2
UK,25,1,Seo,6,0,2,3
UK,23,1,Ads,5,0,2,1
UK,24,1,Ads,6,0,2,3
UK,34,1,Direct,3,0,0,6
China,30,0,Ads,11,0,1,-1
UK,30,1,Direct,4,0,2,4
US,30,1,Seo,4,0,2,4
US,20,0,Direct,4,0,2,4
US,31,1,Ads,2,0,2,2
US,40,0,Ads,9,0,1,-1
US,32,0,Ads,11,0,1,-1
China,23,0,Seo,3,0,2,6
China,29,1,Seo,2,0,2,2
China,29,1,Ads,7,0,1,0
US,22,1,Seo,2,0,2,2
UK,38,1,Ads,10,0,1,-1
China,24,1,Direct,4,0,2,4
US,27,1,Direct,7,0,1,0
US,42,1,Seo,4,0,0,-1
China,22,1,Seo,7,0,2,-1
US,40,1,Direct,7,0,0,-1
China,19,1,Ads,11,0,1,-1
US,24,1,Ads,6,0,2,3
China,42,1,Seo,10,0,1,-1
US,19,1,Seo,22,1,1,-1
US,48,1,Direct,4,0,0,-1
China,23,0,Seo,7,0,2,-1
China,34,0,Seo,4,0,0,4
US,32,1,Seo,3,0,2,6
US,35,0,Seo,1,0,0,5
China,32,1,Seo,2,0,2,2
UK,18,0,Direct,19,1,1,-1
US,25,0,Direct,2,0,2,2
China,29,1,Direct,5,0,2,1
US,30,0,Direct,1,0,2,5
US,32,1,Direct,4,0,0,4
China,30,1,Ads,3,0,2,6
US,43,1,Seo,1,0,0,-1
US,38,1,Seo,7,0,0,-1
US,41,1,Seo,12,0,1,-1
US,22,1,Seo,2,0,2,2
China,41,1,Ads,3,0,0,-1
US,19,1,Ads,8,0,1,-1
US,43,1,Ads,5,0,0,-1
UK,37,1,Seo,5,0,0,1
China,25,1,Ads,1,0,2,5
US,23,1,Seo,2,0,2,2
US,33,0,Seo,5,0,0,1
US,31,0,Seo,4,0,2,4
US,34,1,Ads,1,0,0,5
UK,17,1,Seo,1,0,2,-1
China,33,0,Seo,9,0,1,-1
US,32,1,Seo,3,0,2,6
US,26,1,Seo,1,0,2,5
US,39,0,Ads,8,0,0,-1
US,22,1,Seo,3,0,2,6
UK,23,1,Ads,6,0,2,3
US,35,1,Direct,5,0,0,1
US,20,0,Seo,6,0,2,-1
UK,28,1,Seo,2,0,2,2
US,33,1,Seo,7,0,1,0
UK,27,0,Ads,12,1,1,-1
UK,24,1,Direct,7,0,1,-1
China,45,0,Direct,9,0,0,-1
UK,24,0,Seo,4,0,2,4
US,34,1,Seo,1,0,0,5
China,32,0,Ads,2,0,2,2
US,18,1,Seo,4,0,2,4
China,44,0,Seo,6,0,0,-1
US,37,0,Direct,4,0,0,4
Germany,25,0,Seo,6,1,2,3
US,38,0,Seo,4,0,0,4
China,18,1,Direct,9,0,1,-1
US,35,1,Seo,1,0,0,5
US,21,1,Seo,6,0,2,-1
US,45,0,Seo,8,0,0,-1
US,28,0,Direct,14,1,1,-1
China,31,0,Seo,3,0,2,6
US,31,1,Seo,6,0,2,3
US,19,0,Seo,9,0,1,-1
China,21,1,Ads,6,0,2,-1
China,29,1,Seo,8,0,1,-1
China,35,0,Seo,3,0,0,6
US,22,0,Seo,2,0,2,2
US,24,0,Seo,1,0,2,5
US,33,1,Direct,14,0,1,-1
China,47,0,Seo,4,0,0,-1
US,21,1,Seo,4,0,2,4
US,46,0,Seo,3,0,0,-1
UK,25,1,Seo,10,0,1,-1
UK,35,1,Seo,5,0,0,1
US,40,1,Seo,6,0,0,-1
China,18,0,Seo,7,0,2,-1
China,36,1,Seo,5,0,0,1
China,33,0,Seo,3,0,0,6
China,34,1,Seo,8,0,1,-1
Germany,24,1,Ads,9,0,1,-1
US,32,0,Seo,2,0,2,2
US,46,1,Seo,9,0,0,-1
China,35,0,Seo,1,0,0,5
China,36,1,Seo,2,0,0,2
China,29,1,Seo,1,0,2,5
US,25,0,Seo,1,0,2,5
China,25,1,Ads,6,0,2,3
US,43,1,Ads,4,0,0,-1
US,33,0,Ads,8,0,1,-1
US,27,0,Seo,20,1,1,-1
US,20,1,Direct,5,0,2,1
UK,21,1,Ads,3,0,2,6
UK,48,1,Direct,2,0,0,-1
UK,44,0,Ads,2,0,0,-1
US,38,1,Ads,7,0,0,-1
China,47,1,Seo,2,0,0,-1
US,25,0,Seo,3,0,2,6
UK,21,0,Direct,8,0,1,-1
US,20,0,Seo,9,1,1,-1
US,33,0,Ads,1,0,0,5
US,24,0,Seo,3,0,2,6
Germany,19,1,Seo,8,0,1,-1
UK,30,1,Direct,7,0,1,0
China,35,1,Ads,5,0,0,1
Germany,22,0,Seo,2,0,2,2
Germany,33,0,Ads,7,0,1,0
China,27,0,Seo,5,0,2,1
UK,20,1,Seo,7,0,2,-1
UK,35,0,Ads,4,0,0,4
US,27,0,Direct,7,0,1,0
China,48,1,Ads,10,0,0,-1
US,20,1,Ads,3,0,2,6
US,25,1,Ads,2,0,2,2
UK,45,1,Direct,5,0,0,-1
US,33,0,Direct,5,0,0,1
US,19,1,Seo,2,0,2,2
US,27,1,Direct,7,0,1,0
UK,28,1,Direct,1,0,2,5
US,31,1,Ads,11,0,1,-1
US,21,1,Seo,12,0,1,-1
US,54,1,Seo,3,0,0,-1
China,38,1,Ads,1,0,0,5
China,26,0,Seo,2,0,2,2
US,21,1,Seo,5,0,2,1
US,29,1,Ads,7,0,1,0
Germany,47,1,Seo,1,0,0,-1
US,22,1,Direct,1,0,2,5
UK,18,1,Seo,7,0,2,-1
UK,19,1,Ads,5,0,2,1
US,22,1,Seo,9,0,1,-1
US,25,0,Seo,7,0,1,0
US,27,0,Ads,12,1,1,-1
US,19,0,Seo,8,0,1,-1
US,49,0,Direct,1,0,0,-1
China,18,1,Seo,4,0,2,4
US,34,1,Direct,5,0,0,1
US,18,0,Ads,20,1,1,-1
US,35,0,Direct,6,0,0,3
US,37,0,Direct,1,0,0,5
US,19,1,Direct,2,0,2,2
US,30,1,Direct,1,0,2,5
China,54,1,Seo,7,0,0,-1
US,50,1,Direct,9,0,0,-1
UK,52,1,Ads,1,0,0,-1
US,37,1,Direct,2,0,0,2
China,26,0,Seo,3,0,2,6
US,17,0,Seo,4,0,2,-1
China,48,1,Ads,5,0,0,-1
China,23,1,Ads,9,0,1,-1
China,36,0,Ads,4,0,0,4
China,30,1,Seo,2,0,2,2
China,27,1,Ads,13,0,1,-1
US,43,1,Ads,1,0,0,-1
US,32,1,Ads,8,0,1,-1
UK,18,1,Seo,3,0,2,6
UK,42,0,Ads,11,0,1,-1
Germany,33,0,Ads,3,0,0,6
US,27,1,Direct,1,0,2,5
US,29,1,Direct,4,0,2,4
Germany,60,0,Seo,4,0,0,-1
UK,20,0,Direct,5,0,2,1
US,45,1,Ads,4,0,0,-1
China,27,1,Ads,4,0,2,4
China,28,0,Seo,2,0,2,2
China,23,1,Direct,1,0,2,5
US,39,0,Seo,6,0,0,-1
US,35,0,Seo,4,0,0,4
UK,25,1,Seo,6,0,2,3
US,21,1,Direct,6,0,2,-1
China,38,0,Seo,4,0,0,4
China,24,1,Ads,2,0,2,2
Germany,39,1,Ads,1,0,0,5
UK,35,1,Ads,6,0,0,3
US,25,1,Direct,17,1,1,-1
US,40,1,Seo,6,0,0,-1
US,41,0,Direct,5,0,0,-1
US,29,1,Direct,3,0,2,6
US,36,1,Direct,5,0,0,1
China,20,1,Seo,5,0,2,1
China,46,1,Seo,1,0,0,-1
US,36,1,Seo,5,0,0,1
US,33,0,Seo,5,0,0,1
China,33,1,Seo,6,0,0,3
UK,36,1,Ads,7,0,0,-1
US,33,1,Seo,1,0,0,5
China,26,0,Seo,4,0,2,4
China,24,1,Seo,6,0,2,3
US,43,1,Seo,2,0,0,-1
UK,27,1,Seo,7,0,1,0
US,32,0,Ads,9,1,1,-1
US,26,1,Ads,4,0,2,4
US,33,1,Seo,3,0,0,6
US,28,0,Ads,13,1,1,-1
UK,37,1,Seo,8,0,1,-1
US,39,1,Seo,3,0,0,6
US,20,1,Ads,8,0,1,-1
US,37,1,Seo,9,0,1,-1
US,25,1,Ads,1,0,2,5
US,49,0,Seo,5,0,0,-1
UK,29,1,Seo,2,0,2,2
US,20,0,Ads,4,0,2,4
US,24,0,Seo,7,0,1,-1
Germany,22,0,Direct,4,0,2,4
US,46,0,Ads,1,0,0,-1
China,20,0,Seo,3,0,2,6
China,43,1,Direct,2,0,0,-1
US,36,1,Ads,2,0,0,2
US,21,1,Direct,2,0,2,2
China,24,1,Seo,7,0,1,-1
UK,22,1,Direct,13,0,1,-1
China,34,0,Direct,5,0,0,1
UK,41,0,Ads,6,0,0,-1
US,18,1,Ads,4,0,2,4
US,18,0,Seo,2,0,2,2
US,43,1,Seo,2,0,0,-1
US,33,0,Seo,17,1,1,-1
US,43,0,Ads,3,0,0,-1
China,32,1,Direct,10,0,1,-1
US,26,1,Ads,7,0,1,0
US,29,0,Direct,22,1,1,-1
China,34,1,Ads,2,0,0,2
China,48,1,Seo,9,0,0,-1
US,28,0,Direct,5,0,2,1
UK,27,0,Direct,3,0,2,6
UK,39,1,Ads,7,0,0,-1
China,21,1,Ads,6,0,2,-1
US,40,1,Direct,4,0,0,4
US,21,0,Seo,1,0,2,5
US,30,1,Seo,19,1,1,-1
US,42,1,Ads,14,0,1,-1
US,38,1,Seo,3,0,0,6
US,22,0,Seo,4,0,2,4
US,51,1,Direct,5,0,0,-1
US,34,1,Seo,2,0,0,2
US,32,1,Seo,9,0,1,-1
China,27,1,Ads,1,0,2,5
US,29,1,Seo,3,0,2,6
US,31,0,Ads,6,0,2,3
US,50,0,Seo,7,0,0,-1
US,41,0,Ads,1,0,0,-1
US,30,1,Seo,4,0,2,4
US,33,1,Direct,8,0,1,-1
US,37,1,Seo,7,0,0,-1
China,19,1,Seo,1,0,2,5
US,36,1,Ads,1,0,0,5
China,25,1,Seo,5,0,2,1
US,33,0,Seo,2,0,0,2
US,27,1,Direct,3,0,2,6
China,24,1,Ads,4,0,2,4
China,48,1,Ads,1,0,0,-1
US,24,1,Seo,3,0,2,6
US,22,0,Ads,1,0,2,5
US,42,1,Seo,1,0,0,-1
US,27,1,Seo,4,0,2,4
US,33,1,Seo,5,0,0,1
US,17,1,Seo,1,0,2,-1
UK,22,0,Ads,4,0,2,4
China,17,1,Seo,8,0,1,-1
US,41,1,Ads,5,0,0,-1
China,40,1,Seo,12,0,1,-1
China,24,1,Direct,1,0,2,5
US,19,1,Seo,1,0,2,5
US,23,1,Seo,16,0,1,-1
China,19,1,Direct,7,0,2,-1
China,29,0,Direct,4,0,2,4
US,20,1,Seo,2,0,2,2
China,26,1,Direct,3,0,2,6
US,18,1,Direct,4,0,2,4
UK,48,0,Direct,3,0,0,-1
US,32,1,Seo,8,0,1,-1
UK,35,0,Ads,11,0,1,-1
UK,22,0,Direct,3,0,2,6
Germany,28,1,Seo,2,0,2,2
UK,29,1,Seo,8,0,1,-1
China,33,1,Seo,1,0,0,5
US,24,0,Ads,9,0,1,-1
China,23,0,Ads,2,0,2,2
US,34,1,Seo,10,0,1,-1
US,28,1,Seo,11,0,1,-1
China,32,1,Seo,5,0,0,1
China,20,0,Ads,3,0,2,6
US,18,1,Direct,5,0,2,-1
US,20,0,Ads,5,0,2,1
China,19,0,Direct,1,0,2,5
US,23,0,Seo,6,0,2,3
China,30,1,Seo,2,0,2,2
US,26,1,Ads,11,0,1,-1
China,27,1,Direct,4,0,2,4
US,19,1,Direct,3,0,2,6
UK,28,1,Ads,1,0,2,5
US,24,1,Ads,2,0,2,2
US,25,1,Direct,7,0,1,0
US,37,0,Seo,4,1,0,4
UK,39,1,Seo,8,0,0,-1
UK,40,1,Seo,9,0,1,-1
China,35,1,Direct,15,0,1,-1
China,30,0,Ads,2,0,2,2
China,34,1,Direct,4,0,0,4
US,30,0,Ads,1,0,2,5
US,29,0,Direct,5,0,2,1
US,26,1,Seo,4,0,2,4
UK,26,0,Seo,5,0,2,1
US,20,1,Ads,9,0,1,-1
UK,26,1,Seo,7,0,1,0
US,27,0,Direct,3,0,2,6
US,31,1,Seo,9,0,1,-1
US,48,0,Seo,1,0,0,-1
China,29,1,Ads,3,0,2,6
US,37,1,Seo,4,0,0,4
UK,21,0,Ads,8,0,1,-1
US,34,1,Seo,2,0,0,2
US,26,1,Seo,1,0,2,5
China,31,1,Ads,1,0,2,5
US,38,1,Seo,10,0,1,-1
US,23,0,Seo,7,0,2,-1
US,26,1,Seo,6,0,2,3
China,30,0,Seo,5,0,2,1
UK,24,0,Seo,2,0,2,2
China,48,1,Seo,1,0,0,-1
US,32,0,Ads,4,0,0,4
US,30,0,Direct,6,0,2,3
US,35,1,Seo,6,0,0,3
China,31,1,Ads,12,0,1,-1
US,27,1,Ads,6,0,2,3
Germany,26,1,Ads,5,0,2,1
US,31,1,Direct,6,0,2,3
China,29,0,Seo,5,0,2,1
US,38,1,Ads,5,0,0,1
China,29,0,Seo,1,0,2,5
US,19,0,Ads,7,0,2,-1
UK,36,1,Direct,4,0,0,4
US,18,1,Ads,10,1,1,-1
China,40,1,Seo,1,0,0,5
US,27,1,Ads,1,0,2,5
China,17,1,Direct,8,0,1,-1
US,28,0,Ads,14,1,1,-1
China,32,1,Seo,13,0,1,-1
China,28,1,Ads,5,0,2,1
US,32,1,Ads,1,0,2,5
China,28,1,Seo,6,0,2,3
US,35,1,Ads,11,0,1,-1
China,23,1,Ads,6,0,2,3
US,30,0,Seo,5,0,2,1
US,33,1,Seo,3,0,0,6
US,49,1,Ads,5,0,0,-1
US,17,1,Seo,11,0,1,-1
US,25,1,Seo,4,0,2,4
China,42,0,Seo,2,0,0,2
US,19,0,Seo,5,0,2,1
China,40,0,Ads,3,0,0,-1
US,50,1,Ads,1,0,0,-1
US,44,1,Ads,4,0,0,-1
US,25,1,Seo,13,0,1,-1
US,22,1,Seo,8,0,1,-1
US,45,1,Seo,1,0,0,-1
China,28,1,Seo,3,0,2,6
US,26,1,Ads,6,0,2,3
China,26,1,Seo,6,0,2,3
UK,35,1,Ads,11,0,1,-1
US,28,1,Seo,8,0,1,-1
UK,28,1,Direct,4,0,2,4
US,27,1,Seo,7,0,1,0
US,27,1,Ads,1,0,2,5
China,21,0,Ads,1,0,2,5
China,37,1,Seo,1,0,0,5
UK,29,0,Seo,3,0,2,6
China,35,0,Seo,4,0,0,4
US,38,1,Seo,1,0,0,5
China,22,0,Seo,2,0,2,2
China,30,1,Seo,3,0,2,6
China,31,1,Ads,7,0,1,0
US,24,1,Seo,3,0,2,6
US,28,0,Ads,4,0,2,4
US,34,0,Direct,3,0,0,6
UK,25,1,Ads,1,0,2,5
UK,30,0,Ads,4,0,2,4
US,27,1,Seo,6,0,2,3
US,28,1,Seo,2,0,2,2
China,28,1,Seo,2,0,2,2
US,33,1,Direct,6,0,0,3
China,34,1,Direct,9,0,1,-1
US,28,1,Ads,4,0,2,4
US,23,1,Direct,19,1,1,-1
US,47,1,Direct,6,0,0,-1
US,37,1,Direct,4,0,0,4
US,36,1,Ads,2,0,0,2
US,39,0,Seo,8,0,0,-1
Germany,31,1,Seo,1,0,2,5
China,21,1,Ads,5,0,2,1
China,39,1,Ads,2,0,0,2
US,38,1,Ads,7,0,0,-1
US,30,1,Direct,1,0,2,5
China,23,1,Direct,7,0,2,-1
China,20,1,Seo,2,0,2,2
US,34,1,Seo,9,0,1,-1
US,26,0,Seo,2,0,2,2
US,40,0,Seo,9,0,1,-1
US,34,1,Seo,3,0,0,6
China,46,0,Ads,4,0,0,-1
US,30,1,Ads,5,0,2,1
China,27,0,Ads,4,0,2,4
US,20,1,Ads,5,0,2,1
US,33,0,Seo,5,0,0,1
UK,43,1,Seo,7,0,0,-1
US,37,1,Ads,4,0,0,4
US,21,0,Ads,5,0,2,1
US,34,0,Seo,3,0,0,6
China,38,1,Ads,1,0,0,5
US,31,1,Ads,1,0,2,5
US,19,0,Ads,20,1,1,-1
UK,29,1,Direct,3,0,2,6
China,34,1,Seo,6,0,0,3
US,21,1,Seo,1,0,2,5
China,32,0,Direct,9,0,1,-1
China,22,1,Ads,3,0,2,6
US,35,0,Seo,8,0,1,-1
US,33,1,Direct,7,0,1,0
UK,38,0,Seo,1,0,0,5
US,37,0,Seo,4,0,0,4
US,35,0,Seo,6,0,0,3
China,36,1,Ads,4,0,0,4
UK,45,1,Seo,1,0,0,-1
US,36,1,Direct,1,0,0,5
Germany,29,1,Ads,4,0,2,4
US,38,1,Direct,5,0,0,1
US,26,0,Seo,8,0,1,-1
US,32,1,Ads,2,0,2,2
US,37,1,Ads,5,0,0,1
US,17,1,Seo,2,0,2,2
UK,21,1,Ads,1,0,2,5
US,42,1,Direct,1,0,0,-1
US,20,1,Direct,1,0,2,5
China,33,1,Direct,8,0,1,-1
China,44,1,Seo,8,0,0,-1
US,30,1,Direct,6,0,2,3
US,36,0,Direct,6,0,0,3
China,26,1,Seo,3,0,2,6
US,23,1,Ads,6,0,2,3
US,18,1,Seo,4,0,2,4
Germany,40,1,Seo,4,0,0,4
US,37,1,Direct,4,0,0,4
China,51,1,Seo,2,0,0,-1
US,31,1,Ads,3,0,2,6
China,52,1,Seo,7,0,0,-1
Germany,30,1,Seo,9,0,1,-1
US,22,1,Ads,4,0,2,4
China,37,1,Ads,1,0,0,5
US,28,0,Seo,4,0,2,4
US,28,1,Ads,1,0,2,5
US,33,1,Ads,9,0,1,-1
Germany,28,0,Direct,2,0,2,2
US,31,1,Seo,3,0,2,6
China,38,0,Direct,2,0,0,2
US,31,1,Seo,3,0,2,6
UK,28,1,Ads,3,0,2,6
US,23,0,Direct,9,0,1,-1
US,37,1,Direct,2,0,0,2
US,48,1,Seo,1,0,0,-1
UK,40,0,Ads,3,0,0,-1
US,28,1,Seo,5,0,2,1
US,33,1,Direct,1,0,0,5
US,38,1,Seo,6,0,0,-1
US,38,1,Seo,2,0,0,2
UK,33,1,Ads,6,0,0,3
UK,47,1,Seo,4,0,0,-1
UK,27,0,Seo,1,0,2,5
US,47,1,Seo,6,0,0,-1
US,33,0,Seo,3,0,0,6
US,32,1,Direct,5,0,0,1
China,27,1,Seo,3,0,2,6
US,26,1,Seo,9,0,1,-1
US,27,0,Direct,6,0,2,3
US,29,1,Seo,5,0,2,1
UK,44,0,Direct,4,0,0,-1
US,25,1,Seo,5,0,2,1
China,29,1,Seo,1,0,2,5
China,44,0,Seo,10,0,1,-1
China,29,1,Ads,3,0,2,6
US,35,0,Seo,8,0,1,-1
US,37,0,Ads,1,0,0,5
US,27,1,Ads,5,0,2,1
China,41,0,Ads,2,0,0,2
US,37,1,Ads,8,0,1,-1
China,37,1,Seo,4,0,0,4
US,35,1,Seo,5,0,0,1
UK,34,0,Ads,5,0,0,1
Germany,17,1,Ads,6,0,2,-1
US,43,1,Seo,2,0,0,-1
US,34,1,Seo,12,1,1,-1
China,39,1,Seo,5,0,0,-1
US,25,1,Direct,3,0,2,6
US,48,1,Seo,7,0,0,-1
US,32,1,Seo,3,0,2,6
US,26,1,Ads,12,0,1,-1
US,43,0,Seo,6,0,0,-1
US,32,1,Seo,2,0,2,2
China,25,1,Seo,2,0,2,2
US,26,1,Direct,1,0,2,5
UK,23,0,Seo,4,0,2,4
China,37,1,Seo,2,0,0,2
China,41,0,Seo,4,0,0,-1
Germany,21,1,Seo,10,0,1,-1
US,28,1,Ads,6,0,2,3
US,30,1,Direct,6,0,2,3
US,26,1,Ads,3,0,2,6
China,37,1,Direct,5,0,0,1
UK,34,0,Seo,3,0,0,6
US,23,1,Seo,3,0,2,6
UK,44,1,Seo,2,0,0,-1
UK,31,1,Ads,9,0,1,-1
US,32,1,Seo,5,0,0,1
US,25,1,Direct,4,0,2,4
China,21,1,Direct,4,0,2,4
China,25,1,Seo,5,0,2,1
US,57,0,Ads,2,0,0,-1
US,36,1,Seo,21,1,1,-1
US,29,0,Ads,6,0,2,3
China,19,1,Ads,5,0,2,1
US,29,1,Direct,14,1,1,-1
US,29,0,Seo,14,1,1,-1
US,31,0,Seo,13,0,1,-1
China,32,0,Ads,6,0,0,3
US,30,0,Seo,6,0,2,3
US,17,1,Seo,3,0,2,-1
Germany,36,0,Direct,5,0,0,1
US,31,1,Seo,5,0,2,1
US,33,1,Direct,3,0,0,6
China,25,1,Seo,1,0,2,5
UK,30,1,Direct,2,0,2,2
US,38,1,Seo,6,0,0,-1
China,44,0,Ads,11,0,1,-1
US,40,1,Seo,9,0,1,-1
US,30,1,Ads,7,0,1,0
Germany,29,1,Direct,4,0,2,4
US,24,1,Direct,7,0,1,-1
Germany,33,1,Seo,5,0,0,1
China,38,1,Direct,8,0,0,-1
US,29,1,Seo,1,0,2,5
UK,35,1,Ads,2,0,0,2
UK,25,1,Direct,6,0,2,3
Germany,19,1,Ads,5,0,2,1
US,38,0,Seo,5,0,0,1
China,50,1,Ads,4,0,0,-1
US,23,1,Seo,1,0,2,5
US,29,1,Ads,10,0,1,-1
US,22,1,Ads,6,0,2,3
US,49,1,Seo,4,0,0,-1
US,48,1,Ads,3,0,0,-1
US,32,1,Ads,12,0,1,-1
China,35,0,Direct,2,0,0,2
US,24,0,Direct,3,0,2,6
US,17,0,Ads,5,0,2,-1
US,29,0,Seo,3,0,2,6
US,29,0,Seo,3,0,2,6
China,35,0,Direct,4,0,0,4
China,32,1,Ads,3,0,2,6
US,35,1,Direct,4,0,0,4
China,38,0,Seo,3,0,0,6
US,28,1,Seo,4,0,2,4
US,37,1,Seo,5,0,0,1
China,30,1,Ads,4,0,2,4
UK,31,1,Seo,6,0,2,3
China,33,0,Seo,4,0,0,4
US,43,0,Direct,2,0,0,-1
UK,22,0,Direct,3,0,2,6
US,34,1,Direct,3,0,0,6
UK,29,1,Seo,6,0,2,3
US,18,1,Seo,2,0,2,2
US,17,1,Seo,2,0,2,2
China,26,1,Seo,3,0,2,6
UK,33,1,Ads,5,0,0,1
China,33,0,Seo,5,0,0,1
China,29,1,Seo,7,0,1,0
US,34,1,Seo,3,0,0,6
US,41,1,Direct,4,0,0,-1
US,45,0,Ads,8,0,0,-1
US,30,1,Ads,2,0,2,2
China,35,1,Direct,5,0,0,1
US,33,0,Direct,9,0,1,-1
UK,36,1,Seo,1,0,0,5
US,26,1,Direct,10,0,1,-1
China,27,1,Ads,5,0,2,1
US,30,1,Direct,3,0,2,6
US,19,1,Seo,2,0,2,2
UK,30,1,Seo,2,0,2,2
US,34,1,Ads,2,0,0,2
US,33,1,Direct,3,0,0,6
US,20,1,Ads,3,0,2,6
US,52,1,Seo,5,0,0,-1
US,20,1,Ads,6,0,2,-1
US,20,0,Seo,18,1,1,-1
US,39,1,Ads,4,0,0,4
US,22,1,Direct,8,0,1,-1
China,37,1,Seo,4,0,0,4
China,47,1,Ads,8,0,0,-1
US,33,1,Ads,4,0,0,4
US,31,1,Ads,2,0,2,2
UK,45,1,Seo,3,0,0,-1
US,27,1,Seo,3,0,2,6
UK,39,1,Seo,1,0,0,5
US,35,1,Seo,4,0,0,4
US,31,1,Direct,3,0,2,6
UK,24,1,Direct,2,0,2,2
US,20,1,Ads,6,0,2,-1
US,40,0,Direct,4,0,0,4
US,34,1,Seo,11,0,1,-1
UK,31,1,Direct,5,0,2,1
US,24,1,Ads,10,0,1,-1
US,20,0,Seo,1,0,2,5
US,33,1,Direct,3,0,0,6
China,35,1,Ads,2,0,0,2
China,33,1,Seo,4,0,0,4
US,20,1,Direct,15,1,1,-1
China,33,1,Seo,3,0,0,6
China,23,1,Seo,3,0,2,6
US,36,0,Ads,6,0,0,3
US,39,1,Ads,4,0,0,4
China,34,1,Ads,8,0,1,-1
China,24,1,Seo,9,0,1,-1
US,32,1,Seo,3,0,2,6
UK,18,1,Seo,2,0,2,2
China,18,1,Direct,3,0,2,6
US,18,0,Seo,9,0,1,-1
US,27,0,Ads,5,0,2,1
US,26,0,Ads,10,0,1,-1
US,32,1,Seo,2,0,2,2
UK,26,0,Seo,1,0,2,5
UK,43,1,Seo,5,0,0,-1
US,27,1,Seo,9,0,1,-1
US,27,0,Seo,7,0,1,0
UK,26,0,Seo,2,0,2,2
US,31,1,Seo,1,0,2,5
China,37,0,Seo,4,0,0,4
US,20,0,Seo,10,0,1,-1
China,22,0,Ads,6,0,2,3
UK,33,1,Ads,2,0,0,2
UK,25,0,Seo,3,0,2,6
China,23,0,Direct,4,0,2,4
China,32,1,Direct,3,0,2,6
China,30,1,Direct,4,0,2,4
US,33,1,Ads,1,0,0,5
US,35,1,Direct,5,0,0,1
US,29,1,Ads,2,0,2,2
US,26,0,Seo,4,0,2,4
US,31,1,Seo,3,0,2,6
US,29,1,Seo,1,0,2,5
China,28,1,Seo,2,0,2,2
US,28,1,Ads,3,0,2,6
US,24,1,Seo,8,0,1,-1
US,23,1,Ads,1,0,2,5
Germany,18,1,Seo,2,0,2,2
US,19,1,Seo,2,0,2,2
US,23,0,Seo,4,0,2,4
UK,36,1,Ads,1,0,0,5
US,28,1,Seo,2,0,2,2
US,17,0,Seo,11,0,1,-1
US,35,1,Ads,6,0,0,3
US,36,0,Ads,11,0,1,-1
UK,58,0,Direct,6,0,0,-1
US,30,1,Ads,1,0,2,5
US,40,0,Seo,4,0,0,4
UK,42,1,Seo,6,0,0,-1
US,35,0,Direct,7,0,0,-1
US,25,1,Direct,20,1,1,-1
US,26,1,Ads,5,0,2,1
UK,32,0,Seo,4,0,0,4
US,28,1,Direct,7,0,1,0
US,27,1,Ads,2,0,2,2
US,31,1,Seo,10,0,1,-1
US,36,0,Seo,13,1,1,-1
US,28,1,Seo,7,0,1,0
US,34,1,Seo,3,0,0,6
China,40,0,Ads,6,0,0,-1
UK,33,0,Direct,3,0,0,6
US,27,1,Ads,1,0,2,5
China,34,1,Seo,7,0,0,-1
US,24,0,Seo,2,0,2,2
China,19,1,Seo,2,0,2,2
China,52,1,Ads,1,0,0,-1
China,25,0,Seo,3,0,2,6
US,21,1,Ads,4,0,2,4
US,24,1,Direct,7,0,1,-1
UK,37,1,Seo,6,0,0,3
US,35,1,Ads,2,0,0,2
US,25,1,Seo,4,0,2,4
UK,54,0,Seo,4,0,0,-1
China,26,0,Seo,9,0,1,-1
US,26,1,Direct,9,0,1,-1
Germany,30,0,Ads,5,0,2,1
US,22,1,Direct,1,0,2,5
China,30,1,Seo,2,0,2,2
US,29,0,Ads,9,0,1,-1
US,42,0,Seo,10,0,1,-1
US,46,0,Ads,2,0,0,-1
US,18,1,Seo,7,0,2,-1
UK,34,0,Seo,4,0,0,4
US,26,1,Seo,1,0,2,5
US,25,1,Seo,1,0,2,5
China,27,0,Ads,9,0,1,-1
US,29,0,Ads,1,0,2,5
Germany,37,1,Seo,7,0,0,-1
US,41,1,Seo,1,0,0,-1
UK,31,1,Ads,1,0,2,5
US,45,1,Direct,3,0,0,-1
China,19,1,Direct,4,0,2,4
China,28,1,Seo,4,0,2,4
US,40,1,Seo,9,0,1,-1
US,20,0,Seo,5,0,2,1
US,18,1,Ads,3,0,2,6
US,23,1,Ads,5,0,2,1
US,41,1,Direct,3,0,0,-1
US,32,1,Ads,5,0,0,1
China,32,0,Ads,4,0,0,4
China,21,1,Seo,2,0,2,2
US,22,0,Seo,3,0,2,6
US,37,1,Seo,2,0,0,2
China,36,0,Seo,3,0,0,6
US,39,0,Seo,10,1,1,-1
UK,39,1,Ads,5,0,0,-1
US,37,0,Ads,17,1,1,-1
US,37,0,Seo,7,0,0,-1
US,33,0,Seo,4,0,0,4
US,29,0,Ads,13,1,1,-1
US,32,1,Seo,7,0,1,0
UK,23,1,Direct,3,0,2,6
UK,21,1,Ads,1,0,2,5
US,18,0,Seo,7,0,2,-1
US,28,0,Seo,4,0,2,4
US,24,0,Ads,12,1,1,-1
US,24,1,Direct,4,0,2,4
US,27,1,Seo,9,0,1,-1
US,26,1,Seo,3,0,2,6
UK,32,0,Direct,3,0,2,6
US,34,1,Seo,5,0,0,1
US,19,1,Direct,7,0,2,-1
China,39,0,Seo,4,0,0,4
China,30,1,Seo,5,0,2,1
US,35,1,Seo,3,0,0,6
US,30,1,Direct,2,0,2,2
US,31,1,Seo,4,0,2,4
China,17,1,Ads,9,0,1,-1
China,29,1,Seo,1,0,2,5
US,42,0,Direct,4,0,0,-1
China,27,0,Direct,2,0,2,2
China,23,1,Ads,2,0,2,2
US,22,1,Ads,1,0,2,5
US,23,1,Seo,6,0,2,3
China,20,1,Seo,4,0,2,4
UK,36,1,Seo,4,0,0,4
UK,53,1,Seo,3,0,0,-1
UK,28,1,Seo,9,0,1,-1
UK,31,1,Seo,4,0,2,4
US,29,1,Seo,3,0,2,6
China,49,1,Ads,6,0,0,-1
US,43,1,Ads,3,0,0,-1
US,39,0,Seo,4,0,0,4
China,19,0,Direct,2,0,2,2
US,26,1,Ads,6,0,2,3
US,24,1,Direct,4,0,2,4
China,34,1,Ads,8,0,1,-1
US,25,1,Seo,1,0,2,5
Germany,23,1,Ads,2,0,2,2
China,29,1,Seo,5,0,2,1
US,56,1,Seo,10,0,0,-1
US,31,0,Seo,4,0,2,4
US,38,1,Seo,9,0,1,-1
UK,19,0,Seo,2,0,2,2
China,34,1,Seo,2,0,0,2
China,44,1,Ads,4,0,0,-1
US,22,1,Direct,6,0,2,3
US,21,0,Ads,2,0,2,2
US,34,1,Seo,6,0,0,3
US,23,1,Direct,4,0,2,4
China,37,1,Ads,9,0,1,-1
US,19,1,Ads,3,0,2,6
Germany,32,1,Seo,8,0,1,-1
China,50,1,Seo,2,0,0,-1
UK,39,0,Direct,1,0,0,5
US,36,1,Direct,7,0,0,-1
US,26,0,Ads,10,1,1,-1
US,34,1,Seo,9,0,1,-1
US,35,1,Direct,2,0,0,2
UK,31,1,Ads,3,0,2,6
US,26,1,Ads,5,0,2,1
US,23,0,Direct,12,0,1,-1
UK,39,0,Seo,1,0,0,5
US,32,1,Direct,8,0,1,-1
Germany,22,1,Seo,3,0,2,6
US,44,1,Ads,11,0,1,-1
US,32,0,Ads,8,0,1,-1
US,23,0,Seo,3,0,2,6
UK,29,0,Seo,3,0,2,6
China,32,1,Direct,8,0,1,-1
UK,20,0,Seo,7,0,2,-1
US,26,1,Direct,2,0,2,2
US,26,1,Ads,3,0,2,6
US,38,1,Ads,4,0,0,4
US,21,1,Seo,10,0,1,-1
China,17,1,Seo,3,0,2,-1
China,22,1,Seo,5,0,2,1
China,30,1,Seo,3,0,2,6
China,24,1,Ads,10,0,1,-1
UK,23,0,Ads,7,0,2,-1
Germany,23,1,Direct,4,0,2,4
US,46,1,Seo,6,0,0,-1
Germany,24,1,Seo,7,0,1,-1
China,36,1,Ads,5,0,0,1
China,28,1,Seo,3,0,2,6
China,28,1,Direct,3,0,2,6
US,28,0,Ads,6,0,2,3
US,28,1,Seo,4,0,2,4
US,36,1,Ads,7,0,0,-1
UK,25,0,Ads,4,0,2,4
UK,30,1,Seo,4,0,2,4
US,45,1,Seo,1,0,0,-1
US,40,1,Ads,6,0,0,-1
China,26,0,Ads,5,0,2,1
US,28,1,Direct,5,0,2,1
Germany,29,1,Seo,16,1,1,-1
China,28,1,Seo,5,0,2,1
US,29,1,Seo,2,0,2,2
China,47,1,Direct,10,0,0,-1
China,26,1,Direct,11,0,1,-1
US,52,1,Seo,5,0,0,-1
UK,22,1,Seo,1,0,2,5
US,34,1,Direct,4,0,0,4
US,30,0,Seo,1,0,2,5
China,45,1,Seo,1,0,0,-1
UK,18,0,Direct,6,0,2,-1
China,36,1,Seo,4,0,0,4
US,45,0,Seo,2,0,0,-1
US,29,0,Seo,4,0,2,4
Germany,40,0,Seo,8,0,0,-1
US,22,0,Seo,4,0,2,4
US,28,1,Seo,4,0,2,4
US,36,1,Ads,2,0,0,2
US,22,1,Direct,10,0,1,-1
US,31,1,Seo,7,0,1,0
UK,35,1,Ads,7,0,0,-1
China,39,0,Seo,12,0,1,-1
US,18,1,Ads,1,0,2,5
US,34,1,Seo,5,0,0,1
China,45,1,Direct,1,0,0,-1
US,27,1,Seo,10,0,1,-1
China,45,1,Seo,6,0,0,-1
China,37,1,Seo,4,0,0,4
US,32,1,Seo,1,0,2,5
UK,35,1,Seo,10,0,1,-1
US,37,0,Direct,3,0,0,6
US,46,0,Ads,7,0,0,-1
China,23,0,Ads,10,0,1,-1
US,42,1,Ads,2,0,0,2
US,31,0,Direct,5,0,2,1
US,20,1,Ads,7,0,2,-1
US,42,1,Seo,5,0,0,-1
US,52,0,Direct,2,0,0,-1
China,19,0,Seo,12,0,1,-1
US,39,1,Seo,2,0,0,2
UK,37,1,Seo,4,0,0,4
US,29,0,Ads,2,0,2,2
US,38,1,Seo,1,0,0,5
US,37,1,Seo,4,0,0,4
US,21,0,Seo,8,0,1,-1
UK,22,1,Seo,4,0,2,4
China,31,1,Seo,3,0,2,6
China,30,0,Ads,6,0,2,3
China,22,1,Seo,3,0,2,6
US,30,1,Direct,5,0,2,1
China,41,1,Ads,2,0,0,2
China,18,1,Ads,10,0,1,-1
UK,23,0,Direct,1,0,2,5
US,42,1,Direct,3,0,0,-1
US,26,0,Ads,10,0,1,-1
UK,22,1,Direct,7,0,2,-1
UK,24,1,Direct,6,0,2,3
US,30,1,Direct,2,0,2,2
China,29,0,Seo,2,0,2,2
US,20,1,Seo,1,0,2,5
UK,37,0,Ads,7,0,0,-1
US,28,1,Direct,1,0,2,5
China,33,0,Ads,6,0,0,3
China,27,0,Ads,5,0,2,1
US,26,0,Direct,8,0,1,-1
China,20,1,Seo,8,0,1,-1
US,53,1,Seo,4,0,0,-1
US,21,1,Seo,2,0,2,2
US,35,1,Seo,1,0,0,5
China,37,1,Direct,5,0,0,1
US,18,0,Seo,7,0,2,-1
UK,62,1,Seo,2,0,0,-1
US,38,1,Direct,4,0,0,4
UK,38,1,Direct,1,0,0,5
UK,25,1,Ads,4,0,2,4
US,29,1,Ads,1,0,2,5
China,27,1,Ads,5,0,2,1
US,30,1,Seo,5,0,2,1
China,39,1,Seo,4,0,0,4
China,25,0,Ads,1,0,2,5
UK,36,1,Ads,2,0,0,2
UK,35,0,Direct,3,0,0,6
UK,33,1,Direct,11,0,1,-1
US,24,1,Direct,3,0,2,6
China,28,1,Seo,1,0,2,5
US,22,0,Seo,6,0,2,3
China,40,1,Direct,1,0,0,5
US,33,0,Seo,2,0,0,2
US,31,0,Ads,2,0,2,2
UK,22,0,Direct,3,0,2,6
US,29,1,Ads,4,0,2,4
China,34,0,Ads,6,0,0,3
US,31,1,Seo,4,0,2,4
US,26,1,Direct,1,0,2,5
US,21,1,Seo,3,0,2,6
US,19,0,Ads,2,0,2,2
UK,35,1,Direct,1,0,0,5
US,18,1,Seo,5,0,2,-1
UK,37,0,Ads,3,0,0,6
US,37,1,Seo,2,0,0,2
China,30,1,Ads,2,0,2,2
UK,30,1,Seo,3,0,2,6
US,29,0,Ads,8,0,1,-1
UK,43,1,Ads,4,0,0,-1
Germany,23,1,Seo,7,0,2,-1
China,31,0,Ads,4,0,2,4
US,43,0,Ads,1,0,0,-1
US,38,1,Direct,4,0,0,4
US,19,1,Seo,7,0,2,-1
US,29,0,Seo,2,0,2,2
US,57,0,Direct,3,0,0,-1
China,25,0,Seo,3,0,2,6
UK,49,1,Direct,1,0,0,-1
China,27,1,Direct,2,0,2,2
US,22,0,Direct,4,0,2,4
US,41,0,Seo,7,0,0,-1
China,31,1,Ads,6,0,2,3
UK,41,0,Ads,7,0,0,-1
US,22,1,Seo,7,0,2,-1
China,23,0,Seo,7,0,2,-1
US,20,1,Ads,6,0,2,-1
US,45,1,Seo,5,0,0,-1
US,41,1,Seo,3,0,0,-1
UK,19,0,Ads,6,0,2,-1
Germany,23,1,Ads,1,0,2,5
China,21,1,Seo,8,0,1,-1
US,31,1,Direct,4,0,2,4
UK,32,1,Direct,8,0,1,-1
US,36,1,Ads,5,0,0,1
US,17,1,Seo,8,0,1,-1
Germany,53,1,Seo,4,0,0,-1
US,34,1,Direct,2,0,0,2
Germany,17,0,Ads,19,1,1,-1
China,27,0,Seo,4,0,2,4
US,41,1,Seo,3,0,0,-1
US,37,1,Seo,9,0,1,-1
US,33,1,Direct,6,0,0,3
US,25,1,Direct,4,0,2,4
US,33,1,Ads,3,0,0,6
US,35,0,Direct,1,0,0,5
China,30,0,Seo,4,0,2,4
US,27,1,Ads,8,0,1,-1
China,27,1,Seo,1,0,2,5
China,33,1,Seo,3,0,0,6
US,21,1,Seo,4,0,2,4
UK,23,1,Seo,11,0,1,-1
US,36,1,Seo,3,0,0,6
US,35,1,Ads,3,0,0,6
US,27,0,Seo,3,0,2,6
UK,44,1,Direct,2,0,0,-1
US,28,1,Seo,6,0,2,3
UK,21,1,Seo,3,0,2,6
US,17,0,Seo,2,0,2,2
China,37,1,Direct,3,0,0,6
UK,40,0,Direct,6,0,0,-1
UK,18,0,Seo,4,0,2,4
US,26,1,Ads,2,0,2,2
US,41,0,Seo,1,0,0,-1
US,42,1,Seo,1,0,0,-1
US,23,1,Ads,2,0,2,2
US,46,0,Ads,3,0,0,-1
US,17,0,Seo,3,0,2,-1
China,20,0,Direct,3,0,2,6
US,26,1,Ads,4,0,2,4
US,30,1,Ads,11,0,1,-1
US,25,1,Seo,6,0,2,3
UK,37,0,Seo,15,1,1,-1
US,35,1,Direct,5,0,0,1
US,38,0,Seo,1,0,0,5
China,44,0,Direct,4,0,0,-1
US,53,0,Ads,7,0,0,-1
China,30,1,Seo,3,0,2,6
US,27,0,Seo,6,0,2,3
US,40,0,Ads,7,0,0,-1
US,23,1,Seo,5,0,2,1
US,24,0,Direct,3,0,2,6
US,33,1,Ads,5,0,0,1
US,37,0,Seo,16,1,1,-1
China,35,1,Seo,3,0,0,6
China,57,1,Direct,8,0,0,-1
US,44,1,Seo,7,0,0,-1
US,25,1,Seo,7,0,1,0
China,26,1,Ads,9,0,1,-1
US,29,0,Direct,6,0,2,3
UK,40,1,Direct,7,0,0,-1
US,38,0,Ads,6,0,0,-1
US,32,0,Seo,2,0,2,2
UK,19,1,Direct,4,0,2,4
China,39,0,Seo,2,0,0,2
US,36,1,Seo,3,0,0,6
US,47,0,Seo,1,0,0,-1
China,21,0,Direct,3,0,2,6
US,42,1,Seo,3,0,0,-1
US,27,0,Direct,2,0,2,2
US,40,1,Seo,6,0,0,-1
US,29,1,Seo,2,0,2,2
US,52,0,Ads,1,0,0,-1
US,42,0,Seo,7,0,0,-1
China,24,1,Seo,1,0,2,5
US,29,1,Seo,6,0,2,3
US,29,1,Seo,11,0,1,-1
UK,22,0,Seo,13,0,1,-1
US,32,1,Seo,6,0,0,3
China,31,0,Seo,3,0,2,6
UK,26,1,Direct,5,0,2,1
China,48,1,Seo,6,0,0,-1
US,54,0,Ads,3,0,0,-1
China,41,1,Ads,5,0,0,-1
China,31,1,Ads,9,0,1,-1
Germany,18,1,Ads,4,0,2,4
US,29,0,Direct,2,0,2,2
US,35,1,Ads,7,0,0,-1
US,24,1,Ads,2,0,2,2
UK,22,0,Ads,1,0,2,5
China,36,1,Direct,2,0,0,2
US,31,1,Direct,3,0,2,6
US,34,1,Seo,6,0,0,3
US,32,1,Seo,5,0,0,1
China,22,1,Direct,3,0,2,6
US,27,1,Seo,9,0,1,-1
US,22,0,Seo,11,0,1,-1
US,29,0,Ads,1,0,2,5
UK,45,1,Seo,4,0,0,-1
UK,25,1,Direct,17,1,1,-1
US,29,1,Ads,4,0,2,4
US,33,1,Seo,3,0,0,6
US,31,0,Seo,7,0,1,0
UK,37,1,Direct,5,0,0,1
China,33,0,Seo,5,0,0,1
China,29,1,Seo,4,0,2,4
US,29,0,Ads,9,0,1,-1
China,20,1,Seo,6,0,2,-1
Germany,37,1,Seo,3,0,0,6
China,28,0,Ads,3,0,2,6
US,22,1,Direct,5,0,2,1
China,29,0,Direct,2,0,2,2
China,60,1,Seo,1,0,0,-1
US,32,1,Ads,4,0,0,4
US,35,0,Seo,3,0,0,6
US,28,1,Ads,1,0,2,5
US,31,1,Ads,3,0,2,6
US,31,0,Seo,6,0,2,3
UK,25,1,Ads,4,0,2,4
China,19,0,Seo,9,0,1,-1
China,23,1,Ads,6,0,2,3
US,28,1,Seo,3,0,2,6
China,31,1,Direct,5,0,2,1
US,37,1,Seo,5,0,0,1
US,33,0,Seo,2,0,0,2
US,30,1,Direct,1,0,2,5
US,55,0,Ads,2,0,0,-1
US,21,1,Direct,7,0,2,-1
Germany,24,0,Ads,5,0,2,1
US,31,1,Direct,1,0,2,5
US,35,1,Seo,24,1,1,-1
US,28,0,Seo,1,0,2,5
US,19,0,Seo,5,0,2,1
China,28,1,Direct,5,0,2,1
UK,48,1,Seo,1,0,0,-1
China,23,1,Seo,6,0,2,3
China,29,1,Seo,6,0,2,3
US,28,0,Seo,7,0,1,0
US,38,0,Seo,8,0,0,-1
US,21,1,Seo,5,0,2,1
China,32,1,Ads,1,0,2,5
US,33,0,Seo,1,0,0,5
US,39,1,Ads,8,0,0,-1
UK,37,1,Direct,3,0,0,6
China,20,0,Seo,2,0,2,2
US,41,1,Seo,6,0,0,-1
US,33,1,Direct,6,0,0,3
China,30,1,Ads,5,0,2,1
US,32,0,Direct,6,0,0,3
UK,39,1,Seo,11,0,1,-1
US,22,1,Seo,2,0,2,2
UK,18,0,Direct,1,0,2,5
China,26,0,Ads,12,0,1,-1
US,33,1,Seo,2,0,0,2
US,19,1,Seo,1,0,2,5
China,23,0,Seo,3,0,2,6
US,17,1,Seo,5,0,2,-1
China,26,0,Ads,4,0,2,4
US,47,1,Direct,3,0,0,-1
China,34,1,Seo,2,0,0,2
UK,29,0,Seo,21,1,1,-1
US,28,1,Seo,11,1,1,-1
UK,32,1,Ads,6,0,0,3
US,34,1,Direct,2,0,0,2
UK,46,0,Ads,12,1,1,-1
US,30,1,Ads,4,0,2,4
UK,46,0,Seo,1,0,0,-1
UK,23,0,Seo,1,0,2,5
US,36,1,Seo,1,0,0,5
China,17,1,Seo,3,0,2,-1
US,25,1,Seo,5,0,2,1
UK,32,1,Ads,4,0,0,4
China,41,1,Seo,2,0,0,2
US,38,1,Seo,3,0,0,6
China,33,0,Direct,8,0,1,-1
US,27,1,Ads,4,0,2,4
US,35,0,Direct,4,0,0,4
China,18,1,Seo,1,0,2,5
US,30,1,Seo,5,0,2,1
US,30,0,Seo,4,0,2,4
UK,28,1,Ads,4,0,2,4
UK,34,1,Seo,4,0,0,4
US,19,1,Ads,3,0,2,6
China,32,1,Seo,3,0,2,6
UK,25,0,Ads,9,0,1,-1
US,27,1,Direct,6,0,2,3
US,44,1,Ads,5,0,0,-1
China,24,0,Seo,4,0,2,4
UK,34,1,Ads,6,0,0,3
US,26,0,Direct,7,0,1,0
China,43,1,Seo,8,0,0,-1
US,33,1,Seo,8,0,1,-1
China,39,0,Ads,1,0,0,5
China,25,1,Seo,5,0,2,1
China,18,1,Ads,7,0,2,-1
China,28,0,Direct,2,0,2,2
US,30,0,Ads,2,0,2,2
US,46,1,Seo,9,0,0,-1
UK,30,1,Seo,9,0,1,-1
UK,31,1,Ads,1,0,2,5
US,28,1,Ads,7,0,1,0
US,38,0,Seo,2,0,0,2
US,21,1,Seo,6,0,2,-1
US,30,0,Ads,15,0,1,-1
Germany,40,1,Ads,3,0,0,-1
UK,29,0,Ads,2,0,2,2
China,49,1,Direct,5,0,0,-1
US,22,1,Ads,4,0,2,4
US,40,0,Seo,9,0,1,-1
China,40,0,Ads,9,0,1,-1
US,39,1,Seo,11,0,1,-1
China,44,1,Seo,4,0,0,-1
UK,41,1,Ads,1,0,0,-1
US,42,0,Direct,11,0,1,-1
US,28,0,Seo,5,0,2,1
US,22,0,Seo,14,0,1,-1
China,20,1,Direct,7,0,2,-1
UK,28,1,Seo,7,0,1,0
China,23,1,Direct,1,0,2,5
China,27,1,Direct,5,0,2,1
China,39,1,Seo,1,0,0,5
US,33,1,Ads,10,0,1,-1
UK,31,0,Ads,7,0,1,0
US,30,1,Seo,3,0,2,6
US,34,1,Direct,2,0,0,2
UK,22,0,Direct,1,0,2,5
US,26,1,Ads,3,0,2,6
China,42,1,Seo,6,0,0,-1
UK,43,1,Direct,5,0,0,-1
China,17,0,Seo,4,0,2,-1
China,37,1,Ads,3,0,0,6
US,21,1,Seo,3,0,2,6
US,32,1,Direct,8,0,1,-1
UK,47,1,Ads,12,1,1,-1
UK,33,0,Seo,6,0,0,3
US,29,1,Seo,4,0,2,4
China,47,1,Seo,2,0,0,-1
China,34,1,Seo,10,0,1,-1
China,29,1,Ads,2,0,2,2
US,30,0,Seo,6,0,2,3
US,20,0,Direct,4,0,2,4
US,17,0,Seo,9,0,1,-1
China,34,0,Ads,2,0,0,2
US,36,1,Ads,4,0,0,4
UK,57,1,Seo,2,0,0,-1
China,30,1,Direct,4,0,2,4
UK,36,1,Seo,3,0,0,6
UK,30,1,Direct,5,0,2,1
China,23,0,Seo,1,0,2,5
US,32,1,Seo,1,0,2,5
UK,36,1,Seo,2,0,0,2
China,25,0,Ads,1,0,2,5
US,36,1,Ads,2,0,0,2
China,38,1,Ads,4,0,0,4
UK,25,1,Seo,4,0,2,4
US,23,0,Seo,9,0,1,-1
US,25,0,Ads,15,1,1,-1
US,17,1,Ads,2,0,2,2
China,30,0,Direct,6,0,2,3
China,29,1,Seo,3,0,2,6
US,36,1,Direct,5,0,0,1
China,27,1,Seo,3,0,2,6
US,32,1,Seo,12,0,1,-1
US,30,1,Ads,1,0,2,5
China,37,1,Seo,1,0,0,5
US,32,0,Direct,10,0,1,-1
Germany,27,1,Direct,3,0,2,6
Germany,19,0,Ads,4,0,2,4
US,39,1,Seo,5,0,0,-1
China,19,1,Seo,5,0,2,1
US,25,1,Seo,4,0,2,4
US,45,1,Seo,2,0,0,-1
US,32,0,Seo,4,0,0,4
US,18,1,Seo,1,0,2,5
US,25,1,Ads,4,0,2,4
UK,45,0,Ads,3,0,0,-1
US,26,1,Ads,8,0,1,-1
US,33,1,Seo,6,0,0,3
US,39,1,Seo,3,0,0,6
UK,26,1,Seo,4,0,2,4
US,19,1,Seo,1,0,2,5
UK,28,1,Ads,4,0,2,4
China,20,1,Seo,3,0,2,6
US,32,1,Direct,3,0,2,6
US,40,1,Ads,6,0,0,-1
US,36,1,Seo,1,0,0,5
China,40,0,Ads,5,0,0,-1
US,25,0,Ads,6,0,2,3
US,19,1,Direct,2,0,2,2
US,18,1,Direct,7,0,2,-1
US,31,0,Ads,2,0,2,2
US,34,1,Direct,2,0,0,2
UK,24,1,Ads,4,0,2,4
China,29,1,Seo,11,0,1,-1
US,26,1,Seo,2,0,2,2
US,51,0,Direct,1,0,0,-1
UK,56,0,Ads,2,0,0,-1
US,25,1,Seo,5,0,2,1
US,35,0,Direct,2,0,0,2
US,34,0,Seo,7,0,0,-1
US,35,1,Ads,1,0,0,5
US,30,0,Seo,6,0,2,3
US,28,1,Seo,1,0,2,5
US,18,1,Ads,3,0,2,6
Germany,27,1,Seo,8,0,1,-1
US,29,0,Ads,5,0,2,1
US,33,0,Seo,8,0,1,-1
US,28,1,Seo,7,0,1,0
US,25,1,Ads,3,0,2,6
US,41,0,Seo,5,0,0,-1
US,47,1,Ads,2,0,0,-1
UK,34,1,Seo,10,0,1,-1
US,22,0,Seo,3,0,2,6
China,37,1,Seo,2,0,0,2
US,28,0,Direct,9,0,1,-1
China,22,1,Ads,2,0,2,2
US,25,1,Direct,7,0,1,0
UK,33,1,Seo,11,0,1,-1
US,36,1,Seo,3,0,0,6
US,28,1,Ads,3,0,2,6
China,27,1,Direct,3,0,2,6
China,19,1,Ads,3,0,2,6
US,27,1,Ads,7,0,1,0
US,23,1,Direct,5,0,2,1
US,17,1,Seo,3,0,2,-1
China,34,1,Ads,6,0,0,3
US,28,1,Seo,6,0,2,3
US,35,0,Ads,5,0,0,1
UK,37,1,Direct,4,0,0,4
China,36,0,Seo,3,0,0,6
US,21,0,Seo,17,1,1,-1
China,37,1,Seo,6,0,0,3
US,21,0,Seo,2,0,2,2
China,29,1,Seo,2,0,2,2
China,30,1,Seo,3,0,2,6
US,30,1,Ads,1,0,2,5
US,33,0,Seo,3,0,0,6
China,44,1,Seo,8,0,0,-1
Germany,34,1,Seo,6,0,0,3
US,38,1,Ads,2,0,0,2
Germany,34,1,Seo,1,0,0,5
China,17,1,Ads,6,0,2,-1
China,33,0,Seo,3,0,0,6
China,28,1,Seo,3,0,2,6
UK,42,1,Ads,7,0,0,-1
US,18,1,Direct,8,0,1,-1
China,24,1,Seo,2,0,2,2
US,46,1,Seo,1,0,0,-1
US,33,1,Ads,5,0,0,1
China,30,1,Seo,5,0,2,1
US,24,1,Ads,4,0,2,4
UK,27,1,Direct,3,0,2,6
UK,19,0,Ads,10,1,1,-1
US,20,0,Ads,2,0,2,2
China,32,1,Direct,5,0,0,1
US,33,1,Seo,3,0,0,6
US,41,1,Direct,4,0,0,-1
US,36,1,Seo,6,0,0,3
US,38,0,Ads,1,0,0,5
US,32,1,Seo,17,1,1,-1
US,22,1,Seo,10,0,1,-1
UK,30,0,Ads,6,0,2,3
China,24,1,Seo,2,0,2,2
US,40,0,Seo,10,1,1,-1
US,30,1,Direct,8,0,1,-1
US,17,0,Seo,5,0,2,-1
US,20,0,Seo,2,0,2,2
US,19,0,Seo,3,0,2,6
US,20,1,Ads,1,0,2,5
Germany,17,1,Seo,3,0,2,-1
US,27,1,Seo,1,0,2,5
US,28,1,Ads,5,0,2,1
US,21,1,Seo,4,0,2,4
US,34,0,Seo,9,0,1,-1
US,49,1,Ads,2,0,0,-1
UK,42,1,Seo,4,0,0,-1
US,32,1,Seo,1,0,2,5
US,36,1,Seo,3,0,0,6
US,26,1,Seo,8,0,1,-1
US,32,0,Seo,1,0,2,5
US,35,0,Ads,8,0,1,-1
US,35,1,Seo,6,0,0,3
US,30,0,Direct,6,0,2,3
China,30,1,Direct,1,0,2,5
US,41,1,Ads,3,0,0,-1
US,47,1,Direct,4,0,0,-1
China,43,0,Seo,5,0,0,-1
US,28,1,Seo,4,0,2,4
US,32,1,Ads,5,0,0,1
US,45,1,Seo,8,0,0,-1
US,25,1,Seo,2,0,2,2
China,31,0,Ads,6,0,2,3
US,37,1,Direct,6,0,0,3
China,20,1,Seo,5,0,2,1
US,29,1,Seo,5,0,2,1
US,18,1,Direct,4,0,2,4
US,25,1,Seo,5,0,2,1
China,26,1,Seo,3,0,2,6
US,26,1,Ads,9,0,1,-1
China,43,0,Direct,3,0,0,-1
Germany,25,1,Direct,1,0,2,5
US,34,0,Ads,6,0,0,3
US,30,0,Seo,3,0,2,6
China,33,1,Seo,5,0,0,1
US,34,1,Seo,5,0,0,1
China,38,1,Direct,1,0,0,5
US,49,1,Ads,6,0,0,-1
US,34,0,Seo,2,0,0,2
China,18,1,Seo,3,0,2,6
US,52,1,Direct,6,0,0,-1
UK,21,1,Direct,27,1,1,-1
China,42,1,Ads,3,0,0,-1
China,18,1,Direct,3,0,2,6
US,35,0,Direct,3,0,0,6
US,22,1,Direct,5,0,2,1
US,32,1,Seo,4,0,0,4
Germany,37,1,Ads,7,0,0,-1
US,29,0,Direct,3,0,2,6
China,31,0,Seo,3,0,2,6
UK,33,1,Seo,2,0,0,2
US,29,0,Ads,5,0,2,1
China,24,0,Seo,1,0,2,5
China,32,0,Ads,7,0,1,0
UK,21,1,Seo,1,0,2,5
China,35,0,Direct,5,0,0,1
US,27,1,Seo,4,0,2,4
China,34,1,Ads,5,0,0,1
US,29,1,Seo,7,0,1,0
China,28,1,Seo,2,0,2,2
US,28,1,Direct,2,0,2,2
China,45,0,Seo,4,0,0,-1
China,40,0,Direct,2,0,0,2
US,28,0,Seo,11,1,1,-1
US,43,0,Seo,3,0,0,-1
US,21,0,Ads,5,0,2,1
US,28,1,Direct,3,0,2,6
China,44,0,Ads,3,0,0,-1
China,42,1,Seo,8,0,0,-1
US,21,0,Seo,11,0,1,-1
US,42,0,Seo,9,0,0,-1
US,20,1,Ads,6,0,2,-1
US,38,0,Ads,6,0,0,-1
US,32,0,Seo,11,0,1,-1
Germany,35,1,Seo,6,0,0,3
US,30,1,Seo,4,0,2,4
US,26,1,Direct,2,0,2,2
China,22,1,Direct,3,0,2,6
US,29,1,Direct,9,0,1,-1
US,20,1,Direct,4,0,2,4
China,54,1,Seo,3,0,0,-1
UK,34,1,Seo,5,0,0,1
US,38,1,Seo,4,0,0,4
UK,21,0,Ads,7,0,2,-1
US,25,1,Ads,3,0,2,6
China,33,1,Seo,10,0,1,-1
UK,33,1,Seo,9,0,1,-1
China,35,1,Seo,2,0,0,2
US,45,1,Seo,7,0,0,-1
China,23,0,Seo,4,0,2,4
US,37,0,Seo,5,0,0,1
US,31,1,Seo,4,0,2,4
US,34,1,Seo,2,0,0,2
China,18,1,Seo,2,0,2,2
US,37,1,Seo,4,0,0,4
China,33,0,Seo,5,0,0,1
US,31,1,Ads,2,0,2,2
US,33,1,Direct,4,0,0,4
UK,18,1,Ads,2,0,2,2
China,35,0,Direct,9,0,1,-1
US,37,1,Direct,2,0,0,2
US,44,1,Seo,2,0,0,-1
US,30,1,Seo,3,0,2,6
US,29,1,Seo,7,0,1,0
US,17,0,Ads,2,0,2,2
US,26,1,Ads,1,0,2,5
US,25,1,Seo,1,0,2,5
US,35,1,Seo,5,0,0,1
US,25,1,Seo,3,0,2,6
Germany,28,1,Seo,16,1,1,-1
China,28,1,Seo,4,0,2,4
UK,46,0,Direct,3,0,0,-1
US,39,1,Ads,6,0,0,-1
US,22,0,Seo,20,1,1,-1
UK,22,1,Ads,3,0,2,6
US,31,1,Ads,6,0,2,3
US,30,1,Seo,4,0,2,4
UK,23,1,Seo,9,0,1,-1
China,19,0,Ads,1,0,2,5
China,34,1,Direct,2,0,0,2
US,33,1,Seo,5,0,0,1
US,40,1,Ads,4,0,0,4
US,35,1,Seo,10,0,1,-1
US,24,0,Seo,3,0,2,6
US,40,1,Seo,6,0,0,-1
US,18,1,Seo,7,0,2,-1
Germany,28,1,Seo,3,0,2,6
China,21,0,Seo,5,0,2,1
US,45,1,Ads,3,0,0,-1
US,29,1,Ads,5,0,2,1
US,32,1,Seo,5,0,0,1
US,28,1,Direct,5,0,2,1
US,18,1,Seo,4,0,2,4
China,32,1,Direct,5,0,0,1
China,39,1,Ads,2,0,0,2
US,30,0,Seo,1,0,2,5
US,24,1,Seo,11,0,1,-1
China,44,1,Seo,6,0,0,-1
US,24,0,Seo,8,0,1,-1
Germany,34,1,Direct,2,0,0,2
US,28,1,Ads,2,0,2,2
US,27,1,Seo,8,0,1,-1
US,36,1,Direct,2,0,0,2
US,27,1,Seo,1,0,2,5
UK,25,1,Seo,6,0,2,3
US,23,0,Seo,5,0,2,1
China,33,0,Seo,2,0,0,2
US,21,0,Direct,3,0,2,6
US,37,0,Direct,4,0,0,4
China,43,1,Seo,5,0,0,-1
China,22,1,Direct,3,0,2,6
China,19,1,Direct,3,0,2,6
Germany,31,1,Direct,5,0,2,1
US,37,1,Seo,5,0,0,1
US,27,1,Ads,2,0,2,2
US,45,1,Seo,6,0,0,-1
US,22,1,Seo,2,0,2,2
US,26,1,Seo,4,0,2,4
UK,21,1,Ads,10,0,1,-1
China,42,1,Seo,5,0,0,-1
UK,19,1,Ads,5,0,2,1
China,22,1,Direct,1,0,2,5
China,22,1,Seo,7,0,2,-1
China,36,0,Seo,1,0,0,5
China,33,1,Seo,4,0,0,4
US,53,1,Ads,14,0,1,-1
US,27,1,Direct,6,0,2,3
US,26,0,Direct,12,0,1,-1
UK,28,1,Seo,14,1,1,-1
China,26,1,Direct,12,0,1,-1
US,27,0,Seo,4,0,2,4
China,22,0,Seo,1,0,2,5
US,39,1,Seo,6,0,0,-1
Germany,27,1,Ads,6,0,2,3
US,25,0,Ads,1,0,2,5
US,19,0,Seo,8,0,1,-1
China,26,1,Seo,5,0,2,1
China,36,1,Ads,3,0,0,6
US,36,1,Ads,12,0,1,-1
China,30,0,Direct,5,0,2,1
China,27,1,Ads,8,0,1,-1
US,17,0,Ads,17,1,1,-1
US,34,1,Direct,4,0,0,4
China,19,1,Ads,3,0,2,6
UK,31,0,Ads,13,0,1,-1
US,41,1,Direct,8,0,0,-1
China,29,0,Direct,1,0,2,5
UK,29,0,Direct,4,0,2,4
US,17,1,Seo,17,1,1,-1
China,30,0,Direct,4,0,2,4
US,24,1,Ads,12,1,1,-1
UK,33,1,Seo,9,0,1,-1
China,36,1,Seo,1,0,0,5
US,31,0,Ads,3,0,2,6
US,23,1,Direct,8,1,1,-1
US,34,0,Seo,2,0,0,2
UK,19,1,Seo,1,0,2,5
US,21,1,Ads,4,0,2,4
US,32,1,Direct,1,0,2,5
US,25,0,Seo,9,0,1,-1
China,35,1,Seo,5,0,0,1
US,31,1,Direct,5,0,2,1
US,23,0,Ads,1,0,2,5
China,19,1,Ads,1,0,2,5
US,31,1,Direct,3,0,2,6
US,51,0,Direct,2,0,0,-1
US,24,1,Seo,2,0,2,2
US,58,1,Ads,10,0,0,-1
US,18,1,Seo,4,0,2,4
UK,33,1,Ads,1,0,0,5
US,19,1,Seo,2,0,2,2
China,28,1,Direct,9,0,1,-1
UK,51,0,Direct,2,0,0,-1
US,18,1,Ads,7,0,2,-1
US,38,1,Seo,1,0,0,5
Germany,31,1,Ads,2,0,2,2
US,23,1,Seo,5,0,2,1
China,37,0,Seo,4,0,0,4
Germany,42,1,Ads,8,0,0,-1
US,31,1,Ads,7,0,1,0
US,32,1,Seo,7,0,1,0
US,21,0,Direct,3,0,2,6
US,29,1,Seo,8,0,1,-1
US,22,0,Ads,12,0,1,-1
US,31,1,Seo,3,0,2,6
US,29,0,Ads,2,0,2,2
UK,39,1,Direct,11,0,1,-1
US,38,1,Seo,3,0,0,6
US,26,1,Seo,4,0,2,4
UK,30,0,Seo,8,0,1,-1
US,17,1,Ads,2,0,2,2
US,34,1,Ads,4,0,0,4
China,34,1,Seo,5,0,0,1
US,37,1,Seo,9,0,1,-1
US,37,1,Ads,6,0,0,3
US,17,0,Direct,5,0,2,-1
US,19,1,Ads,10,0,1,-1
US,34,0,Ads,1,0,0,5
China,18,1,Seo,1,0,2,5
UK,24,1,Direct,3,0,2,6
China,41,1,Seo,2,0,0,2
China,26,1,Direct,4,0,2,4
China,32,1,Seo,5,0,0,1
China,41,0,Direct,1,0,0,-1
UK,26,0,Seo,4,0,2,4
China,28,0,Seo,2,0,2,2
US,42,1,Ads,2,0,0,2
China,44,1,Ads,1,0,0,-1
US,34,1,Ads,1,0,0,5
US,24,0,Ads,2,0,2,2
US,29,1,Seo,3,0,2,6
UK,32,1,Direct,5,0,0,1
China,38,0,Seo,2,0,0,2
US,34,1,Seo,1,0,0,5
China,24,0,Ads,3,0,2,6
US,17,1,Direct,5,0,2,-1
US,23,1,Ads,4,0,2,4
China,24,1,Direct,7,0,1,-1
US,27,1,Seo,1,0,2,5
UK,23,1,Ads,7,0,2,-1
US,39,1,Seo,1,0,0,5
Germany,41,1,Seo,1,0,0,-1
Germany,23,0,Direct,5,0,2,1
UK,32,1,Seo,7,0,1,0
China,17,0,Direct,5,0,2,-1
China,17,1,Ads,3,0,2,-1
US,33,0,Direct,2,0,0,2
US,36,1,Ads,1,0,0,5
UK,20,1,Direct,2,0,2,2
UK,29,0,Ads,1,0,2,5
US,32,1,Ads,3,0,2,6
US,36,0,Seo,17,1,1,-1
US,34,1,Ads,2,0,0,2
China,39,1,Seo,3,0,0,6
US,37,0,Direct,6,0,0,3
China,35,1,Seo,3,0,0,6
China,29,0,Direct,3,0,2,6
China,23,1,Direct,5,0,2,1
US,27,1,Seo,1,0,2,5
China,26,1,Ads,2,0,2,2
US,18,1,Seo,7,0,2,-1
Germany,26,1,Seo,5,0,2,1
US,18,1,Direct,6,0,2,-1
US,41,1,Seo,9,0,0,-1
US,25,0,Seo,4,0,2,4
US,27,0,Seo,5,0,2,1
UK,40,1,Seo,5,0,0,-1
UK,18,1,Ads,1,0,2,5
China,31,0,Seo,1,0,2,5
US,23,1,Ads,2,0,2,2
US,31,0,Ads,1,0,2,5
US,31,0,Seo,11,0,1,-1
US,30,1,Ads,5,0,2,1
US,37,1,Seo,6,0,0,3
US,19,1,Seo,1,0,2,5
US,32,1,Direct,2,0,2,2
China,33,1,Ads,6,0,0,3
US,34,0,Ads,6,0,0,3
UK,24,1,Seo,8,0,1,-1
US,41,1,Seo,3,0,0,-1
US,22,1,Seo,2,0,2,2
US,28,1,Ads,1,0,2,5
US,28,0,Direct,5,0,2,1
US,21,0,Ads,17,1,1,-1
UK,31,1,Ads,2,0,2,2
US,27,1,Seo,20,1,1,-1
Germany,32,1,Seo,8,0,1,-1
UK,20,1,Seo,1,0,2,5
US,27,0,Direct,1,0,2,5
China,30,1,Ads,11,0,1,-1
US,31,1,Ads,9,0,1,-1
US,30,1,Ads,8,0,1,-1
US,31,1,Ads,3,0,2,6
US,45,0,Seo,3,0,0,-1
US,22,1,Ads,2,0,2,2
US,39,1,Seo,3,0,0,6
US,30,0,Direct,2,0,2,2
Germany,31,0,Seo,2,0,2,2
US,46,1,Ads,3,0,0,-1
US,20,1,Seo,5,0,2,1
US,31,0,Ads,2,0,2,2
UK,18,1,Seo,2,0,2,2
US,38,1,Ads,1,0,0,5
US,36,1,Direct,2,0,0,2
China,24,0,Direct,8,0,1,-1
US,21,1,Ads,2,0,2,2
US,26,1,Seo,6,0,2,3
US,44,1,Ads,7,0,0,-1
Germany,21,1,Seo,7,0,2,-1
US,37,1,Seo,8,0,1,-1
US,19,1,Direct,4,0,2,4
UK,35,0,Ads,11,0,1,-1
US,36,1,Direct,1,0,0,5
UK,19,1,Ads,3,0,2,6
China,37,0,Seo,8,0,1,-1
China,26,1,Direct,8,0,1,-1
US,46,1,Seo,4,0,0,-1
UK,22,1,Ads,6,0,2,3
US,29,1,Direct,4,0,2,4
US,46,0,Seo,3,0,0,-1
Germany,39,0,Seo,19,1,1,-1
US,26,1,Ads,2,0,2,2
Germany,23,1,Direct,4,0,2,4
China,40,1,Ads,1,0,0,5
US,33,1,Seo,10,0,1,-1
US,29,1,Seo,3,0,2,6
US,29,0,Ads,2,0,2,2
Germany,38,1,Direct,5,0,0,1
China,25,1,Ads,5,0,2,1
US,23,1,Seo,7,0,2,-1
US,29,1,Direct,1,0,2,5
UK,39,1,Ads,4,0,0,4
US,49,0,Direct,1,0,0,-1
US,28,0,Direct,2,0,2,2
US,21,0,Seo,4,0,2,4
US,44,1,Direct,3,0,0,-1
US,38,0,Seo,5,0,0,1
US,33,1,Seo,4,0,0,4
China,26,1,Seo,7,0,1,0
US,28,1,Direct,4,0,2,4
Germany,26,0,Seo,9,1,1,-1
US,34,1,Direct,12,0,1,-1
US,31,0,Ads,12,0,1,-1
Germany,28,1,Ads,4,0,2,4
UK,22,1,Ads,2,0,2,2
UK,31,0,Seo,1,0,2,5
US,45,0,Seo,10,0,0,-1
UK,18,1,Ads,2,0,2,2
US,34,1,Ads,1,0,0,5
US,22,0,Direct,4,0,2,4
UK,33,0,Seo,6,0,0,3
US,17,0,Direct,9,1,1,-1
US,46,1,Seo,2,0,0,-1
US,30,1,Direct,2,0,2,2
China,28,0,Seo,1,0,2,5
US,17,1,Ads,5,0,2,-1
US,30,1,Seo,4,0,2,4
US,24,0,Seo,9,0,1,-1
US,35,0,Ads,9,0,1,-1
US,41,1,Seo,3,0,0,-1
US,41,1,Seo,3,0,0,-1
US,29,1,Seo,4,0,2,4
China,43,1,Direct,1,0,0,-1
US,23,1,Seo,10,0,1,-1
US,26,1,Direct,7,0,1,0
US,53,0,Seo,5,0,0,-1
UK,30,1,Ads,5,0,2,1
China,36,0,Ads,6,0,0,3
China,20,1,Ads,2,0,2,2
US,18,1,Direct,5,0,2,-1
China,37,0,Seo,2,0,0,2
US,27,1,Seo,6,0,2,3
Germany,20,0,Seo,2,0,2,2
US,44,1,Seo,4,0,0,-1
China,24,1,Ads,1,0,2,5
US,41,0,Seo,5,0,0,-1
US,17,1,Seo,8,0,1,-1
US,32,1,Seo,7,0,1,0
Germany,27,1,Ads,8,0,1,-1
China,39,1,Seo,6,0,0,-1
US,31,1,Seo,4,0,2,4
US,25,1,Ads,2,0,2,2
China,17,1,Ads,7,0,2,-1
US,17,0,Direct,19,1,1,-1
US,33,1,Ads,4,0,0,4
China,22,1,Seo,3,0,2,6
US,17,0,Ads,13,1,1,-1
China,35,1,Seo,5,0,0,1
China,31,1,Seo,6,0,2,3
US,19,1,Direct,5,0,2,1
US,20,0,Ads,3,0,2,6
US,44,0,Seo,4,0,0,-1
US,19,1,Ads,5,0,2,1
China,32,1,Ads,3,0,2,6
US,23,1,Seo,9,0,1,-1
China,33,1,Ads,2,0,0,2
Germany,33,1,Seo,4,0,0,4
US,25,1,Seo,1,0,2,5
UK,29,1,Ads,2,0,2,2
UK,22,0,Direct,4,0,2,4
US,50,1,Seo,4,0,0,-1
US,35,1,Ads,5,0,0,1
US,32,1,Seo,1,0,2,5
China,32,1,Ads,3,0,2,6
China,27,1,Seo,2,0,2,2
UK,33,1,Seo,3,0,0,6
US,28,0,Seo,4,0,2,4
UK,29,1,Ads,10,0,1,-1
US,38,0,Ads,4,0,0,4
US,33,1,Direct,7,0,1,0
US,47,1,Seo,3,0,0,-1
US,39,0,Seo,1,0,0,5
US,18,1,Ads,2,0,2,2
China,29,1,Direct,6,0,2,3
UK,17,0,Seo,4,0,2,-1
China,29,1,Ads,2,0,2,2
China,45,0,Direct,15,0,1,-1
China,37,1,Ads,7,0,0,-1
US,42,1,Ads,3,0,0,-1
US,22,1,Ads,7,0,2,-1
US,38,1,Ads,3,0,0,6
China,26,1,Seo,2,0,2,2
US,32,1,Seo,8,0,1,-1
US,18,1,Seo,7,0,2,-1
US,33,0,Seo,4,0,0,4
UK,34,0,Seo,8,0,1,-1
UK,31,1,Direct,5,0,2,1
US,47,1,Ads,9,0,0,-1
China,29,1,Seo,2,0,2,2
China,24,0,Seo,1,0,2,5
US,39,0,Seo,2,0,0,2
US,25,1,Ads,2,0,2,2
US,41,1,Ads,4,0,0,-1
US,42,1,Seo,5,0,0,-1
US,34,1,Seo,1,0,0,5
US,34,1,Seo,7,0,0,-1
US,30,1,Seo,1,0,2,5
UK,30,0,Seo,2,0,2,2
China,31,1,Direct,3,0,2,6
US,43,1,Seo,3,0,0,-1
UK,29,0,Ads,6,0,2,3
US,24,0,Seo,4,0,2,4
US,36,0,Seo,4,0,0,4
US,31,1,Seo,6,0,2,3
China,45,1,Ads,2,0,0,-1
US,43,1,Seo,2,0,0,-1
US,35,1,Ads,2,0,0,2
US,26,1,Seo,9,0,1,-1
China,27,1,Seo,7,0,1,0
UK,31,1,Seo,3,0,2,6
US,42,1,Ads,11,0,1,-1
US,26,1,Seo,9,1,1,-1
US,37,0,Seo,2,0,0,2
UK,40,1,Seo,6,0,0,-1
China,31,1,Direct,4,0,2,4
UK,30,1,Ads,11,0,1,-1
China,17,1,Seo,7,0,2,-1
China,32,1,Seo,3,0,2,6
US,37,1,Seo,7,0,0,-1
UK,19,1,Seo,2,0,2,2
UK,31,0,Seo,2,0,2,2
Germany,35,0,Ads,12,1,1,-1
China,22,0,Ads,4,0,2,4
US,38,1,Direct,1,0,0,5
US,33,1,Direct,1,0,0,5
UK,40,1,Direct,2,0,0,2
US,22,0,Direct,8,0,1,-1
US,19,0,Seo,1,0,2,5
US,39,0,Ads,6,0,0,-1
US,32,0,Seo,10,0,1,-1
Germany,25,1,Seo,4,0,2,4
US,22,0,Ads,4,0,2,4
US,31,1,Ads,7,0,1,0
China,38,1,Seo,2,0,0,2
US,19,1,Direct,5,0,2,1
China,38,1,Direct,5,0,0,1
China,40,0,Direct,3,0,0,-1
China,49,1,Seo,3,0,0,-1
US,29,0,Ads,4,0,2,4
US,26,1,Seo,2,0,2,2
China,31,0,Seo,4,0,2,4
China,38,0,Ads,3,0,0,6
US,31,1,Ads,8,0,1,-1
US,23,1,Direct,2,0,2,2
US,37,0,Seo,3,0,0,6
Germany,31,0,Seo,6,0,2,3
US,25,1,Seo,2,0,2,2
US,29,1,Seo,9,0,1,-1
US,54,0,Seo,1,0,0,-1
UK,17,1,Ads,4,0,2,-1
UK,23,1,Seo,1,0,2,5
UK,28,0,Seo,18,1,1,-1
US,28,1,Seo,7,0,1,0
US,25,1,Seo,4,0,2,4
China,37,1,Seo,6,0,0,3
China,35,1,Seo,4,0,0,4
UK,44,0,Seo,6,0,0,-1
UK,45,0,Ads,7,0,0,-1
US,38,1,Seo,10,0,1,-1
US,27,1,Ads,13,1,1,-1
US,30,0,Ads,10,0,1,-1
US,38,0,Seo,4,0,0,4
US,35,1,Seo,4,0,0,4
US,36,1,Ads,7,0,0,-1
UK,24,1,Direct,3,0,2,6
UK,32,0,Seo,3,0,2,6
US,31,1,Seo,3,0,2,6
UK,29,0,Seo,7,0,1,0
UK,41,0,Ads,1,0,0,-1
UK,18,1,Seo,5,0,2,-1
US,34,1,Ads,1,0,0,5
UK,28,0,Seo,2,0,2,2
UK,27,1,Direct,8,0,1,-1
US,30,1,Ads,2,0,2,2
China,20,0,Ads,8,0,1,-1
UK,36,0,Direct,10,0,1,-1
US,24,1,Seo,8,0,1,-1
US,22,0,Seo,6,0,2,3
US,38,0,Direct,1,0,0,5
China,33,1,Seo,6,0,0,3
Germany,33,1,Ads,4,0,0,4
US,25,1,Ads,1,0,2,5
US,29,1,Seo,1,0,2,5
Germany,47,1,Ads,5,0,0,-1
China,26,1,Seo,4,0,2,4
Germany,23,0,Seo,18,1,1,-1
US,45,1,Direct,3,0,0,-1
US,33,1,Ads,4,0,0,4
US,29,0,Seo,8,0,1,-1
UK,18,1,Direct,10,1,1,-1
China,40,0,Ads,2,0,0,2
UK,38,1,Seo,3,0,0,6
China,19,1,Seo,16,0,1,-1
US,21,1,Seo,4,0,2,4
US,17,1,Seo,2,0,2,2
US,18,1,Ads,2,0,2,2
US,36,1,Seo,10,0,1,-1
US,29,1,Seo,2,0,2,2
US,17,1,Seo,4,0,2,-1
China,54,0,Seo,6,0,0,-1
UK,31,1,Ads,1,0,2,5
US,23,0,Ads,10,1,1,-1
US,31,1,Seo,1,0,2,5
US,25,1,Seo,6,0,2,3
US,41,0,Seo,3,0,0,-1
US,40,1,Ads,6,0,0,-1
US,44,1,Direct,6,0,0,-1
US,37,1,Seo,5,0,0,1
US,17,1,Direct,4,0,2,-1
China,39,0,Seo,6,0,0,-1
UK,32,0,Ads,10,0,1,-1
US,25,0,Seo,5,0,2,1
US,38,1,Seo,2,0,0,2
China,29,0,Seo,1,0,2,5
China,35,1,Ads,7,0,0,-1
US,36,1,Ads,17,1,1,-1
US,18,0,Seo,1,0,2,5
UK,30,1,Seo,1,0,2,5
UK,39,0,Seo,5,0,0,-1
US,39,1,Seo,1,0,0,5
US,26,1,Ads,10,0,1,-1
UK,33,1,Ads,7,0,1,0
US,36,0,Seo,2,0,0,2
US,45,0,Ads,2,0,0,-1
US,38,1,Ads,3,0,0,6
US,39,0,Ads,4,0,0,4
UK,23,1,Ads,7,0,2,-1
US,22,1,Seo,3,0,2,6
China,42,1,Seo,6,0,0,-1
UK,32,1,Seo,6,0,0,3
UK,29,0,Seo,3,0,2,6
UK,22,1,Seo,6,0,2,3
US,22,1,Seo,1,0,2,5
US,35,0,Direct,4,0,0,4
China,26,1,Direct,5,0,2,1
US,24,1,Ads,1,0,2,5
China,25,1,Ads,4,0,2,4
China,40,0,Seo,4,0,0,4
US,32,1,Ads,5,0,0,1
US,17,1,Seo,2,0,2,2
US,37,1,Seo,3,0,0,6
US,21,1,Seo,8,0,1,-1
US,42,1,Direct,4,0,0,-1
UK,20,0,Seo,5,0,2,1
US,31,1,Direct,7,0,1,0
US,33,1,Seo,3,0,0,6
China,22,0,Seo,5,0,2,1
UK,47,1,Seo,7,0,0,-1
UK,19,0,Ads,8,1,1,-1
UK,25,1,Seo,1,0,2,5
US,46,0,Direct,7,0,0,-1
US,34,0,Seo,3,0,0,6
US,30,0,Ads,3,0,2,6
Germany,33,1,Direct,9,0,1,-1
US,31,1,Seo,8,0,1,-1
US,35,0,Ads,2,0,0,2
China,43,0,Seo,4,0,0,-1
UK,27,1,Seo,3,0,2,6
China,36,1,Direct,6,0,0,3
US,25,1,Seo,5,0,2,1
US,42,0,Seo,1,0,0,-1
China,19,1,Seo,1,0,2,5
UK,34,1,Ads,1,0,0,5
US,34,1,Ads,1,0,0,5
US,50,0,Direct,2,0,0,-1
UK,36,0,Ads,6,0,0,3
US,31,0,Direct,3,0,2,6
US,32,1,Seo,3,0,2,6
China,23,1,Seo,5,0,2,1
US,26,1,Seo,2,0,2,2
US,19,1,Seo,5,0,2,1
US,33,1,Seo,4,0,0,4
Germany,29,1,Ads,5,0,2,1
China,41,1,Direct,3,0,0,-1
US,26,1,Direct,3,0,2,6
US,29,1,Seo,4,0,2,4
US,18,1,Seo,3,0,2,6
US,24,1,Seo,8,0,1,-1
China,27,1,Seo,2,0,2,2
UK,38,0,Seo,2,0,0,2
US,25,0,Ads,13,1,1,-1
US,26,0,Direct,3,0,2,6
China,36,0,Seo,9,0,1,-1
Germany,31,1,Seo,3,0,2,6
US,30,1,Seo,1,0,2,5
US,38,1,Direct,1,0,0,5
China,26,1,Ads,2,0,2,2
US,21,1,Direct,2,0,2,2
US,42,1,Ads,5,0,0,-1
US,18,1,Seo,4,0,2,4
US,33,1,Ads,5,0,0,1
UK,47,0,Direct,10,0,0,-1
Germany,30,1,Seo,6,0,2,3
US,40,1,Ads,4,0,0,4
China,32,1,Ads,4,0,0,4
US,36,1,Ads,2,0,0,2
US,25,0,Direct,9,0,1,-1
UK,20,1,Direct,4,0,2,4
US,35,0,Direct,6,0,0,3
China,41,1,Direct,9,0,0,-1
China,22,1,Direct,2,0,2,2
Germany,45,1,Direct,6,0,0,-1
China,27,1,Seo,3,0,2,6
US,42,1,Ads,6,0,0,-1
US,23,1,Seo,2,0,2,2
US,29,1,Direct,1,0,2,5
China,24,1,Seo,6,0,2,3
US,32,1,Seo,7,0,1,0
US,38,0,Direct,1,0,0,5
US,38,0,Seo,7,0,0,-1
UK,29,1,Direct,4,0,2,4
US,24,1,Direct,5,0,2,1
US,43,1,Direct,2,0,0,-1
UK,31,1,Ads,3,0,2,6
China,32,0,Seo,11,0,1,-1
UK,23,0,Direct,3,0,2,6
China,36,1,Direct,3,0,0,6
China,23,1,Ads,1,0,2,5
US,29,0,Ads,3,0,2,6
UK,28,1,Direct,18,1,1,-1
Germany,29,1,Ads,6,0,2,3
US,29,1,Direct,3,0,2,6
US,26,1,Seo,4,0,2,4
US,49,0,Seo,5,0,0,-1
US,29,1,Ads,8,0,1,-1
US,22,0,Ads,10,0,1,-1
US,19,0,Seo,2,0,2,2
US,19,0,Ads,6,0,2,-1
US,26,1,Seo,3,0,2,6
China,33,1,Seo,3,0,0,6
US,26,1,Ads,2,0,2,2
US,26,1,Ads,1,0,2,5
US,35,1,Direct,1,0,0,5
US,37,1,Seo,5,0,0,1
China,23,1,Seo,3,0,2,6
Germany,22,1,Seo,7,0,2,-1
US,22,0,Ads,4,0,2,4
US,39,1,Seo,2,0,0,2
UK,43,1,Direct,2,0,0,-1
UK,44,1,Seo,6,0,0,-1
US,30,1,Direct,4,0,2,4
China,26,1,Direct,6,0,2,3
US,35,1,Seo,3,0,0,6
US,22,1,Direct,5,0,2,1
US,38,1,Direct,1,0,0,5
UK,45,1,Seo,7,0,0,-1
Germany,24,1,Seo,1,0,2,5
Germany,19,1,Seo,3,0,2,6
China,47,1,Direct,7,0,0,-1
US,34,1,Seo,6,0,0,3
UK,28,0,Ads,5,0,2,1
US,26,0,Ads,2,0,2,2
US,39,1,Ads,18,1,1,-1
US,37,1,Direct,4,0,0,4
US,42,1,Direct,2,0,0,2
China,27,1,Ads,5,0,2,1
US,34,1,Ads,10,0,1,-1
China,33,0,Seo,4,0,0,4
US,34,1,Seo,5,0,0,1
US,28,0,Seo,2,0,2,2
US,46,1,Ads,15,0,1,-1
US,52,1,Ads,9,0,0,-1
US,37,1,Seo,1,0,0,5
China,28,1,Seo,3,0,2,6
US,47,1,Ads,3,0,0,-1
China,29,1,Seo,3,0,2,6
US,37,1,Direct,8,0,1,-1
China,23,0,Seo,2,0,2,2
UK,27,0,Seo,7,0,1,0
US,29,1,Direct,5,0,2,1
US,38,1,Seo,4,0,0,4
US,44,1,Seo,7,0,0,-1
China,32,1,Seo,7,0,1,0
US,45,0,Seo,6,0,0,-1
US,17,1,Seo,9,0,1,-1
US,45,1,Direct,2,0,0,-1
China,38,0,Seo,6,0,0,-1
UK,33,1,Seo,2,0,0,2
UK,31,0,Seo,2,0,2,2
US,51,1,Seo,5,0,0,-1
US,24,1,Ads,8,0,1,-1
US,48,0,Ads,3,0,0,-1
US,22,1,Direct,1,0,2,5
US,20,1,Ads,3,0,2,6
China,22,1,Ads,10,0,1,-1
US,20,1,Seo,16,0,1,-1
US,34,1,Direct,5,0,0,1
China,38,1,Seo,4,0,0,4
US,31,1,Ads,1,0,2,5
US,26,0,Seo,6,0,2,3
UK,26,1,Ads,7,0,1,0
US,25,0,Ads,1,0,2,5
China,27,0,Direct,1,0,2,5
US,19,0,Ads,3,0,2,6
US,19,1,Ads,6,0,2,-1
US,35,1,Ads,2,0,0,2
Germany,40,1,Seo,7,0,0,-1
US,29,0,Direct,9,0,1,-1
US,30,1,Ads,13,1,1,-1
US,26,1,Ads,12,0,1,-1
UK,26,1,Ads,2,0,2,2
UK,39,1,Direct,4,0,0,4
UK,26,1,Direct,1,0,2,5
US,19,1,Ads,5,0,2,1
UK,28,1,Seo,10,0,1,-1
UK,20,0,Seo,8,0,1,-1
China,27,1,Seo,1,0,2,5
China,44,1,Seo,2,0,0,-1
China,23,0,Ads,10,0,1,-1
China,36,1,Seo,1,0,0,5
China,18,0,Direct,3,0,2,6
US,28,0,Seo,7,0,1,0
China,27,1,Seo,4,0,2,4
UK,23,1,Seo,7,0,2,-1
US,31,1,Direct,4,0,2,4
US,33,0,Ads,21,1,1,-1
UK,30,0,Seo,4,0,2,4
US,34,1,Direct,2,0,0,2
UK,32,0,Ads,3,0,2,6
US,31,1,Ads,2,0,2,2
US,30,1,Seo,2,0,2,2
US,50,0,Seo,3,0,0,-1
US,44,0,Seo,8,0,0,-1
US,20,1,Direct,8,0,1,-1
China,38,1,Seo,6,0,0,-1
US,33,1,Seo,10,0,1,-1
US,39,1,Direct,7,0,0,-1
US,24,1,Seo,10,0,1,-1
US,29,1,Ads,6,0,2,3
US,19,1,Seo,1,0,2,5
US,42,1,Seo,6,0,0,-1
US,21,1,Seo,2,0,2,2
UK,20,1,Seo,6,0,2,-1
US,50,1,Direct,2,0,0,-1
US,47,1,Seo,5,0,0,-1
US,29,1,Direct,7,0,1,0
China,25,1,Direct,9,0,1,-1
UK,32,1,Ads,6,0,0,3
UK,19,1,Seo,4,0,2,4
US,30,1,Seo,1,0,2,5
China,34,1,Seo,3,0,0,6
US,22,0,Direct,5,0,2,1
US,20,1,Seo,4,0,2,4
US,23,0,Seo,6,0,2,3
US,30,1,Seo,3,0,2,6
China,31,1,Seo,6,0,2,3
US,28,0,Seo,11,1,1,-1
UK,38,1,Ads,1,0,0,5
US,33,0,Ads,4,0,0,4
US,29,1,Direct,7,0,1,0
China,29,1,Direct,3,0,2,6
US,49,0,Ads,3,0,0,-1
US,20,1,Ads,4,0,2,4
China,19,1,Seo,4,0,2,4
China,33,1,Direct,4,0,0,4
US,42,0,Ads,5,0,0,-1
China,33,0,Ads,1,0,0,5
US,27,0,Seo,5,0,2,1
China,37,0,Seo,6,0,0,3
US,31,0,Seo,9,0,1,-1
US,26,0,Direct,5,0,2,1
US,35,0,Ads,13,0,1,-1
China,25,0,Direct,3,0,2,6
US,22,0,Seo,7,0,2,-1
US,19,1,Seo,10,0,1,-1
China,25,1,Seo,6,0,2,3
US,42,1,Ads,2,0,0,2
US,30,1,Seo,3,0,2,6
US,23,0,Seo,5,0,2,1
US,25,1,Ads,1,0,2,5
US,26,1,Ads,6,0,2,3
US,39,1,Seo,4,0,0,4
US,27,1,Seo,8,0,1,-1
US,26,0,Seo,15,1,1,-1
China,26,1,Seo,3,0,2,6
UK,29,1,Ads,3,0,2,6
US,21,1,Seo,1,0,2,5
US,19,1,Seo,10,0,1,-1
US,42,1,Direct,6,0,0,-1
China,36,1,Seo,2,0,0,2
US,33,1,Ads,8,0,1,-1
UK,44,1,Seo,3,0,0,-1
US,36,0,Direct,7,0,0,-1
US,29,0,Direct,4,0,2,4
UK,28,1,Seo,10,0,1,-1
US,25,1,Seo,5,0,2,1
China,28,1,Seo,1,0,2,5
US,44,0,Ads,7,0,0,-1
US,44,0,Ads,5,0,0,-1
Germany,33,1,Ads,1,0,0,5
US,28,1,Seo,3,0,2,6
China,21,1,Seo,3,0,2,6
US,21,1,Seo,10,0,1,-1
China,27,1,Ads,7,0,1,0
China,22,1,Seo,3,0,2,6
US,26,1,Ads,3,0,2,6
UK,37,1,Seo,7,0,0,-1
UK,19,1,Seo,5,0,2,1
US,17,1,Seo,5,0,2,-1
Germany,21,1,Ads,5,0,2,1
US,31,0,Direct,1,0,2,5
UK,33,1,Seo,7,0,1,0
US,29,1,Seo,8,0,1,-1
US,24,0,Seo,2,0,2,2
US,24,1,Seo,7,0,1,-1
US,22,1,Seo,6,0,2,3
US,34,1,Seo,5,0,0,1
China,40,1,Seo,1,0,0,5
UK,29,0,Ads,4,0,2,4
UK,34,1,Direct,6,0,0,3
China,24,0,Direct,9,0,1,-1
US,29,1,Ads,7,0,1,0
Germany,33,0,Seo,10,0,1,-1
China,26,1,Ads,4,0,2,4
US,33,1,Ads,8,0,1,-1
China,29,1,Ads,3,0,2,6
US,34,0,Seo,10,0,1,-1
Germany,32,1,Direct,9,0,1,-1
US,34,1,Ads,4,0,0,4
China,24,0,Seo,6,0,2,3
US,30,0,Seo,13,1,1,-1
UK,27,1,Ads,9,0,1,-1
UK,20,1,Direct,1,0,2,5
UK,19,1,Seo,1,0,2,5
US,34,0,Ads,2,0,0,2
China,41,1,Direct,7,0,0,-1
China,30,1,Seo,3,0,2,6
China,30,1,Direct,4,0,2,4
US,21,1,Seo,6,0,2,-1
US,30,0,Direct,7,0,1,0
China,18,1,Ads,1,0,2,5
China,31,1,Direct,2,0,2,2
US,29,0,Ads,5,0,2,1
US,19,0,Direct,7,0,2,-1
US,27,1,Direct,8,0,1,-1
UK,42,1,Seo,5,0,0,-1
US,28,1,Ads,2,0,2,2
US,26,1,Direct,5,0,2,1
US,42,0,Seo,10,0,1,-1
China,29,1,Direct,9,0,1,-1
US,25,1,Direct,1,0,2,5
US,36,0,Direct,12,0,1,-1
US,28,1,Seo,14,0,1,-1
China,21,1,Seo,6,0,2,-1
Germany,37,1,Seo,10,0,1,-1
US,31,1,Seo,2,0,2,2
US,18,1,Direct,4,0,2,4
US,33,0,Seo,5,0,0,1
UK,35,1,Direct,2,0,0,2
US,25,1,Ads,3,0,2,6
UK,25,1,Ads,1,0,2,5
China,27,1,Direct,6,0,2,3
US,18,0,Ads,6,0,2,-1
US,27,1,Ads,6,0,2,3
US,34,1,Ads,2,0,0,2
US,35,1,Seo,9,0,1,-1
US,24,1,Seo,8,0,1,-1
UK,30,1,Seo,4,0,2,4
China,34,1,Seo,5,0,0,1
US,34,0,Seo,1,0,0,5
US,21,1,Direct,8,0,1,-1
China,38,1,Seo,6,0,0,-1
US,19,1,Direct,10,0,1,-1
China,40,1,Seo,7,0,0,-1
UK,18,1,Seo,7,0,2,-1
China,30,1,Seo,3,0,2,6
China,33,0,Direct,7,0,1,0
US,38,0,Seo,5,0,0,1
UK,20,0,Seo,10,0,1,-1
US,44,1,Direct,1,0,0,-1
China,18,1,Seo,6,0,2,-1
China,47,1,Seo,1,0,0,-1
US,48,1,Seo,1,0,0,-1
UK,20,1,Seo,4,0,2,4
China,48,1,Seo,2,0,0,-1
US,27,1,Seo,3,0,2,6
UK,35,1,Seo,6,0,0,3
China,23,1,Direct,6,0,2,3
China,28,0,Seo,4,0,2,4
China,33,0,Seo,3,0,0,6
UK,23,0,Seo,4,0,2,4
US,34,0,Ads,2,0,0,2
UK,45,1,Ads,11,0,1,-1
China,34,1,Ads,4,0,0,4
US,26,0,Seo,2,0,2,2
China,30,1,Seo,5,0,2,1
US,20,1,Seo,5,0,2,1
US,20,1,Ads,6,0,2,-1
UK,39,1,Ads,4,0,0,4
China,20,0,Seo,1,0,2,5
UK,24,0,Direct,3,0,2,6
UK,31,0,Seo,4,0,2,4
US,23,1,Direct,5,0,2,1
China,25,1,Seo,1,0,2,5
China,37,1,Ads,1,0,0,5
China,47,0,Direct,3,0,0,-1
US,18,1,Seo,1,0,2,5
US,33,1,Seo,4,0,0,4
Germany,22,1,Ads,4,0,2,4
UK,28,0,Seo,7,0,1,0
US,41,0,Seo,8,0,0,-1
UK,33,0,Ads,4,0,0,4
Germany,22,1,Direct,4,0,2,4
US,44,1,Direct,3,0,0,-1
US,44,1,Ads,8,0,0,-1
US,43,0,Direct,3,0,0,-1
China,19,1,Seo,7,0,2,-1
China,25,1,Direct,4,0,2,4
UK,28,0,Direct,14,1,1,-1
China,34,0,Seo,2,0,0,2
US,31,1,Seo,9,0,1,-1
UK,24,0,Ads,5,0,2,1
UK,32,1,Ads,4,0,0,4
US,29,1,Seo,4,0,2,4
US,19,0,Direct,10,0,1,-1
China,18,1,Seo,3,0,2,6
US,44,0,Seo,5,0,0,-1
US,32,1,Direct,1,0,2,5
US,25,0,Seo,5,0,2,1
US,36,1,Seo,4,0,0,4
US,43,0,Ads,1,0,0,-1
US,25,0,Ads,9,0,1,-1
China,30,0,Seo,4,0,2,4
UK,20,0,Ads,7,0,2,-1
UK,30,0,Seo,7,0,1,0
US,37,1,Seo,3,0,0,6
US,37,1,Ads,3,0,0,6
UK,36,0,Direct,7,0,0,-1
US,28,1,Direct,2,0,2,2
US,24,1,Ads,2,0,2,2
US,27,1,Ads,8,0,1,-1
US,26,1,Ads,2,0,2,2
US,28,1,Ads,7,0,1,0
US,46,1,Seo,2,0,0,-1
US,40,1,Direct,4,0,0,4
US,30,1,Seo,1,0,2,5
US,37,1,Seo,2,0,0,2
US,25,1,Ads,2,0,2,2
UK,31,0,Direct,1,0,2,5
US,46,0,Seo,4,0,0,-1
China,35,1,Seo,8,0,1,-1
UK,36,1,Ads,2,0,0,2
US,26,1,Ads,4,0,2,4
UK,33,1,Direct,13,0,1,-1
UK,30,1,Ads,2,0,2,2
US,40,1,Ads,3,0,0,-1
Germany,28,1,Seo,6,0,2,3
US,18,0,Seo,3,0,2,6
US,21,1,Ads,4,0,2,4
China,33,1,Seo,8,0,1,-1
US,27,1,Seo,2,0,2,2
UK,27,1,Direct,6,0,2,3
US,32,0,Seo,1,0,2,5
China,20,0,Ads,11,0,1,-1
UK,29,1,Ads,5,0,2,1
US,44,1,Ads,8,0,0,-1
US,41,1,Direct,7,0,0,-1
China,35,1,Direct,7,0,0,-1
US,36,0,Seo,3,0,0,6
US,32,0,Seo,11,0,1,-1
China,23,1,Ads,3,0,2,6
US,28,1,Seo,6,0,2,3
US,44,1,Seo,7,0,0,-1
US,30,1,Ads,1,0,2,5
Germany,28,0,Seo,3,0,2,6
US,19,0,Seo,2,0,2,2
UK,37,1,Ads,4,0,0,4
UK,45,0,Seo,9,0,0,-1
US,37,0,Direct,4,0,0,4
UK,22,1,Seo,2,0,2,2
UK,27,1,Seo,6,0,2,3
UK,24,1,Seo,2,0,2,2
UK,24,1,Direct,1,0,2,5
US,33,1,Ads,5,0,0,1
China,38,1,Seo,1,0,0,5
UK,33,1,Direct,2,0,0,2
UK,21,1,Ads,1,0,2,5
China,18,1,Direct,3,0,2,6
UK,36,0,Seo,1,0,0,5
US,43,0,Ads,3,0,0,-1
US,17,1,Seo,8,0,1,-1
US,37,1,Seo,5,0,0,1
US,20,0,Seo,5,0,2,1
US,41,1,Seo,5,0,0,-1
UK,28,0,Seo,7,0,1,0
US,21,1,Direct,3,0,2,6
China,22,1,Seo,2,0,2,2
US,38,1,Direct,2,0,0,2
US,44,1,Seo,2,0,0,-1
Germany,43,1,Ads,2,0,0,-1
US,31,1,Seo,8,0,1,-1
US,21,1,Seo,1,0,2,5
China,34,1,Direct,1,0,0,5
US,49,0,Direct,1,0,0,-1
UK,23,1,Direct,5,0,2,1
China,26,0,Seo,3,0,2,6
US,19,1,Seo,7,0,2,-1
UK,21,1,Seo,5,0,2,1
US,18,1,Seo,4,0,2,4
US,46,1,Direct,9,0,0,-1
US,37,0,Seo,6,0,0,3
US,24,1,Direct,7,0,1,-1
Germany,19,1,Seo,3,0,2,6
US,26,1,Direct,2,0,2,2
US,38,0,Direct,6,0,0,-1
UK,24,1,Seo,8,0,1,-1
UK,19,0,Direct,5,0,2,1
China,35,0,Ads,3,0,0,6
UK,29,0,Seo,4,0,2,4
UK,35,0,Seo,6,0,0,3
US,29,1,Ads,4,0,2,4
US,34,0,Direct,5,0,0,1
UK,32,0,Direct,7,0,1,0
US,47,1,Seo,2,0,0,-1
US,28,1,Ads,2,0,2,2
China,18,1,Ads,4,0,2,4
US,28,0,Seo,1,0,2,5
China,40,1,Seo,4,0,0,4
China,46,1,Seo,5,0,0,-1
China,42,1,Ads,4,0,0,-1
US,25,1,Direct,15,1,1,-1
US,29,0,Seo,7,0,1,0
UK,42,0,Seo,5,0,0,-1
China,30,1,Seo,8,0,1,-1
UK,20,0,Seo,5,0,2,1
Germany,26,1,Seo,6,0,2,3
China,32,1,Seo,6,0,0,3
US,17,1,Seo,3,0,2,-1
Germany,20,1,Seo,3,0,2,6
China,43,0,Seo,1,0,0,-1
UK,20,0,Direct,3,0,2,6
US,42,1,Ads,10,0,1,-1
US,35,0,Seo,3,0,0,6
US,32,1,Ads,2,0,2,2
US,27,0,Seo,5,0,2,1
US,34,1,Seo,2,0,0,2
China,26,1,Direct,2,0,2,2
China,18,1,Ads,2,0,2,2
UK,25,1,Ads,4,0,2,4
US,28,0,Ads,3,0,2,6
UK,36,1,Direct,2,0,0,2
US,33,1,Seo,2,0,0,2
China,42,0,Ads,3,0,0,-1
US,34,0,Direct,18,1,1,-1
UK,17,1,Direct,11,1,1,-1
UK,33,0,Seo,1,0,0,5
US,41,0,Ads,5,0,0,-1
US,27,0,Ads,4,0,2,4
China,27,1,Direct,4,0,2,4
China,25,1,Ads,4,0,2,4
China,30,0,Direct,1,0,2,5
UK,20,0,Ads,2,0,2,2
US,28,1,Seo,4,0,2,4
China,25,1,Seo,7,0,1,0
China,20,0,Ads,4,0,2,4
US,44,1,Ads,2,0,0,-1
US,31,1,Direct,1,0,2,5
US,49,1,Seo,1,0,0,-1
US,30,1,Ads,1,0,2,5
US,33,0,Seo,12,0,1,-1
US,34,1,Ads,7,0,0,-1
China,47,1,Ads,6,0,0,-1
China,26,1,Seo,8,0,1,-1
US,38,1,Direct,5,0,0,1
US,40,1,Seo,7,0,0,-1
US,17,1,Seo,3,0,2,-1
US,44,0,Ads,6,0,0,-1
Germany,31,0,Seo,6,0,2,3
UK,43,0,Seo,3,0,0,-1
US,31,0,Ads,2,0,2,2
US,32,1,Seo,5,0,0,1
US,36,1,Direct,3,0,0,6
China,30,1,Seo,3,0,2,6
US,31,0,Seo,2,0,2,2
US,52,1,Ads,2,0,0,-1
US,22,0,Seo,3,0,2,6
UK,28,1,Seo,2,0,2,2
US,32,0,Ads,1,0,2,5
US,38,0,Ads,2,0,0,2
US,18,1,Seo,4,0,2,4
US,52,1,Ads,2,0,0,-1
US,37,0,Ads,5,0,0,1
US,48,0,Seo,10,0,0,-1
US,35,0,Direct,16,1,1,-1
China,37,1,Direct,9,0,1,-1
US,27,0,Direct,2,0,2,2
China,21,0,Ads,4,0,2,4
US,32,1,Ads,3,0,2,6
US,19,0,Direct,3,0,2,6
US,19,1,Seo,8,0,1,-1
US,36,0,Ads,3,0,0,6
UK,44,1,Direct,4,0,0,-1
US,33,1,Ads,4,0,0,4
US,36,0,Seo,12,0,1,-1
US,25,1,Seo,1,0,2,5
UK,37,1,Ads,5,0,0,1
US,39,0,Seo,6,0,0,-1
China,35,1,Direct,5,0,0,1
China,36,0,Seo,3,0,0,6
UK,49,1,Direct,1,0,0,-1
US,20,0,Direct,1,0,2,5
US,22,1,Seo,6,0,2,3
US,35,0,Seo,6,0,0,3
UK,25,0,Ads,7,0,1,0
UK,23,1,Seo,1,0,2,5
US,40,0,Direct,9,0,1,-1
US,29,1,Seo,3,0,2,6
China,33,1,Ads,1,0,0,5
US,46,0,Direct,1,0,0,-1
UK,29,1,Ads,4,0,2,4
US,30,1,Direct,7,0,1,0
US,22,1,Ads,1,0,2,5
China,31,1,Seo,3,0,2,6
US,19,1,Ads,6,0,2,-1
US,40,1,Seo,2,0,0,2
UK,31,1,Seo,9,0,1,-1
US,26,1,Direct,7,0,1,0
China,26,0,Seo,2,0,2,2
China,26,1,Ads,6,0,2,3
UK,26,1,Seo,2,0,2,2
China,27,1,Seo,7,0,1,0
US,23,0,Seo,4,0,2,4
US,20,0,Direct,9,0,1,-1
US,26,1,Ads,4,0,2,4
US,23,0,Direct,7,0,2,-1
UK,38,0,Seo,12,0,1,-1
US,39,1,Ads,6,0,0,-1
US,26,1,Seo,12,0,1,-1
US,20,1,Seo,6,0,2,-1
US,19,1,Ads,18,1,1,-1
US,34,1,Direct,5,0,0,1
China,38,0,Seo,4,0,0,4
US,33,0,Seo,6,0,0,3
China,18,0,Seo,1,0,2,5
UK,25,0,Seo,1,0,2,5
US,29,0,Seo,2,0,2,2
US,49,1,Seo,2,0,0,-1
US,23,0,Seo,12,0,1,-1
China,27,0,Direct,1,0,2,5
US,46,1,Ads,1,0,0,-1
UK,49,1,Ads,4,0,0,-1
US,21,1,Direct,9,0,1,-1
China,25,1,Seo,3,0,2,6
China,29,0,Seo,6,0,2,3
US,33,1,Ads,7,0,1,0
US,23,1,Seo,1,0,2,5
US,27,1,Direct,7,0,1,0
China,30,0,Seo,1,0,2,5
US,29,0,Seo,8,0,1,-1
UK,23,1,Direct,6,0,2,3
China,51,1,Seo,2,0,0,-1
Germany,35,1,Seo,5,0,0,1
US,17,1,Seo,5,0,2,-1
US,23,1,Seo,13,0,1,-1
US,35,1,Seo,3,0,0,6
Germany,31,1,Seo,3,0,2,6
China,31,1,Seo,5,0,2,1
US,26,1,Ads,6,0,2,3
China,35,0,Direct,6,0,0,3
China,33,1,Ads,10,0,1,-1
US,25,0,Seo,3,0,2,6
China,33,0,Seo,6,0,0,3
US,30,1,Seo,3,0,2,6
China,23,1,Ads,2,0,2,2
China,39,1,Seo,5,0,0,-1
US,38,0,Ads,10,0,1,-1
UK,24,0,Seo,7,0,1,-1
US,20,1,Seo,4,0,2,4
US,27,1,Direct,1,0,2,5
UK,28,1,Direct,2,0,2,2
Germany,38,1,Seo,4,0,0,4
China,20,1,Seo,6,0,2,-1
Germany,25,1,Ads,8,0,1,-1
UK,18,0,Ads,6,0,2,-1
US,51,1,Seo,6,0,0,-1
US,28,0,Seo,12,1,1,-1
US,29,1,Direct,11,0,1,-1
UK,22,0,Ads,3,0,2,6
China,34,1,Direct,3,0,0,6
UK,41,0,Direct,8,0,0,-1
US,30,1,Seo,10,0,1,-1
US,24,1,Ads,4,0,2,4
US,53,1,Seo,5,0,0,-1
US,18,0,Ads,15,1,1,-1
China,23,1,Direct,7,0,2,-1
UK,22,1,Seo,3,0,2,6
China,47,0,Seo,6,0,0,-1
US,25,1,Direct,5,0,2,1
UK,31,1,Direct,7,0,1,0
China,35,1,Seo,3,0,0,6
US,30,1,Seo,5,0,2,1
US,24,0,Seo,10,0,1,-1
UK,42,0,Seo,4,0,0,-1
US,26,1,Seo,1,0,2,5
US,23,1,Ads,8,0,1,-1
US,17,1,Direct,1,0,2,-1
US,43,0,Direct,1,0,0,-1
US,31,1,Seo,4,0,2,4
US,51,1,Seo,2,0,0,-1
US,28,1,Ads,1,0,2,5
US,24,0,Seo,3,0,2,6
US,27,1,Ads,6,0,2,3
US,34,1,Seo,2,0,0,2
US,31,1,Ads,5,0,2,1
China,24,0,Direct,1,0,2,5
Germany,36,1,Seo,2,0,0,2
US,17,1,Seo,1,0,2,-1
US,29,1,Direct,4,0,2,4
US,21,1,Seo,5,0,2,1
China,26,1,Seo,1,0,2,5
China,28,1,Direct,7,0,1,0
China,28,1,Seo,2,0,2,2
China,31,1,Direct,6,0,2,3
China,39,1,Seo,1,0,0,5
US,32,1,Seo,5,0,0,1
China,36,0,Seo,6,0,0,3
US,26,0,Seo,6,0,2,3
US,24,1,Direct,8,0,1,-1
US,22,1,Seo,1,0,2,5
UK,36,1,Ads,1,0,0,5
US,33,0,Seo,2,0,0,2
China,28,1,Direct,1,0,2,5
China,28,1,Seo,8,0,1,-1
US,28,1,Seo,6,0,2,3
US,35,1,Seo,5,0,0,1
US,37,0,Seo,1,0,0,5
US,28,0,Seo,2,0,2,2
China,32,1,Seo,2,0,2,2
US,33,0,Seo,8,0,1,-1
US,27,0,Ads,15,1,1,-1
US,29,0,Seo,2,0,2,2
US,22,0,Seo,1,0,2,5
US,41,1,Seo,2,0,0,2
US,37,0,Seo,4,0,0,4
China,25,1,Seo,7,0,1,0
Germany,32,1,Direct,2,0,2,2
US,47,1,Seo,8,0,0,-1
US,33,1,Seo,5,0,0,1
US,51,1,Seo,2,0,0,-1
US,36,1,Seo,3,0,0,6
Germany,33,1,Seo,6,0,0,3
US,25,1,Seo,1,0,2,5
UK,49,1,Ads,9,0,0,-1
China,31,1,Seo,4,0,2,4
China,30,1,Seo,4,0,2,4
US,20,1,Seo,5,0,2,1
China,43,1,Seo,2,0,0,-1
US,26,0,Seo,13,1,1,-1
China,39,1,Seo,7,0,0,-1
US,35,1,Direct,7,0,0,-1
China,34,1,Direct,5,0,0,1
US,26,0,Seo,9,0,1,-1
UK,41,0,Seo,3,0,0,-1
China,24,1,Seo,4,0,2,4
US,19,0,Seo,5,0,2,1
UK,29,0,Seo,7,0,1,0
China,41,0,Direct,2,0,0,2
US,30,1,Direct,5,0,2,1
China,55,1,Seo,5,0,0,-1
UK,32,1,Seo,1,0,2,5
China,38,0,Seo,4,0,0,4
US,27,1,Seo,9,0,1,-1
China,23,1,Direct,2,0,2,2
US,40,0,Ads,3,0,0,-1
Germany,50,0,Seo,3,0,0,-1
China,22,1,Seo,2,0,2,2
US,28,1,Seo,11,0,1,-1
China,18,0,Seo,4,0,2,4
UK,35,0,Direct,1,0,0,5
UK,35,1,Seo,7,0,0,-1
US,42,1,Direct,2,0,0,2
China,33,1,Ads,6,0,0,3
UK,26,0,Seo,5,0,2,1
US,49,1,Seo,3,0,0,-1
China,21,1,Seo,1,0,2,5
China,40,0,Ads,11,0,1,-1
US,36,0,Seo,6,0,0,3
US,31,1,Ads,2,0,2,2
US,40,1,Ads,3,0,0,-1
US,37,0,Ads,4,0,0,4
China,36,1,Seo,4,0,0,4
US,27,1,Direct,8,0,1,-1
UK,24,0,Seo,5,0,2,1
US,34,1,Seo,1,0,0,5
UK,23,1,Direct,4,0,2,4
US,33,1,Seo,2,0,0,2
US,28,0,Ads,15,1,1,-1
US,27,1,Seo,1,0,2,5
Germany,31,0,Ads,2,0,2,2
US,35,0,Ads,1,0,0,5
US,38,0,Seo,3,0,0,6
US,31,1,Ads,1,0,2,5
US,29,1,Direct,6,0,2,3
UK,38,1,Direct,3,0,0,6
UK,43,1,Seo,5,0,0,-1
UK,26,1,Direct,2,0,2,2
US,31,1,Ads,7,0,1,0
US,17,1,Direct,8,0,1,-1
US,29,1,Direct,7,0,1,0
China,18,1,Seo,9,0,1,-1
UK,41,1,Ads,8,0,0,-1
US,28,1,Seo,7,0,1,0
US,34,1,Ads,5,0,0,1
US,24,0,Ads,11,0,1,-1
UK,45,1,Seo,5,0,0,-1
China,28,1,Ads,3,0,2,6
US,28,0,Seo,3,0,2,6
US,20,1,Direct,4,0,2,4
UK,37,1,Ads,2,0,0,2
US,20,1,Seo,6,0,2,-1
US,22,1,Seo,2,0,2,2
US,44,0,Direct,4,0,0,-1
US,33,1,Direct,3,0,0,6
US,26,0,Direct,12,0,1,-1
Germany,21,1,Direct,10,0,1,-1
US,17,0,Direct,1,0,2,-1
US,35,1,Direct,3,0,0,6
China,23,1,Seo,6,0,2,3
US,27,0,Ads,7,0,1,0
US,24,1,Seo,5,0,2,1
US,35,0,Ads,2,0,0,2
US,17,0,Seo,2,0,2,2
China,33,1,Ads,2,0,0,2
US,22,1,Seo,4,0,2,4
China,24,1,Direct,8,0,1,-1
US,22,0,Direct,4,0,2,4
US,46,1,Seo,2,0,0,-1
US,35,1,Seo,4,0,0,4
China,34,1,Ads,7,0,0,-1
UK,22,1,Direct,21,1,1,-1
US,28,1,Ads,5,0,2,1
US,18,1,Seo,3,0,2,6
US,31,1,Seo,2,0,2,2
UK,24,0,Ads,4,0,2,4
China,25,1,Ads,8,0,1,-1
US,25,1,Ads,2,0,2,2
US,36,0,Seo,10,1,1,-1
China,40,0,Ads,10,0,1,-1
US,26,0,Seo,6,0,2,3
US,34,1,Direct,4,0,0,4
US,34,1,Seo,3,0,0,6
US,41,1,Seo,1,0,0,-1
US,18,1,Ads,4,0,2,4
China,41,0,Seo,3,0,0,-1
China,29,0,Seo,5,0,2,1
UK,23,1,Seo,6,0,2,3
US,21,1,Direct,2,0,2,2
China,32,0,Seo,2,0,2,2
China,29,0,Seo,2,0,2,2
China,21,0,Seo,6,0,2,-1
UK,27,1,Direct,1,0,2,5
US,28,0,Seo,2,0,2,2
US,27,1,Direct,1,0,2,5
US,28,0,Direct,4,0,2,4
US,39,1,Seo,1,0,0,5
US,30,1,Ads,7,0,1,0
US,27,0,Ads,7,0,1,0
US,32,0,Direct,5,0,0,1
US,33,1,Seo,8,0,1,-1
US,33,1,Seo,4,0,0,4
US,30,0,Seo,18,1,1,-1
US,29,1,Seo,5,0,2,1
US,33,1,Ads,5,0,0,1
China,22,1,Seo,1,0,2,5
Germany,32,0,Seo,3,0,2,6
China,35,0,Ads,15,0,1,-1
US,33,1,Direct,12,0,1,-1
US,31,1,Direct,3,0,2,6
US,39,1,Seo,8,0,0,-1
China,21,0,Ads,2,0,2,2
China,44,1,Ads,4,0,0,-1
US,18,0,Seo,8,0,1,-1
US,27,0,Ads,4,0,2,4
UK,37,1,Seo,1,0,0,5
US,25,1,Seo,9,0,1,-1
UK,17,1,Ads,3,0,2,-1
US,47,1,Seo,3,0,0,-1
US,36,1,Seo,4,0,0,4
China,28,1,Ads,4,0,2,4
US,34,1,Direct,7,0,0,-1
US,20,1,Ads,1,0,2,5
China,32,0,Ads,5,0,0,1
US,31,1,Direct,4,0,2,4
US,24,1,Seo,3,0,2,6
US,18,1,Seo,3,0,2,6
US,29,1,Direct,9,0,1,-1
China,18,1,Seo,2,0,2,2
US,28,1,Direct,9,0,1,-1
China,44,1,Ads,2,0,0,-1
US,33,1,Seo,7,0,1,0
China,21,0,Seo,5,0,2,1
US,42,1,Seo,5,0,0,-1
UK,18,1,Seo,3,0,2,6
China,33,0,Direct,9,0,1,-1
US,24,1,Seo,7,0,1,-1
US,30,1,Seo,7,0,1,0
Germany,25,1,Seo,4,0,2,4
China,37,1,Ads,3,0,0,6
China,25,1,Seo,2,0,2,2
UK,41,1,Direct,2,0,0,2
US,33,1,Seo,9,0,1,-1
US,18,1,Seo,21,1,1,-1
US,33,1,Direct,1,0,0,5
US,35,1,Direct,5,0,0,1
China,22,1,Seo,7,0,2,-1
US,34,1,Ads,1,0,0,5
China,40,0,Seo,5,0,0,-1
US,31,1,Seo,2,0,2,2
US,21,0,Direct,12,0,1,-1
US,19,0,Ads,14,1,1,-1
Germany,32,1,Seo,4,0,0,4
US,33,0,Ads,6,0,0,3
China,23,0,Seo,14,0,1,-1
US,46,1,Seo,4,0,0,-1
US,31,1,Direct,4,0,2,4
UK,38,0,Seo,5,0,0,1
China,25,1,Direct,5,0,2,1
US,32,1,Ads,8,0,1,-1
US,33,1,Seo,2,0,0,2
US,22,1,Direct,1,0,2,5
US,27,1,Seo,4,0,2,4
China,50,1,Seo,6,0,0,-1
US,30,1,Ads,6,0,2,3
China,39,1,Seo,7,0,0,-1
US,33,1,Seo,7,0,1,0
China,24,1,Direct,6,0,2,3
US,21,1,Seo,4,0,2,4
US,25,1,Seo,2,0,2,2
US,28,0,Direct,10,1,1,-1
US,32,1,Seo,9,0,1,-1
UK,21,1,Seo,7,0,2,-1
UK,27,1,Ads,12,0,1,-1
US,27,1,Seo,3,0,2,6
China,32,1,Direct,14,0,1,-1
US,18,0,Seo,4,0,2,4
China,50,1,Seo,4,0,0,-1
US,44,1,Seo,4,0,0,-1
US,39,1,Ads,6,0,0,-1
US,33,0,Direct,2,0,0,2
US,20,1,Direct,1,0,2,5
US,20,1,Ads,9,0,1,-1
US,31,1,Seo,8,0,1,-1
US,40,0,Ads,3,0,0,-1
UK,34,1,Direct,6,0,0,3
US,32,1,Direct,2,0,2,2
UK,35,1,Seo,1,0,0,5
UK,30,0,Seo,5,0,2,1
US,30,0,Seo,4,0,2,4
China,47,1,Seo,9,0,0,-1
China,36,0,Ads,10,0,1,-1
China,30,1,Ads,3,0,2,6
China,22,1,Direct,1,0,2,5
US,28,1,Ads,6,0,2,3
US,34,1,Ads,5,0,0,1
US,40,1,Ads,2,0,0,2
US,17,0,Seo,2,0,2,2
US,31,1,Seo,10,0,1,-1
China,36,1,Seo,4,0,0,4
US,30,1,Direct,3,0,2,6
Germany,18,1,Seo,8,0,1,-1
Germany,20,1,Direct,5,0,2,1
US,34,1,Direct,3,0,0,6
US,31,1,Seo,7,0,1,0
US,30,1,Seo,9,0,1,-1
US,37,0,Ads,5,0,0,1
China,29,1,Seo,6,0,2,3
China,39,0,Direct,2,0,0,2
US,46,1,Ads,6,0,0,-1
China,25,1,Ads,5,0,2,1
US,36,0,Ads,1,0,0,5
US,29,1,Direct,4,0,2,4
China,31,1,Seo,3,0,2,6
China,21,1,Seo,4,0,2,4
US,17,1,Ads,3,0,2,-1
UK,30,1,Direct,2,0,2,2
China,30,1,Seo,4,0,2,4
China,34,0,Seo,8,0,1,-1
US,31,1,Ads,3,0,2,6
US,46,0,Seo,4,0,0,-1
US,29,1,Ads,5,0,2,1
US,31,1,Ads,4,0,2,4
Germany,33,1,Direct,8,0,1,-1
US,38,1,Seo,1,0,0,5
UK,18,0,Ads,18,1,1,-1
China,30,0,Direct,4,0,2,4
US,31,1,Direct,7,0,1,0
China,41,0,Direct,3,0,0,-1
US,39,1,Seo,2,0,0,2
China,21,1,Ads,5,0,2,1
US,28,1,Seo,4,0,2,4
US,23,0,Ads,3,0,2,6
Germany,41,0,Seo,7,0,0,-1
US,29,1,Seo,2,0,2,2
US,46,0,Seo,4,0,0,-1
China,35,0,Ads,5,0,0,1
China,29,0,Direct,3,0,2,6
US,28,1,Ads,6,0,2,3
UK,26,1,Seo,7,0,1,0
US,17,1,Direct,12,0,1,-1
US,38,1,Seo,2,0,0,2
US,28,0,Ads,2,0,2,2
US,23,0,Seo,3,0,2,6
US,34,0,Seo,2,0,0,2
UK,18,1,Direct,2,0,2,2
China,24,1,Seo,4,0,2,4
US,47,0,Seo,1,0,0,-1
UK,41,0,Ads,4,0,0,-1
US,47,0,Direct,3,0,0,-1
US,23,1,Seo,3,0,2,6
US,36,1,Seo,1,0,0,5
US,36,1,Seo,7,0,0,-1
China,31,1,Direct,7,0,1,0
China,24,0,Seo,1,0,2,5
China,36,1,Direct,3,0,0,6
US,17,1,Seo,1,0,2,-1
US,24,1,Ads,8,0,1,-1
China,44,1,Seo,4,0,0,-1
China,37,0,Direct,4,0,0,4
US,26,1,Direct,3,0,2,6
US,17,0,Seo,6,0,2,-1
US,46,1,Direct,5,0,0,-1
US,35,1,Ads,4,0,0,4
UK,48,1,Seo,9,0,0,-1
US,32,0,Seo,5,0,0,1
China,32,1,Ads,11,0,1,-1
UK,39,1,Direct,8,0,0,-1
US,25,1,Seo,5,0,2,1
US,35,1,Seo,11,0,1,-1
US,43,0,Direct,3,0,0,-1
US,37,0,Direct,11,0,1,-1
UK,32,1,Direct,9,0,1,-1
US,45,1,Ads,4,0,0,-1
China,35,1,Ads,2,0,0,2
US,46,1,Ads,9,0,0,-1
Germany,44,0,Seo,6,0,0,-1
US,25,1,Seo,4,0,2,4
US,34,1,Ads,3,0,0,6
China,48,1,Seo,3,0,0,-1
Germany,23,1,Direct,5,0,2,1
US,20,0,Seo,4,0,2,4
US,30,1,Seo,7,0,1,0
US,39,0,Ads,1,0,0,5
US,31,0,Ads,9,0,1,-1
US,36,1,Seo,2,0,0,2
US,30,1,Ads,1,0,2,5
UK,34,1,Seo,8,0,1,-1
China,19,0,Seo,4,0,2,4
UK,26,1,Seo,2,0,2,2
China,43,0,Ads,6,0,0,-1
US,23,1,Seo,9,0,1,-1
China,19,1,Seo,13,0,1,-1
US,28,1,Seo,4,0,2,4
UK,29,1,Seo,4,0,2,4
China,49,1,Seo,5,0,0,-1
US,17,1,Seo,6,0,2,-1
UK,37,0,Ads,3,0,0,6
UK,28,0,Seo,10,1,1,-1
UK,45,1,Direct,4,0,0,-1
US,40,1,Seo,6,0,0,-1
UK,29,1,Ads,3,0,2,6
US,22,0,Seo,14,1,1,-1
US,28,1,Direct,5,0,2,1
China,26,1,Direct,5,0,2,1
China,33,0,Seo,3,0,0,6
Germany,31,1,Seo,1,0,2,5
US,23,1,Seo,7,0,2,-1
Germany,50,0,Seo,3,0,0,-1
US,31,0,Seo,7,0,1,0
US,22,0,Seo,1,0,2,5
China,26,1,Direct,3,0,2,6
UK,17,1,Seo,8,0,1,-1
US,28,1,Direct,16,1,1,-1
US,33,0,Ads,9,0,1,-1
US,39,0,Ads,3,0,0,6
US,28,1,Ads,4,0,2,4
UK,38,1,Seo,3,0,0,6
China,19,0,Seo,2,0,2,2
China,43,0,Ads,4,0,0,-1
US,28,0,Seo,17,1,1,-1
US,43,1,Direct,1,0,0,-1
US,44,1,Seo,8,0,0,-1
US,35,0,Direct,16,1,1,-1
UK,26,1,Direct,4,0,2,4
UK,45,1,Seo,5,0,0,-1
US,25,1,Seo,8,0,1,-1
US,40,1,Ads,4,0,0,4
US,30,1,Seo,4,0,2,4
US,23,1,Ads,1,0,2,5
US,30,0,Seo,2,0,2,2
China,30,0,Direct,1,0,2,5
US,28,1,Direct,2,0,2,2
US,17,0,Ads,16,1,1,-1
China,27,1,Seo,4,0,2,4
US,32,0,Seo,5,0,0,1
UK,28,0,Seo,2,0,2,2
US,41,0,Ads,8,0,0,-1
US,27,1,Seo,2,0,2,2
US,40,1,Ads,1,0,0,5
US,36,1,Seo,2,0,0,2
China,20,1,Direct,4,0,2,4
US,32,1,Direct,3,0,2,6
US,39,1,Seo,3,0,0,6
US,31,0,Seo,5,0,2,1
US,39,0,Ads,2,0,0,2
China,25,1,Seo,9,0,1,-1
US,40,1,Ads,3,0,0,-1
US,28,1,Seo,5,0,2,1
US,34,0,Seo,4,0,0,4
US,47,0,Ads,2,0,0,-1
China,23,0,Seo,1,0,2,5
US,28,0,Seo,8,0,1,-1
China,22,1,Ads,1,0,2,5
China,29,1,Seo,3,0,2,6
US,34,0,Seo,3,0,0,6
China,32,1,Direct,3,0,2,6
UK,37,1,Direct,8,0,1,-1
China,40,1,Seo,2,0,0,2
China,32,1,Seo,4,0,0,4
US,29,1,Direct,4,0,2,4
US,40,1,Seo,8,0,0,-1
US,26,0,Seo,6,0,2,3
US,20,1,Ads,2,0,2,2
US,29,1,Seo,1,0,2,5
US,18,1,Direct,6,0,2,-1
US,36,1,Direct,1,0,0,5
US,34,1,Ads,3,0,0,6
China,20,1,Direct,11,0,1,-1
UK,20,0,Seo,17,1,1,-1
UK,41,1,Ads,3,0,0,-1
US,30,1,Seo,1,0,2,5
US,25,0,Seo,5,0,2,1
US,27,1,Seo,11,0,1,-1
US,18,1,Ads,5,0,2,-1
US,23,0,Seo,4,0,2,4
US,27,1,Direct,2,0,2,2
China,26,1,Seo,10,0,1,-1
US,27,0,Ads,17,1,1,-1
US,20,1,Seo,1,0,2,5
China,30,1,Seo,3,0,2,6
China,39,1,Direct,3,0,0,6
US,35,0,Seo,5,0,0,1
China,28,1,Seo,5,0,2,1
US,31,1,Seo,5,0,2,1
China,37,1,Ads,2,0,0,2
UK,19,0,Direct,8,0,1,-1
Germany,36,1,Seo,4,0,0,4
UK,38,1,Seo,5,0,0,1
US,26,1,Seo,10,0,1,-1
US,38,0,Seo,6,0,0,-1
US,41,1,Direct,2,0,0,2
US,34,0,Ads,2,0,0,2
US,25,1,Ads,4,0,2,4
US,30,0,Seo,2,0,2,2
US,42,0,Direct,14,1,1,-1
US,27,0,Seo,9,0,1,-1
US,34,1,Direct,2,0,0,2
US,23,0,Ads,13,1,1,-1
US,31,1,Direct,4,0,2,4
UK,35,1,Seo,1,0,0,5
US,17,0,Seo,7,0,2,-1
US,32,1,Seo,1,0,2,5
China,36,1,Direct,10,0,1,-1
US,39,1,Direct,8,0,0,-1
Germany,37,1,Ads,11,0,1,-1
US,20,1,Ads,6,0,2,-1
US,20,1,Seo,6,0,2,-1
China,37,1,Ads,11,0,1,-1
UK,23,0,Ads,6,0,2,3
China,24,1,Direct,9,0,1,-1
China,20,1,Seo,6,0,2,-1
US,31,0,Ads,14,1,1,-1
US,29,1,Ads,2,0,2,2
US,21,1,Direct,5,0,2,1
US,24,1,Ads,6,0,2,3
Germany,55,1,Seo,3,0,0,-1
US,27,1,Direct,10,0,1,-1
US,33,0,Seo,4,0,0,4
China,30,1,Ads,1,0,2,5
US,34,1,Seo,2,0,0,2
China,28,1,Direct,6,0,2,3
UK,38,0,Seo,2,0,0,2
UK,22,1,Seo,4,0,2,4
UK,17,1,Direct,6,0,2,-1
US,40,0,Direct,15,1,1,-1
US,45,0,Seo,4,0,0,-1
US,34,0,Ads,6,0,0,3
US,36,1,Ads,3,0,0,6
US,20,0,Ads,15,1,1,-1
US,31,0,Ads,9,0,1,-1
UK,24,0,Direct,13,1,1,-1
China,43,0,Ads,5,0,0,-1
China,38,1,Ads,4,0,0,4
US,33,1,Ads,4,0,0,4
China,39,0,Direct,8,0,0,-1
US,18,0,Direct,2,0,2,2
China,48,1,Seo,3,0,0,-1
US,34,1,Seo,7,0,0,-1
US,37,1,Direct,3,0,0,6
China,33,1,Seo,12,0,1,-1
US,32,1,Ads,1,0,2,5
UK,31,0,Seo,8,0,1,-1
US,32,1,Seo,1,0,2,5
China,36,1,Seo,5,0,0,1
China,28,1,Ads,6,0,2,3
US,32,0,Direct,1,0,2,5
US,23,1,Seo,2,0,2,2
US,43,1,Seo,10,0,1,-1
US,27,0,Seo,6,0,2,3
US,31,0,Seo,5,0,2,1
US,20,1,Seo,5,0,2,1
US,38,0,Ads,1,0,0,5
US,32,0,Direct,5,0,0,1
China,37,0,Direct,3,0,0,6
US,36,0,Ads,14,1,1,-1
China,29,1,Ads,4,0,2,4
US,35,1,Seo,8,0,1,-1
US,35,1,Seo,11,0,1,-1
China,32,1,Direct,4,0,0,4
US,24,1,Seo,1,0,2,5
Germany,22,1,Seo,9,0,1,-1
China,36,1,Ads,7,0,0,-1
China,29,1,Direct,3,0,2,6
UK,20,1,Direct,7,0,2,-1
US,23,1,Seo,3,0,2,6
US,41,0,Seo,1,0,0,-1
US,33,1,Direct,3,0,0,6
US,54,1,Direct,7,0,0,-1
US,33,0,Direct,12,0,1,-1
Germany,18,1,Seo,1,0,2,5
US,38,1,Seo,2,0,0,2
Germany,33,1,Direct,9,0,1,-1
US,22,0,Ads,12,1,1,-1
Germany,17,1,Direct,2,0,2,2
China,35,1,Ads,5,0,0,1
US,40,1,Seo,8,0,0,-1
US,37,1,Ads,4,0,0,4
China,18,1,Seo,7,0,2,-1
UK,30,1,Seo,2,0,2,2
China,31,1,Seo,7,0,1,0
US,26,1,Seo,1,0,2,5
China,34,0,Ads,3,0,0,6
UK,24,0,Direct,3,0,2,6
US,42,0,Seo,6,0,0,-1
China,29,0,Seo,7,0,1,0
US,34,0,Seo,4,0,0,4
US,41,1,Ads,4,0,0,-1
US,34,0,Ads,4,0,0,4
US,30,0,Seo,4,0,2,4
US,23,1,Seo,6,0,2,3
China,30,0,Seo,1,0,2,5
US,47,1,Seo,8,0,0,-1
UK,42,0,Seo,4,0,0,-1
US,32,0,Ads,7,0,1,0
UK,38,1,Seo,2,0,0,2
Germany,40,1,Ads,2,0,0,2
UK,28,1,Ads,6,0,2,3
China,20,1,Ads,2,0,2,2
China,22,1,Seo,4,0,2,4
Germany,46,1,Seo,3,0,0,-1
US,40,0,Seo,5,0,0,-1
Germany,17,1,Seo,1,0,2,-1
UK,19,1,Ads,1,0,2,5
US,44,0,Ads,8,0,0,-1
China,25,1,Direct,5,0,2,1
US,31,1,Seo,1,0,2,5
China,24,0,Seo,2,0,2,2
US,34,1,Seo,1,0,0,5
US,17,1,Seo,2,0,2,2
US,27,1,Direct,5,0,2,1
US,30,1,Direct,3,0,2,6
US,41,0,Seo,2,0,0,2
US,39,1,Ads,3,0,0,6
China,44,1,Seo,9,0,0,-1
US,28,1,Seo,2,0,2,2
US,25,1,Ads,6,0,2,3
US,22,1,Seo,6,0,2,3
US,24,0,Seo,13,1,1,-1
US,24,1,Ads,2,0,2,2
Germany,27,1,Seo,8,0,1,-1
UK,18,0,Direct,2,0,2,2
US,21,1,Direct,1,0,2,5
US,21,0,Direct,10,1,1,-1
US,33,0,Ads,1,0,0,5
UK,39,1,Seo,4,0,0,4
US,17,1,Ads,7,0,2,-1
US,32,1,Seo,3,0,2,6
US,33,1,Direct,1,0,0,5
US,24,1,Direct,3,0,2,6
China,26,0,Seo,4,0,2,4
UK,34,0,Ads,2,0,0,2
Germany,21,1,Seo,9,0,1,-1
China,38,0,Seo,6,0,0,-1
US,32,1,Direct,3,0,2,6
US,19,0,Direct,2,0,2,2
US,31,1,Ads,3,0,2,6
UK,46,0,Seo,2,0,0,-1
China,53,0,Seo,8,0,0,-1
US,36,1,Seo,4,0,0,4
US,38,1,Seo,3,0,0,6
US,24,1,Ads,4,0,2,4
China,25,1,Ads,2,0,2,2
US,34,1,Seo,5,0,0,1
US,27,1,Direct,3,0,2,6
China,41,0,Ads,2,0,0,2
UK,36,1,Seo,3,0,0,6
US,23,1,Seo,10,0,1,-1
UK,33,0,Seo,4,0,0,4
US,35,0,Seo,1,0,0,5
UK,44,0,Ads,2,0,0,-1
China,40,0,Ads,1,0,0,5
US,26,0,Seo,5,0,2,1
US,28,1,Seo,6,0,2,3
US,44,1,Seo,6,0,0,-1
US,45,1,Seo,2,0,0,-1
China,34,1,Ads,12,0,1,-1
US,28,1,Seo,6,0,2,3
China,30,1,Seo,1,0,2,5
US,29,0,Seo,2,0,2,2
China,40,1,Seo,6,0,0,-1
China,38,0,Seo,8,0,0,-1
US,25,0,Ads,2,0,2,2
US,26,1,Seo,5,0,2,1
China,18,1,Direct,3,0,2,6
US,42,1,Seo,4,0,0,-1
US,24,1,Direct,14,0,1,-1
US,26,0,Seo,3,0,2,6
China,29,0,Direct,6,0,2,3
US,34,1,Ads,4,0,0,4
China,17,1,Direct,6,0,2,-1
US,41,0,Seo,6,0,0,-1
UK,26,0,Seo,2,0,2,2
China,23,1,Seo,2,0,2,2
China,42,1,Ads,6,0,0,-1
China,50,1,Direct,3,0,0,-1
UK,32,1,Seo,3,0,2,6
US,25,1,Direct,7,0,1,0
US,26,0,Direct,1,0,2,5
China,37,0,Seo,3,0,0,6
China,33,1,Ads,4,0,0,4
China,28,1,Ads,6,0,2,3
UK,18,0,Ads,7,0,2,-1
US,36,1,Ads,4,0,0,4
China,28,1,Direct,4,0,2,4
China,40,1,Seo,7,0,0,-1
US,36,1,Seo,3,0,0,6
UK,37,0,Ads,1,0,0,5
China,28,1,Direct,4,0,2,4
UK,34,1,Seo,5,0,0,1
US,41,0,Seo,6,0,0,-1
US,22,0,Seo,8,0,1,-1
US,25,1,Direct,1,0,2,5
US,25,1,Seo,4,0,2,4
China,23,1,Direct,3,0,2,6
China,29,1,Ads,2,0,2,2
US,43,1,Ads,3,0,0,-1
Germany,27,1,Seo,7,0,1,0
China,19,1,Ads,4,0,2,4
UK,43,1,Seo,5,0,0,-1
China,33,0,Seo,2,0,0,2
China,35,1,Direct,10,0,1,-1
China,42,1,Seo,3,0,0,-1
US,24,0,Direct,13,1,1,-1
UK,33,1,Ads,5,0,0,1
China,25,1,Seo,2,0,2,2
US,34,0,Seo,4,0,0,4
US,35,1,Seo,7,0,0,-1
US,19,1,Seo,2,0,2,2
US,30,0,Seo,10,0,1,-1
US,42,1,Seo,4,0,0,-1
US,40,0,Seo,3,0,0,-1
China,23,1,Direct,3,0,2,6
US,38,0,Ads,4,0,0,4
US,31,1,Seo,3,0,2,6
China,26,1,Seo,1,0,2,5
US,26,1,Ads,2,0,2,2
US,24,1,Ads,6,0,2,3
UK,34,1,Direct,8,0,1,-1
US,21,1,Ads,4,0,2,4
UK,42,1,Seo,3,0,0,-1
China,22,1,Ads,8,0,1,-1
US,35,1,Seo,10,0,1,-1
US,53,1,Ads,4,0,0,-1
US,30,1,Ads,1,0,2,5
US,22,0,Seo,15,1,1,-1
UK,27,1,Ads,10,0,1,-1
China,30,0,Ads,8,0,1,-1
UK,33,1,Ads,2,0,0,2
US,35,1,Ads,5,0,0,1
US,34,0,Direct,2,0,0,2
US,24,0,Direct,1,0,2,5
China,28,1,Direct,6,0,2,3
US,22,1,Seo,3,0,2,6
US,25,1,Seo,7,0,1,0
UK,28,0,Seo,3,0,2,6
US,44,1,Seo,4,0,0,-1
US,31,0,Ads,7,0,1,0
US,38,0,Seo,4,0,0,4
China,25,1,Direct,3,0,2,6
US,40,1,Ads,5,0,0,-1
UK,20,1,Ads,3,0,2,6
UK,38,1,Seo,1,0,0,5
China,42,1,Ads,6,0,0,-1
US,25,0,Seo,2,0,2,2
US,33,1,Seo,4,0,0,4
UK,20,0,Ads,1,0,2,5
China,25,1,Direct,1,0,2,5
China,40,1,Direct,7,0,0,-1
US,35,0,Direct,10,0,1,-1
US,40,1,Seo,6,0,0,-1
US,35,1,Seo,10,0,1,-1
China,52,1,Ads,6,0,0,-1
US,28,1,Seo,10,0,1,-1
China,33,1,Direct,2,0,0,2
China,22,1,Direct,6,0,2,3
China,34,1,Seo,5,0,0,1
US,25,0,Seo,2,0,2,2
US,48,1,Ads,3,0,0,-1
China,21,0,Seo,5,0,2,1
China,24,1,Direct,5,0,2,1
China,23,0,Seo,2,0,2,2
US,41,1,Seo,8,0,0,-1
US,27,0,Ads,4,0,2,4
US,31,1,Seo,5,0,2,1
US,26,1,Seo,1,0,2,5
US,18,0,Seo,3,0,2,6
US,18,0,Ads,2,0,2,2
US,47,1,Ads,5,0,0,-1
US,33,0,Ads,8,0,1,-1
US,20,1,Seo,10,0,1,-1
UK,32,0,Ads,1,0,2,5
US,62,0,Seo,3,0,0,-1
US,20,1,Ads,2,0,2,2
US,32,0,Direct,7,0,1,0
China,35,1,Seo,10,0,1,-1
China,24,0,Direct,7,0,1,-1
US,28,0,Direct,4,0,2,4
China,33,0,Seo,3,0,0,6
UK,33,1,Ads,5,0,0,1
US,40,1,Seo,1,0,0,5
China,25,1,Ads,3,0,2,6
US,30,1,Ads,4,0,2,4
UK,34,0,Seo,1,0,0,5
US,32,1,Seo,5,0,0,1
US,31,1,Seo,4,0,2,4
China,25,0,Seo,2,0,2,2
US,23,0,Seo,10,1,1,-1
US,37,1,Direct,11,0,1,-1
China,39,1,Ads,3,0,0,6
US,42,0,Seo,1,0,0,-1
US,18,0,Seo,5,0,2,-1
Germany,34,1,Direct,4,0,0,4
US,28,1,Direct,8,0,1,-1
US,31,1,Ads,1,0,2,5
China,29,1,Seo,1,0,2,5
US,30,1,Direct,8,0,1,-1
US,35,1,Ads,3,0,0,6
China,18,1,Seo,5,0,2,-1
China,17,1,Ads,11,0,1,-1
US,19,1,Direct,4,0,2,4
US,37,1,Seo,9,0,1,-1
US,37,1,Seo,4,0,0,4
UK,40,1,Ads,4,0,0,4
US,23,1,Seo,13,0,1,-1
China,21,1,Ads,4,0,2,4
China,17,1,Seo,12,0,1,-1
UK,34,1,Direct,3,0,0,6
China,19,1,Direct,4,0,2,4
US,32,0,Seo,19,1,1,-1
UK,21,1,Direct,5,0,2,1
UK,30,1,Seo,1,0,2,5
UK,25,0,Direct,5,0,2,1
China,27,1,Seo,8,0,1,-1
US,24,1,Seo,2,0,2,2
UK,23,1,Seo,1,0,2,5
US,42,0,Seo,10,0,1,-1
China,40,1,Seo,3,0,0,-1
US,32,1,Seo,9,0,1,-1
US,22,1,Direct,4,0,2,4
China,43,0,Ads,10,0,1,-1
UK,35,1,Seo,1,0,0,5
US,20,0,Ads,11,1,1,-1
UK,42,0,Direct,2,0,0,2
US,27,1,Seo,4,0,2,4
US,39,0,Seo,8,0,0,-1
China,25,1,Seo,3,0,2,6
US,19,1,Seo,6,0,2,-1
US,33,1,Seo,3,0,0,6
UK,23,1,Ads,7,0,2,-1
China,48,1,Ads,2,0,0,-1
US,28,1,Seo,5,0,2,1
China,28,1,Ads,1,0,2,5
US,44,1,Seo,5,0,0,-1
US,37,0,Ads,1,0,0,5
China,21,1,Direct,6,0,2,-1
US,24,0,Seo,2,0,2,2
US,32,0,Direct,5,0,0,1
China,33,1,Direct,3,0,0,6
US,19,1,Seo,4,0,2,4
US,32,1,Seo,4,0,0,4
China,37,1,Seo,3,0,0,6
US,40,1,Ads,4,0,0,4
UK,39,1,Seo,3,0,0,6
US,29,1,Seo,1,0,2,5
US,36,1,Ads,3,0,0,6
US,25,1,Seo,9,0,1,-1
US,31,1,Seo,9,0,1,-1
China,35,1,Direct,12,0,1,-1
China,49,1,Seo,7,0,0,-1
US,25,0,Ads,1,0,2,5
US,28,0,Direct,7,0,1,0
China,48,1,Seo,5,0,0,-1
US,33,1,Ads,9,0,1,-1
China,39,1,Ads,6,0,0,-1
US,39,0,Ads,15,1,1,-1
US,28,0,Ads,2,0,2,2
China,32,1,Seo,3,0,2,6
China,49,1,Seo,4,0,0,-1
UK,40,0,Seo,3,0,0,-1
US,36,1,Seo,3,0,0,6
US,24,1,Seo,9,0,1,-1
US,29,0,Seo,1,0,2,5
US,34,1,Seo,10,0,1,-1
US,30,1,Ads,8,0,1,-1
US,37,1,Seo,2,0,0,2
US,47,0,Direct,8,0,0,-1
US,47,0,Seo,6,0,0,-1
UK,21,1,Direct,4,0,2,4
US,21,1,Direct,3,0,2,6
US,38,1,Seo,5,0,0,1
UK,40,1,Seo,6,0,0,-1
US,32,1,Ads,6,0,0,3
US,27,1,Ads,2,0,2,2
US,24,0,Ads,20,1,1,-1
US,39,1,Seo,3,0,0,6
Germany,42,0,Seo,4,0,0,-1
US,28,0,Seo,3,0,2,6
US,27,0,Direct,8,0,1,-1
UK,26,1,Seo,4,0,2,4
UK,47,1,Ads,8,0,0,-1
US,27,0,Seo,9,0,1,-1
US,33,0,Seo,3,0,0,6
US,33,1,Direct,1,0,0,5
US,24,1,Seo,6,0,2,3
US,29,1,Seo,6,0,2,3
US,19,1,Seo,5,0,2,1
China,34,0,Ads,1,0,0,5
US,33,1,Seo,7,0,1,0
US,45,1,Direct,3,0,0,-1
US,51,1,Direct,1,0,0,-1
US,31,0,Ads,2,0,2,2
US,22,0,Direct,4,0,2,4
UK,30,1,Seo,2,0,2,2
UK,28,1,Seo,4,0,2,4
UK,37,1,Seo,1,0,0,5
US,30,1,Direct,1,0,2,5
US,27,0,Seo,6,0,2,3
US,28,0,Seo,4,0,2,4
US,27,0,Direct,6,0,2,3
US,31,1,Seo,1,0,2,5
China,28,1,Direct,5,0,2,1
UK,31,0,Ads,6,0,2,3
US,29,1,Seo,6,0,2,3
US,33,1,Seo,2,0,0,2
US,50,1,Seo,3,0,0,-1
US,36,1,Seo,3,0,0,6
US,45,1,Ads,8,0,0,-1
UK,24,1,Ads,8,0,1,-1
UK,38,1,Seo,7,0,0,-1
US,30,1,Direct,1,0,2,5
US,23,0,Seo,2,0,2,2
US,23,1,Seo,7,0,2,-1
China,32,1,Seo,2,0,2,2
US,21,1,Direct,4,0,2,4
China,21,0,Ads,6,0,2,-1
US,31,1,Ads,4,0,2,4
US,21,1,Ads,2,0,2,2
UK,32,0,Direct,6,0,0,3
US,26,0,Ads,13,1,1,-1
US,25,1,Direct,4,0,2,4
US,33,1,Direct,9,0,1,-1
US,18,1,Ads,10,0,1,-1
China,41,1,Seo,15,0,1,-1
Germany,44,1,Seo,4,0,0,-1
US,29,0,Seo,12,1,1,-1
US,42,1,Ads,3,0,0,-1
China,35,1,Seo,7,0,0,-1
US,30,0,Seo,15,0,1,-1
China,34,0,Seo,6,0,0,3
US,39,0,Direct,4,0,0,4
China,20,1,Direct,4,0,2,4
China,36,1,Seo,7,0,0,-1
China,21,1,Seo,2,0,2,2
US,25,1,Direct,2,0,2,2
US,26,0,Direct,8,0,1,-1
China,25,1,Direct,5,0,2,1
China,40,1,Seo,4,0,0,4
China,26,1,Seo,4,0,2,4
US,38,0,Ads,9,0,1,-1
US,41,1,Seo,2,0,0,2
China,21,0,Ads,5,0,2,1
US,23,0,Seo,3,0,2,6
China,37,1,Ads,5,0,0,1
China,18,1,Direct,2,0,2,2
US,31,1,Seo,1,0,2,5
US,35,1,Direct,6,0,0,3
China,20,0,Ads,7,0,2,-1
US,50,0,Seo,12,0,1,-1
US,25,1,Seo,6,0,2,3
China,24,1,Ads,5,0,2,1
US,31,1,Seo,3,0,2,6
US,40,1,Seo,5,0,0,-1
UK,41,1,Seo,1,0,0,-1
China,38,1,Ads,10,0,1,-1
US,40,1,Ads,6,0,0,-1
China,31,0,Ads,2,0,2,2
US,31,1,Seo,8,0,1,-1
US,29,1,Direct,2,0,2,2
US,24,1,Seo,3,0,2,6
US,37,1,Direct,6,0,0,3
China,28,1,Direct,7,0,1,0
China,19,0,Seo,2,0,2,2
US,17,1,Seo,8,0,1,-1
US,18,0,Seo,5,0,2,-1
US,42,1,Direct,4,0,0,-1
US,22,1,Direct,4,0,2,4
US,30,1,Seo,11,0,1,-1
UK,21,0,Seo,3,0,2,6
US,29,1,Direct,4,0,2,4
China,45,1,Seo,2,0,0,-1
UK,20,1,Ads,3,0,2,6
Germany,28,0,Seo,11,1,1,-1
US,27,0,Seo,6,0,2,3
US,24,0,Seo,8,0,1,-1
US,35,1,Seo,6,0,0,3
US,24,1,Seo,5,0,2,1
China,23,1,Seo,3,0,2,6
China,30,0,Ads,9,0,1,-1
US,33,1,Seo,2,0,0,2
US,20,0,Ads,6,0,2,-1
US,24,0,Ads,10,1,1,-1
US,25,0,Seo,8,0,1,-1
UK,26,1,Seo,8,0,1,-1
China,38,1,Seo,5,0,0,1
UK,24,1,Seo,5,0,2,1
China,19,1,Seo,7,0,2,-1
US,22,1,Seo,6,0,2,3
US,28,1,Ads,2,0,2,2
US,21,1,Seo,2,0,2,2
US,41,1,Ads,2,0,0,2
US,26,1,Ads,5,0,2,1
Germany,29,1,Seo,11,0,1,-1
US,21,0,Seo,5,0,2,1
US,38,1,Ads,3,0,0,6
UK,33,1,Seo,4,0,0,4
UK,18,1,Ads,7,0,2,-1
China,39,1,Ads,4,0,0,4
US,49,1,Seo,5,0,0,-1
US,31,0,Ads,2,0,2,2
UK,27,1,Direct,6,0,2,3
UK,24,0,Ads,1,0,2,5
UK,29,1,Seo,3,0,2,6
US,31,1,Seo,1,0,2,5
US,20,1,Seo,5,0,2,1
US,32,1,Seo,2,0,2,2
US,35,1,Seo,3,0,0,6
US,33,0,Seo,4,0,0,4
UK,27,0,Seo,3,0,2,6
US,22,1,Seo,1,0,2,5
China,37,1,Ads,3,0,0,6
China,32,1,Direct,8,0,1,-1
US,46,0,Seo,1,0,0,-1
US,38,1,Ads,6,0,0,-1
China,48,1,Seo,3,0,0,-1
US,21,1,Direct,6,0,2,-1
US,51,1,Direct,4,0,0,-1
China,27,1,Direct,3,0,2,6
UK,24,1,Direct,6,0,2,3
Germany,30,1,Direct,6,0,2,3
US,19,1,Seo,8,0,1,-1
China,23,1,Ads,7,0,2,-1
US,19,1,Ads,5,0,2,1
UK,28,1,Seo,4,0,2,4
China,17,1,Seo,3,0,2,-1
UK,41,0,Seo,4,0,0,-1
China,37,1,Seo,5,0,0,1
US,45,0,Seo,1,0,0,-1
US,26,0,Seo,5,0,2,1
UK,36,1,Seo,5,0,0,1
Germany,38,0,Direct,2,0,0,2
US,29,1,Seo,2,0,2,2
US,49,0,Seo,8,0,0,-1
China,31,1,Seo,14,0,1,-1
US,33,0,Seo,2,0,0,2
US,30,0,Ads,3,0,2,6
UK,21,1,Seo,3,0,2,6
US,37,1,Seo,8,0,1,-1
US,28,0,Seo,4,0,2,4
China,36,0,Seo,1,0,0,5
China,31,1,Direct,7,0,1,0
US,54,1,Seo,11,0,0,-1
US,42,1,Ads,6,0,0,-1
US,38,0,Seo,2,0,0,2
UK,27,0,Direct,2,0,2,2
UK,31,0,Ads,4,0,2,4
US,26,0,Seo,1,0,2,5
US,20,0,Seo,2,0,2,2
US,23,0,Ads,16,1,1,-1
China,31,1,Seo,5,0,2,1
US,35,1,Seo,5,0,0,1
US,23,1,Ads,5,0,2,1
UK,36,1,Seo,5,0,0,1
US,27,1,Seo,8,0,1,-1
UK,20,0,Direct,8,0,1,-1
UK,34,1,Ads,3,0,0,6
US,36,1,Ads,10,0,1,-1
US,31,1,Ads,6,0,2,3
US,36,1,Ads,1,0,0,5
US,19,1,Direct,4,0,2,4
US,19,0,Direct,11,1,1,-1
US,29,1,Seo,5,0,2,1
UK,18,1,Seo,3,0,2,6
US,20,0,Ads,3,0,2,6
US,31,1,Seo,3,0,2,6
US,44,0,Seo,3,0,0,-1
China,26,1,Seo,12,0,1,-1
UK,25,0,Ads,4,0,2,4
China,20,1,Seo,2,0,2,2
US,28,1,Seo,5,0,2,1
US,22,1,Direct,14,1,1,-1
UK,33,0,Ads,2,0,0,2
US,22,1,Ads,11,0,1,-1
China,52,1,Ads,5,0,0,-1
China,39,1,Ads,1,0,0,5
UK,60,1,Ads,4,0,0,-1
US,41,1,Ads,1,0,0,-1
UK,29,1,Seo,2,0,2,2
UK,25,1,Ads,5,0,2,1
China,25,0,Seo,5,0,2,1
US,44,1,Direct,2,0,0,-1
China,28,1,Seo,1,0,2,5
US,24,1,Direct,3,0,2,6
UK,19,1,Seo,7,0,2,-1
US,19,1,Seo,2,0,2,2
China,22,1,Seo,5,0,2,1
UK,33,1,Direct,7,0,1,0
China,40,0,Seo,6,0,0,-1
US,37,0,Ads,12,0,1,-1
UK,17,1,Ads,3,0,2,-1
US,36,1,Direct,10,0,1,-1
US,27,0,Ads,8,0,1,-1
US,31,1,Direct,4,0,2,4
US,22,0,Direct,2,0,2,2
UK,27,1,Ads,5,0,2,1
China,31,0,Seo,5,0,2,1
US,40,1,Seo,2,0,0,2
China,18,1,Seo,7,0,2,-1
China,41,1,Seo,8,0,0,-1
US,32,1,Ads,6,0,0,3
China,21,1,Seo,6,0,2,-1
US,31,1,Seo,4,0,2,4
US,28,1,Direct,7,0,1,0
UK,50,1,Direct,10,0,0,-1
US,57,1,Ads,10,0,0,-1
US,43,1,Seo,8,0,0,-1
UK,21,1,Direct,13,1,1,-1
US,21,0,Seo,10,0,1,-1
China,35,0,Direct,6,0,0,3
US,24,1,Seo,5,0,2,1
UK,25,0,Seo,9,0,1,-1
China,18,0,Direct,4,0,2,4
US,26,1,Direct,6,0,2,3
China,27,0,Ads,3,0,2,6
China,21,0,Seo,6,0,2,-1
US,20,1,Direct,4,0,2,4
US,45,1,Seo,7,0,0,-1
China,37,1,Direct,6,0,0,3
US,41,1,Ads,6,0,0,-1
US,45,1,Ads,3,0,0,-1
China,42,0,Direct,7,0,0,-1
US,42,1,Direct,5,0,0,-1
China,26,1,Direct,5,0,2,1
US,17,1,Seo,5,0,2,-1
US,34,1,Direct,11,1,1,-1
UK,32,1,Seo,1,0,2,5
US,33,1,Direct,3,0,0,6
Germany,32,1,Seo,1,0,2,5
UK,30,0,Direct,5,0,2,1
US,25,0,Ads,9,0,1,-1
US,38,0,Seo,10,0,1,-1
Germany,52,1,Seo,4,0,0,-1
UK,43,1,Seo,8,0,0,-1
US,31,1,Seo,7,0,1,0
US,36,1,Ads,8,0,1,-1
US,23,0,Seo,16,1,1,-1
China,43,1,Seo,3,0,0,-1
China,18,1,Ads,6,0,2,-1
US,17,1,Seo,2,0,2,2
US,31,1,Ads,5,0,2,1
China,35,1,Ads,1,0,0,5
China,48,1,Ads,5,0,0,-1
China,34,0,Direct,3,0,0,6
Germany,49,0,Seo,2,0,0,-1
Germany,32,1,Ads,2,0,2,2
UK,29,1,Direct,4,0,2,4
US,30,1,Direct,10,0,1,-1
US,20,1,Seo,1,0,2,5
China,22,1,Ads,8,0,1,-1
China,27,1,Seo,5,0,2,1
UK,32,0,Direct,3,0,2,6
US,20,1,Seo,1,0,2,5
China,24,1,Ads,3,0,2,6
US,28,0,Seo,11,0,1,-1
US,21,1,Seo,1,0,2,5
US,36,1,Ads,1,0,0,5
UK,38,1,Seo,2,0,0,2
US,30,0,Direct,2,0,2,2
Germany,42,1,Direct,8,0,0,-1
US,26,0,Seo,22,1,1,-1
US,23,1,Seo,1,0,2,5
US,39,1,Seo,1,0,0,5
China,46,0,Seo,10,0,0,-1
US,49,1,Ads,3,0,0,-1
UK,23,1,Ads,3,0,2,6
US,27,1,Seo,6,0,2,3
US,44,1,Seo,6,0,0,-1
US,34,1,Ads,3,0,0,6
US,36,1,Seo,4,0,0,4
China,45,0,Seo,6,0,0,-1
US,22,1,Seo,1,0,2,5
US,19,0,Seo,1,0,2,5
China,20,1,Seo,2,0,2,2
US,34,1,Seo,5,0,0,1
US,22,1,Ads,1,0,2,5
China,20,1,Ads,2,0,2,2
US,22,1,Direct,1,0,2,5
China,37,1,Seo,2,0,0,2
China,32,1,Seo,8,0,1,-1
US,18,1,Seo,5,0,2,-1
UK,39,1,Ads,9,0,1,-1
US,45,0,Seo,10,0,0,-1
US,41,1,Seo,2,0,0,2
UK,28,1,Ads,1,0,2,5
US,31,1,Direct,3,0,2,6
China,30,1,Seo,4,0,2,4
US,40,1,Direct,7,0,0,-1
US,37,1,Ads,1,0,0,5
US,31,1,Ads,6,0,2,3
China,31,0,Direct,2,0,2,2
China,29,0,Ads,4,0,2,4
Germany,35,1,Direct,6,0,0,3
US,32,0,Direct,6,0,0,3
US,23,0,Seo,2,0,2,2
Germany,40,1,Seo,3,0,0,-1
US,36,1,Seo,5,0,0,1
US,31,1,Seo,2,0,2,2
UK,32,0,Seo,3,0,2,6
US,30,1,Ads,2,0,2,2
US,23,0,Direct,5,0,2,1
US,24,1,Direct,4,0,2,4
China,32,0,Ads,1,0,2,5
UK,26,0,Seo,8,0,1,-1
US,29,0,Direct,1,0,2,5
US,28,1,Direct,10,0,1,-1
US,36,0,Seo,4,0,0,4
China,39,1,Direct,8,0,0,-1
US,29,0,Seo,1,0,2,5
China,29,1,Ads,5,0,2,1
China,30,1,Seo,2,0,2,2
US,39,1,Ads,8,0,0,-1
US,31,1,Seo,2,0,2,2
China,29,1,Direct,4,0,2,4
US,19,1,Seo,1,0,2,5
US,27,1,Seo,8,0,1,-1
US,49,1,Seo,6,0,0,-1
China,34,0,Seo,2,0,0,2
US,23,0,Seo,9,0,1,-1
US,26,1,Seo,8,0,1,-1
US,24,1,Ads,2,0,2,2
US,29,1,Ads,3,0,2,6
US,18,1,Ads,1,0,2,5
UK,28,1,Ads,6,0,2,3
China,33,0,Seo,7,0,1,0
US,30,1,Ads,9,0,1,-1
UK,17,1,Ads,1,0,2,-1
US,36,1,Ads,4,0,0,4
US,37,1,Seo,1,0,0,5
US,23,0,Seo,14,1,1,-1
US,29,0,Seo,3,0,2,6
UK,25,1,Ads,3,0,2,6
US,32,1,Direct,5,0,0,1
US,24,1,Direct,6,0,2,3
Germany,29,0,Ads,2,0,2,2
US,17,0,Ads,3,0,2,-1
US,26,1,Seo,1,0,2,5
UK,34,1,Ads,1,0,0,5
US,20,1,Ads,6,0,2,-1
China,25,1,Seo,8,0,1,-1
China,26,1,Seo,1,0,2,5
China,38,1,Direct,1,0,0,5
US,24,1,Ads,11,0,1,-1
UK,27,1,Seo,4,0,2,4
UK,26,1,Seo,4,0,2,4
US,23,1,Seo,4,0,2,4
China,25,1,Seo,2,0,2,2
China,28,0,Seo,5,0,2,1
UK,45,1,Seo,1,0,0,-1
US,22,0,Ads,2,0,2,2
China,37,1,Ads,3,0,0,6
Germany,41,1,Ads,12,0,1,-1
US,21,0,Direct,3,0,2,6
China,39,0,Seo,7,0,0,-1
US,36,1,Seo,2,0,0,2
UK,30,0,Ads,8,1,1,-1
US,22,1,Ads,7,0,2,-1
US,29,1,Ads,7,0,1,0
US,18,1,Seo,11,0,1,-1
UK,33,1,Ads,1,0,0,5
US,40,1,Seo,2,0,0,2
US,36,1,Seo,7,0,0,-1
US,29,1,Seo,1,0,2,5
US,42,1,Direct,2,0,0,2
China,29,0,Seo,3,0,2,6
UK,35,1,Seo,6,0,0,3
UK,26,1,Ads,6,0,2,3
US,31,0,Direct,5,0,2,1
UK,33,1,Seo,8,0,1,-1
US,43,1,Seo,5,0,0,-1
China,30,1,Ads,5,0,2,1
China,20,1,Seo,4,0,2,4
US,21,1,Seo,1,0,2,5
US,29,1,Seo,4,0,2,4
US,36,1,Seo,2,0,0,2
US,21,0,Seo,13,1,1,-1
China,31,1,Ads,7,0,1,0
US,35,0,Ads,8,0,1,-1
US,33,0,Direct,10,0,1,-1
US,25,1,Seo,4,0,2,4
China,24,1,Direct,3,0,2,6
China,37,0,Seo,4,0,0,4
US,26,1,Seo,8,0,1,-1
China,29,0,Direct,8,0,1,-1
China,41,1,Direct,7,0,0,-1
US,46,1,Direct,3,0,0,-1
China,33,1,Direct,5,0,0,1
China,47,1,Seo,3,0,0,-1
China,31,0,Seo,6,0,2,3
China,26,1,Ads,7,0,1,0
UK,17,0,Ads,4,0,2,-1
US,43,1,Seo,2,0,0,-1
US,23,0,Seo,2,0,2,2
Germany,33,1,Direct,1,0,0,5
US,20,1,Seo,4,0,2,4
China,23,0,Direct,6,0,2,3
US,35,1,Ads,9,0,1,-1
Germany,25,1,Ads,3,0,2,6
US,20,1,Seo,3,0,2,6
UK,37,0,Seo,3,0,0,6
China,25,0,Seo,6,0,2,3
UK,34,0,Ads,2,0,0,2
China,18,1,Ads,8,0,1,-1
UK,31,0,Direct,7,0,1,0
US,30,0,Seo,6,0,2,3
China,34,0,Seo,3,0,0,6
UK,22,0,Seo,10,0,1,-1
China,31,1,Seo,3,0,2,6
US,28,1,Seo,6,0,2,3
Germany,24,1,Direct,3,0,2,6
US,38,0,Ads,5,0,0,1
US,44,1,Seo,1,0,0,-1
UK,32,0,Ads,5,0,0,1
US,21,1,Seo,7,0,2,-1
China,48,1,Ads,2,0,0,-1
US,27,1,Seo,3,0,2,6
Germany,51,1,Seo,1,0,0,-1
US,28,1,Direct,6,0,2,3
US,25,1,Direct,3,0,2,6
US,37,1,Ads,11,1,1,-1
UK,43,0,Seo,5,0,0,-1
US,29,1,Seo,3,0,2,6
US,22,1,Ads,1,0,2,5
US,18,1,Seo,4,0,2,4
US,32,1,Seo,6,0,0,3
US,44,1,Ads,6,0,0,-1
Germany,26,1,Seo,8,0,1,-1
US,25,1,Ads,2,0,2,2
US,40,1,Seo,6,0,0,-1
UK,48,1,Ads,2,0,0,-1
China,26,1,Ads,9,0,1,-1
US,28,1,Ads,4,0,2,4
US,38,1,Direct,5,0,0,1
China,37,1,Seo,2,0,0,2
China,23,1,Seo,5,0,2,1
China,29,1,Ads,4,0,2,4
UK,24,0,Seo,4,0,2,4
China,24,1,Seo,1,0,2,5
US,23,0,Ads,11,0,1,-1
US,32,0,Ads,1,0,2,5
US,32,1,Seo,6,0,0,3
US,31,1,Seo,9,0,1,-1
China,29,1,Direct,12,0,1,-1
China,30,1,Seo,6,0,2,3
China,23,0,Seo,1,0,2,5
China,33,1,Direct,6,0,0,3
US,33,0,Seo,6,0,0,3
UK,42,0,Direct,1,0,0,-1
US,29,0,Ads,2,0,2,2
China,34,1,Ads,5,0,0,1
US,33,1,Ads,7,0,1,0
Germany,35,1,Seo,6,0,0,3
UK,17,0,Seo,6,0,2,-1
US,22,0,Seo,16,1,1,-1
UK,47,1,Seo,6,0,0,-1
US,18,1,Direct,5,0,2,-1
US,33,1,Seo,5,0,0,1
US,19,1,Seo,1,0,2,5
China,36,0,Seo,3,0,0,6
US,46,1,Ads,8,0,0,-1
US,32,0,Seo,4,0,0,4
US,18,1,Seo,6,0,2,-1
US,31,0,Seo,10,0,1,-1
China,39,1,Seo,5,0,0,-1
US,17,1,Seo,7,0,2,-1
China,25,1,Ads,1,0,2,5
US,25,0,Seo,13,1,1,-1
US,38,1,Direct,6,0,0,-1
UK,35,1,Seo,8,0,1,-1
UK,45,1,Seo,2,0,0,-1
US,38,1,Direct,5,0,0,1
US,20,1,Seo,7,0,2,-1
China,38,1,Ads,2,0,0,2
US,33,0,Ads,2,0,0,2
US,27,1,Ads,7,0,1,0
China,32,1,Seo,12,0,1,-1
China,33,1,Seo,3,0,0,6
UK,30,1,Seo,3,0,2,6
UK,34,1,Direct,1,0,0,5
China,22,1,Seo,5,0,2,1
UK,44,1,Ads,7,0,0,-1
US,34,0,Seo,5,0,0,1
US,38,1,Ads,1,0,0,5
US,31,0,Direct,1,0,2,5
US,38,1,Seo,3,0,0,6
UK,49,1,Seo,2,0,0,-1
China,50,1,Ads,2,0,0,-1
Germany,32,1,Seo,2,0,2,2
China,38,0,Seo,1,0,0,5
US,43,0,Ads,11,0,1,-1
US,17,0,Ads,10,0,1,-1
US,21,0,Direct,1,0,2,5
US,41,0,Seo,5,0,0,-1
China,34,0,Ads,1,0,0,5
US,22,0,Direct,4,0,2,4
US,48,0,Ads,4,0,0,-1
US,23,1,Ads,3,0,2,6
US,43,1,Seo,2,0,0,-1
UK,32,1,Seo,5,0,0,1
US,26,0,Seo,8,1,1,-1
US,20,1,Ads,4,0,2,4
US,22,0,Ads,5,0,2,1
China,21,1,Ads,4,0,2,4
US,23,0,Ads,8,0,1,-1
China,40,0,Seo,1,0,0,5
US,33,0,Seo,4,0,0,4
China,26,1,Seo,8,0,1,-1
US,30,0,Seo,7,0,1,0
US,35,0,Ads,3,0,0,6
US,41,1,Ads,5,0,0,-1
US,42,0,Direct,2,0,0,2
US,21,1,Seo,3,0,2,6
US,25,0,Seo,2,0,2,2
China,35,0,Seo,4,0,0,4
US,32,0,Seo,10,0,1,-1
US,28,1,Seo,11,0,1,-1
US,34,1,Ads,12,0,1,-1
US,33,1,Direct,1,0,0,5
US,27,1,Direct,1,0,2,5
US,24,1,Seo,2,0,2,2
US,36,1,Direct,4,0,0,4
UK,28,1,Seo,8,0,1,-1
UK,37,1,Direct,4,0,0,4
US,41,0,Ads,4,0,0,-1
US,17,1,Direct,3,0,2,-1
US,48,1,Direct,8,0,0,-1
China,27,1,Ads,4,0,2,4
US,38,1,Seo,2,0,0,2
China,35,1,Seo,4,0,0,4
UK,42,1,Direct,1,0,0,-1
China,36,0,Seo,2,0,0,2
US,47,1,Seo,6,0,0,-1
UK,29,1,Direct,10,0,1,-1
US,30,1,Ads,4,0,2,4
China,49,1,Seo,7,0,0,-1
US,25,0,Direct,2,0,2,2
US,33,0,Seo,7,0,1,0
UK,28,1,Seo,5,0,2,1
China,37,1,Ads,5,0,0,1
US,23,1,Direct,1,0,2,5
US,37,1,Seo,2,0,0,2
US,18,1,Ads,6,0,2,-1
US,30,1,Seo,2,0,2,2
US,33,1,Direct,9,0,1,-1
US,38,1,Seo,2,0,0,2
US,35,0,Seo,7,0,0,-1
US,32,1,Ads,14,0,1,-1
UK,23,1,Seo,2,0,2,2
UK,32,1,Seo,12,1,1,-1
US,24,1,Direct,5,0,2,1
US,32,1,Ads,10,0,1,-1
UK,20,1,Seo,2,0,2,2
US,27,1,Ads,2,0,2,2
US,24,1,Ads,6,0,2,3
US,23,1,Seo,5,0,2,1
China,24,1,Direct,2,0,2,2
US,20,1,Seo,4,0,2,4
China,23,1,Ads,2,0,2,2
UK,26,1,Ads,5,0,2,1
UK,39,1,Seo,5,0,0,-1
UK,29,0,Ads,2,0,2,2
UK,23,0,Seo,5,0,2,1
US,22,1,Ads,2,0,2,2
China,22,1,Direct,9,0,1,-1
US,36,1,Seo,3,0,0,6
US,24,0,Seo,2,0,2,2
US,24,0,Seo,4,0,2,4
US,32,0,Ads,8,0,1,-1
US,27,1,Seo,3,0,2,6
US,41,0,Seo,3,0,0,-1
US,20,1,Ads,6,0,2,-1
US,28,1,Seo,2,0,2,2
US,31,0,Seo,5,0,2,1
US,20,1,Seo,12,1,1,-1
US,28,1,Seo,5,0,2,1
China,25,0,Seo,3,0,2,6
US,28,1,Ads,5,0,2,1
US,32,1,Ads,2,0,2,2
China,36,1,Direct,4,0,0,4
US,48,1,Seo,7,0,0,-1
US,25,0,Direct,2,0,2,2
US,38,1,Seo,4,0,0,4
US,31,1,Ads,2,0,2,2
UK,36,0,Seo,5,0,0,1
China,36,0,Ads,3,0,0,6
UK,40,1,Seo,2,0,0,2
China,21,0,Direct,3,0,2,6
US,28,1,Seo,5,0,2,1
China,25,1,Seo,6,0,2,3
US,18,0,Ads,5,0,2,-1
US,23,0,Ads,4,0,2,4
UK,27,0,Seo,8,0,1,-1
US,34,1,Ads,6,0,0,3
China,21,1,Seo,2,0,2,2
China,28,1,Seo,3,0,2,6
UK,27,0,Seo,3,0,2,6
Germany,35,1,Direct,4,0,0,4
US,42,1,Ads,2,0,0,2
UK,40,1,Seo,4,0,0,4
UK,17,1,Direct,1,0,2,-1
US,26,0,Ads,5,0,2,1
China,41,1,Ads,4,0,0,-1
US,19,1,Seo,2,0,2,2
US,21,0,Ads,8,0,1,-1
US,37,1,Seo,7,0,0,-1
UK,41,0,Ads,4,0,0,-1
US,27,1,Ads,6,0,2,3
US,22,1,Seo,1,0,2,5
UK,20,1,Seo,2,0,2,2
UK,28,1,Direct,2,0,2,2
US,38,1,Seo,5,0,0,1
UK,25,0,Seo,4,0,2,4
US,40,1,Seo,1,0,0,5
China,28,1,Ads,3,0,2,6
China,21,1,Seo,2,0,2,2
US,40,1,Seo,1,0,0,5
US,46,0,Seo,3,0,0,-1
US,43,1,Seo,4,0,0,-1
US,34,0,Seo,2,0,0,2
US,38,1,Direct,2,0,0,2
US,38,1,Seo,3,0,0,6
US,34,0,Seo,1,0,0,5
US,39,1,Seo,6,0,0,-1
UK,19,0,Direct,4,0,2,4
US,32,0,Seo,1,0,2,5
China,17,0,Seo,9,0,1,-1
China,35,0,Seo,4,0,0,4
UK,26,1,Seo,5,0,2,1
US,27,1,Ads,3,0,2,6
US,30,1,Direct,3,0,2,6
Germany,33,0,Ads,5,0,0,1
China,28,0,Seo,7,0,1,0
Germany,25,0,Seo,8,0,1,-1
Germany,27,1,Ads,1,0,2,5
Germany,20,1,Seo,2,0,2,2
US,23,0,Ads,3,0,2,6
US,20,1,Direct,2,0,2,2
US,23,0,Seo,1,0,2,5
UK,52,0,Seo,8,0,0,-1
US,44,0,Seo,3,0,0,-1
UK,23,0,Ads,7,0,2,-1
China,35,0,Seo,3,0,0,6
US,23,1,Seo,5,0,2,1
US,31,1,Ads,4,0,2,4
US,25,1,Ads,7,0,1,0
US,18,0,Ads,2,0,2,2
US,36,1,Ads,3,0,0,6
US,35,1,Direct,2,0,0,2
US,45,1,Seo,2,0,0,-1
US,17,1,Seo,8,0,1,-1
US,31,0,Seo,6,0,2,3
China,17,1,Seo,9,0,1,-1
US,32,1,Ads,5,0,0,1
US,32,1,Direct,9,0,1,-1
China,32,1,Seo,6,0,0,3
UK,27,0,Ads,3,0,2,6
US,26,0,Seo,1,0,2,5
US,44,1,Ads,5,0,0,-1
US,34,1,Ads,1,0,0,5
UK,25,1,Ads,14,1,1,-1
US,18,0,Ads,2,0,2,2
US,24,1,Ads,3,0,2,6
China,49,1,Direct,4,0,0,-1
China,35,1,Direct,8,0,1,-1
Germany,46,1,Seo,8,1,0,-1
US,31,1,Seo,2,0,2,2
China,26,0,Seo,8,0,1,-1
China,20,1,Ads,5,0,2,1
China,39,1,Seo,4,0,0,4
China,35,1,Seo,6,0,0,3
US,22,1,Ads,2,0,2,2
China,31,1,Seo,1,0,2,5
China,32,1,Seo,11,0,1,-1
US,28,1,Ads,1,0,2,5
US,47,1,Direct,9,0,0,-1
China,27,0,Direct,7,0,1,0
US,24,1,Direct,10,0,1,-1
Germany,29,1,Seo,8,0,1,-1
Germany,17,1,Ads,3,0,2,-1
US,26,0,Seo,5,0,2,1
China,21,1,Seo,5,0,2,1
Germany,23,1,Seo,8,0,1,-1
China,42,1,Direct,7,0,0,-1
China,37,1,Ads,8,0,1,-1
US,22,0,Seo,3,0,2,6
China,32,1,Seo,1,0,2,5
US,38,1,Seo,3,0,0,6
US,47,0,Ads,5,0,0,-1
China,31,1,Seo,7,0,1,0
Germany,35,1,Ads,5,0,0,1
China,34,1,Direct,5,0,0,1
US,50,1,Ads,2,0,0,-1
China,24,1,Ads,5,0,2,1
China,33,1,Seo,3,0,0,6
US,25,0,Ads,1,0,2,5
US,31,1,Direct,3,0,2,6
US,24,1,Direct,7,0,1,-1
US,39,0,Seo,2,0,0,2
US,26,1,Seo,4,0,2,4
US,33,1,Seo,4,0,0,4
UK,35,1,Seo,3,0,0,6
US,39,0,Seo,6,0,0,-1
US,24,1,Seo,11,0,1,-1
China,33,1,Direct,3,0,0,6
US,24,1,Seo,7,0,1,-1
US,34,0,Direct,8,0,1,-1
UK,48,1,Seo,1,0,0,-1
US,30,1,Seo,8,0,1,-1
China,22,1,Ads,1,0,2,5
US,20,1,Ads,1,0,2,5
US,43,1,Seo,6,0,0,-1
Germany,33,1,Direct,5,0,0,1
US,24,1,Seo,4,0,2,4
US,36,1,Seo,4,0,0,4
US,27,1,Seo,4,0,2,4
US,21,0,Direct,5,0,2,1
UK,27,1,Ads,4,0,2,4
UK,44,1,Seo,19,1,1,-1
China,20,1,Ads,5,0,2,1
US,36,1,Seo,5,0,0,1
China,31,1,Ads,2,0,2,2
US,53,0,Ads,1,0,0,-1
China,27,1,Seo,4,0,2,4
UK,22,0,Seo,4,0,2,4
US,34,1,Seo,5,0,0,1
US,37,0,Seo,2,0,0,2
China,39,1,Ads,2,0,0,2
China,21,0,Direct,10,0,1,-1
US,29,1,Seo,7,0,1,0
US,39,1,Ads,14,0,1,-1
US,32,1,Direct,4,0,0,4
US,37,0,Ads,3,0,0,6
US,32,1,Ads,14,0,1,-1
UK,29,1,Ads,12,0,1,-1
China,18,0,Seo,2,0,2,2
UK,29,0,Seo,3,0,2,6
China,28,1,Direct,3,0,2,6
China,24,1,Direct,4,0,2,4
US,28,1,Ads,3,0,2,6
China,18,0,Seo,2,0,2,2
China,34,1,Ads,4,0,0,4
China,34,1,Seo,12,0,1,-1
UK,36,1,Direct,23,1,1,-1
UK,56,1,Seo,7,0,0,-1
US,26,1,Ads,1,0,2,5
US,24,1,Seo,2,0,2,2
Germany,40,0,Ads,7,0,0,-1
US,36,1,Direct,13,0,1,-1
China,29,1,Ads,6,0,2,3
US,24,0,Seo,6,0,2,3
US,39,1,Direct,5,0,0,-1
US,48,0,Ads,4,0,0,-1
UK,24,1,Seo,4,0,2,4
US,41,1,Seo,4,0,0,-1
US,22,1,Ads,3,0,2,6
China,27,1,Seo,8,0,1,-1
US,30,1,Ads,3,0,2,6
UK,18,0,Ads,6,0,2,-1
Germany,28,0,Seo,1,0,2,5
US,36,0,Seo,1,0,0,5
US,27,1,Seo,2,0,2,2
US,20,1,Seo,6,0,2,-1
US,20,1,Ads,3,0,2,6
Germany,21,1,Ads,6,0,2,-1
US,50,1,Seo,2,0,0,-1
China,36,0,Seo,2,0,0,2
US,21,1,Seo,9,0,1,-1
US,29,1,Seo,6,0,2,3
US,43,1,Seo,1,0,0,-1
US,25,1,Seo,7,0,1,0
US,25,1,Seo,1,0,2,5
Germany,34,0,Ads,16,1,1,-1
US,37,0,Ads,2,0,0,2
US,62,0,Direct,4,0,0,-1
China,36,1,Seo,4,0,0,4
US,35,1,Direct,3,0,0,6
US,43,1,Seo,4,0,0,-1
US,20,1,Seo,8,0,1,-1
China,31,1,Direct,2,0,2,2
US,33,1,Direct,9,0,1,-1
US,23,0,Ads,3,0,2,6
UK,24,1,Ads,1,0,2,5
US,41,1,Seo,3,0,0,-1
China,33,1,Ads,7,0,1,0
China,24,1,Direct,3,0,2,6
China,27,1,Seo,4,0,2,4
US,38,0,Seo,1,0,0,5
US,25,1,Seo,5,0,2,1
US,22,1,Ads,4,0,2,4
China,38,0,Ads,11,0,1,-1
UK,27,1,Direct,5,0,2,1
China,45,1,Seo,1,0,0,-1
US,39,1,Direct,7,0,0,-1
China,28,0,Seo,4,0,2,4
UK,25,0,Ads,14,1,1,-1
US,19,1,Ads,3,0,2,6
UK,34,0,Ads,5,0,0,1
US,26,1,Seo,4,0,2,4
US,43,1,Seo,1,0,0,-1
US,25,1,Seo,6,0,2,3
US,39,0,Seo,5,0,0,-1
US,39,0,Direct,7,0,0,-1
US,18,0,Seo,4,0,2,4
UK,20,0,Seo,1,0,2,5
UK,39,1,Seo,3,0,0,6
US,33,1,Ads,3,0,0,6
US,37,1,Seo,10,0,1,-1
US,40,0,Seo,2,0,0,2
UK,46,1,Direct,10,0,0,-1
Germany,30,0,Seo,3,0,2,6
UK,32,1,Seo,6,0,0,3
US,34,1,Seo,2,0,0,2
China,56,0,Ads,2,0,0,-1
China,41,0,Seo,3,0,0,-1
US,28,1,Seo,5,0,2,1
China,46,0,Seo,4,0,0,-1
Germany,48,1,Seo,4,0,0,-1
US,41,0,Seo,4,0,0,-1
UK,44,1,Seo,4,0,0,-1
Germany,39,1,Seo,4,0,0,4
China,30,1,Seo,4,0,2,4
US,30,0,Ads,5,0,2,1
China,32,0,Ads,1,0,2,5
US,37,1,Seo,1,0,0,5
China,33,1,Direct,4,0,0,4
US,29,1,Seo,5,0,2,1
UK,19,1,Ads,8,0,1,-1
China,29,0,Ads,2,0,2,2
US,19,1,Ads,6,0,2,-1
US,26,1,Direct,3,0,2,6
US,24,1,Direct,2,0,2,2
China,30,1,Seo,2,0,2,2
US,36,1,Ads,3,0,0,6
US,32,1,Seo,5,0,0,1
US,30,1,Seo,4,0,2,4
US,34,1,Seo,2,0,0,2
US,44,1,Direct,8,0,0,-1
China,18,1,Seo,3,0,2,6
US,23,1,Direct,5,0,2,1
China,33,1,Seo,5,0,0,1
US,34,1,Direct,3,0,0,6
US,31,0,Ads,4,0,2,4
China,28,1,Ads,3,0,2,6
US,32,1,Ads,3,0,2,6
US,26,1,Seo,3,0,2,6
US,26,1,Seo,3,0,2,6
China,41,0,Seo,1,0,0,-1
US,39,1,Ads,3,0,0,6
UK,21,1,Direct,1,0,2,5
US,35,1,Direct,1,0,0,5
US,23,0,Direct,3,0,2,6
US,28,1,Seo,10,0,1,-1
China,21,0,Ads,17,1,1,-1
US,33,1,Ads,2,0,0,2
US,28,1,Seo,3,0,2,6
China,17,1,Direct,5,0,2,-1
US,30,1,Seo,7,0,1,0
UK,38,0,Seo,1,0,0,5
US,34,1,Direct,5,0,0,1
US,33,0,Direct,2,0,0,2
China,20,1,Direct,5,0,2,1
China,39,0,Ads,10,0,1,-1
US,30,0,Ads,3,0,2,6
US,23,1,Direct,1,0,2,5
UK,44,0,Direct,1,0,0,-1
US,24,1,Seo,1,0,2,5
US,30,0,Ads,1,0,2,5
US,32,1,Seo,6,0,0,3
UK,29,1,Ads,6,0,2,3
China,25,1,Seo,4,0,2,4
US,39,1,Seo,6,0,0,-1
UK,25,0,Ads,7,0,1,0
US,35,1,Ads,3,0,0,6
China,20,1,Ads,3,0,2,6
China,22,0,Seo,12,0,1,-1
US,32,1,Seo,5,0,0,1
UK,18,1,Ads,8,0,1,-1
UK,36,0,Direct,13,1,1,-1
China,25,0,Direct,8,0,1,-1
US,27,0,Ads,3,0,2,6
US,38,1,Seo,8,0,0,-1
US,24,1,Seo,6,0,2,3
Germany,19,1,Seo,1,0,2,5
China,35,1,Seo,7,0,0,-1
Germany,35,0,Seo,1,0,0,5
China,38,1,Direct,1,0,0,5
US,42,1,Ads,2,0,0,2
US,22,1,Direct,1,0,2,5
UK,21,1,Direct,1,0,2,5
US,31,1,Seo,3,0,2,6
UK,37,1,Seo,1,0,0,5
US,28,0,Seo,6,0,2,3
US,41,1,Direct,4,0,0,-1
US,17,1,Seo,7,0,2,-1
UK,28,1,Seo,5,0,2,1
Germany,34,1,Seo,2,0,0,2
China,21,0,Ads,1,0,2,5
US,31,1,Seo,1,0,2,5
China,45,1,Direct,1,0,0,-1
US,42,0,Ads,7,0,0,-1
US,34,0,Ads,7,0,0,-1
US,25,1,Seo,7,0,1,0
US,35,1,Ads,6,0,0,3
China,29,1,Direct,8,0,1,-1
US,22,1,Seo,2,0,2,2
US,27,1,Seo,1,0,2,5
US,18,1,Seo,4,0,2,4
US,24,1,Seo,9,0,1,-1
UK,30,1,Direct,4,0,2,4
US,36,1,Direct,3,0,0,6
US,25,1,Seo,5,0,2,1
China,36,0,Ads,3,0,0,6
UK,33,0,Seo,3,0,0,6
UK,32,0,Ads,11,1,1,-1
US,34,0,Ads,5,0,0,1
China,39,1,Ads,3,0,0,6
China,34,1,Ads,2,0,0,2
China,53,1,Ads,5,0,0,-1
US,34,0,Ads,1,0,0,5
US,24,0,Ads,6,0,2,3
China,25,1,Seo,5,0,2,1
US,31,1,Ads,8,0,1,-1
UK,35,1,Direct,4,0,0,4
US,31,1,Ads,4,0,2,4
US,33,1,Direct,4,0,0,4
China,27,1,Direct,7,0,1,0
China,28,0,Ads,6,0,2,3
US,27,1,Seo,4,0,2,4
Germany,31,1,Seo,5,0,2,1
China,25,1,Ads,5,0,2,1
US,30,1,Direct,4,0,2,4
US,20,1,Ads,3,0,2,6
Germany,58,0,Seo,9,0,0,-1
China,37,1,Seo,2,0,0,2
US,35,1,Seo,2,0,0,2
UK,38,1,Direct,1,0,0,5
US,32,1,Seo,5,0,0,1
China,30,1,Seo,5,0,2,1
US,47,0,Seo,6,0,0,-1
China,33,0,Seo,5,0,0,1
China,35,0,Seo,5,0,0,1
China,20,1,Seo,2,0,2,2
UK,23,1,Seo,5,0,2,1
US,34,1,Seo,9,0,1,-1
US,20,0,Ads,5,0,2,1
US,35,1,Seo,5,0,0,1
China,17,1,Ads,6,0,2,-1
China,30,1,Seo,13,0,1,-1
US,28,1,Direct,4,0,2,4
US,32,1,Ads,1,0,2,5
US,29,1,Seo,5,0,2,1
US,38,1,Ads,4,0,0,4
US,44,1,Direct,7,0,0,-1
US,27,1,Seo,9,0,1,-1
US,26,1,Seo,2,0,2,2
China,32,0,Seo,1,0,2,5
US,32,1,Seo,6,0,0,3
US,46,1,Ads,1,0,0,-1
US,40,0,Seo,1,0,0,5
US,39,0,Seo,8,0,0,-1
China,30,1,Seo,13,0,1,-1
China,23,0,Ads,2,0,2,2
China,33,1,Direct,5,0,0,1
US,52,1,Direct,4,0,0,-1
China,33,1,Ads,2,0,0,2
US,31,1,Direct,4,0,2,4
US,26,0,Direct,11,1,1,-1
UK,20,1,Seo,3,0,2,6
US,23,0,Seo,5,0,2,1
China,20,1,Seo,6,0,2,-1
US,48,0,Direct,3,0,0,-1
US,32,1,Seo,10,0,1,-1
UK,19,1,Direct,7,0,2,-1
US,31,1,Seo,2,0,2,2
US,32,0,Seo,8,0,1,-1
US,29,1,Seo,5,0,2,1
China,29,1,Ads,3,0,2,6
US,40,1,Seo,4,0,0,4
US,46,1,Ads,3,0,0,-1
UK,24,1,Seo,4,0,2,4
US,23,1,Seo,11,0,1,-1
Germany,21,1,Ads,10,0,1,-1
China,18,1,Direct,4,0,2,4
US,40,0,Seo,5,0,0,-1
US,36,1,Seo,5,0,0,1
US,27,0,Seo,4,0,2,4
US,33,1,Ads,6,0,0,3
China,36,1,Seo,7,0,0,-1
UK,34,0,Direct,3,0,0,6
China,26,1,Seo,9,0,1,-1
US,19,0,Direct,4,0,2,4
US,47,1,Seo,1,0,0,-1
US,32,0,Direct,3,0,2,6
UK,36,1,Seo,2,0,0,2
UK,36,0,Seo,6,0,0,3
UK,29,1,Ads,6,0,2,3
China,40,1,Seo,1,0,0,5
US,23,0,Seo,5,0,2,1
US,20,1,Seo,4,0,2,4
UK,27,1,Seo,7,0,1,0
US,26,1,Seo,6,0,2,3
US,18,1,Seo,3,0,2,6
US,29,1,Ads,2,0,2,2
US,25,0,Seo,9,1,1,-1
US,27,1,Seo,1,0,2,5
US,21,1,Ads,3,0,2,6
US,36,1,Seo,4,0,0,4
US,38,1,Seo,8,0,0,-1
China,27,0,Seo,3,0,2,6
China,29,0,Seo,3,0,2,6
US,19,0,Seo,9,0,1,-1
UK,46,0,Ads,4,0,0,-1
US,47,1,Seo,7,0,0,-1
China,20,1,Seo,9,0,1,-1
US,29,1,Seo,9,0,1,-1
US,35,1,Seo,5,0,0,1
US,39,0,Ads,5,0,0,-1
China,17,1,Seo,11,0,1,-1
US,33,0,Ads,16,1,1,-1
US,27,1,Direct,3,0,2,6
Germany,23,1,Seo,1,0,2,5
China,28,1,Seo,5,0,2,1
US,34,1,Ads,2,0,0,2
China,49,1,Seo,6,0,0,-1
US,26,1,Seo,3,0,2,6
UK,35,1,Direct,5,0,0,1
UK,21,1,Seo,2,0,2,2
China,38,1,Direct,8,0,0,-1
US,40,1,Seo,5,0,0,-1
Germany,40,1,Seo,7,0,0,-1
US,21,0,Direct,3,0,2,6
US,40,0,Seo,1,0,0,5
China,34,1,Ads,3,0,0,6
US,27,1,Ads,6,0,2,3
US,32,1,Seo,4,0,0,4
US,31,1,Seo,3,0,2,6
US,39,1,Seo,1,0,0,5
US,38,1,Seo,1,0,0,5
US,22,0,Seo,7,0,2,-1
UK,34,0,Ads,5,0,0,1
Germany,35,1,Direct,12,0,1,-1
US,52,1,Seo,2,0,0,-1
UK,22,1,Direct,6,0,2,3
US,35,1,Seo,6,0,0,3
UK,22,0,Ads,7,0,2,-1
US,37,0,Seo,4,0,0,4
US,27,0,Seo,6,0,2,3
US,25,0,Direct,2,0,2,2
UK,23,0,Seo,3,0,2,6
China,35,1,Direct,2,0,0,2
China,43,1,Direct,4,0,0,-1
US,37,1,Seo,8,0,1,-1
China,23,1,Ads,6,0,2,3
China,46,1,Direct,6,0,0,-1
US,22,1,Direct,1,0,2,5
US,18,1,Ads,8,0,1,-1
US,26,1,Seo,2,0,2,2
China,36,1,Seo,5,0,0,1
UK,32,1,Seo,4,0,0,4
Germany,28,1,Seo,5,0,2,1
UK,23,0,Direct,2,0,2,2
UK,21,1,Direct,10,0,1,-1
UK,23,1,Seo,9,0,1,-1
China,39,1,Ads,4,0,0,4
US,25,0,Direct,11,0,1,-1
US,26,0,Direct,4,0,2,4
US,28,1,Direct,2,0,2,2
China,44,1,Seo,4,0,0,-1
UK,29,1,Direct,12,0,1,-1
US,19,0,Ads,2,0,2,2
China,29,1,Ads,7,0,1,0
US,37,1,Ads,11,0,1,-1
US,39,1,Seo,4,0,0,4
US,22,1,Seo,3,0,2,6
US,23,1,Seo,3,0,2,6
US,45,0,Ads,12,1,1,-1
US,29,1,Seo,3,0,2,6
Germany,35,1,Ads,16,1,1,-1
US,41,1,Ads,9,0,0,-1
Germany,21,0,Seo,5,0,2,1
Germany,49,1,Ads,5,0,0,-1
US,32,1,Direct,3,0,2,6
China,46,0,Seo,5,0,0,-1
UK,38,1,Direct,5,0,0,1
US,20,0,Ads,6,0,2,-1
China,29,1,Seo,2,0,2,2
UK,26,0,Seo,1,0,2,5
China,30,0,Direct,3,0,2,6
UK,28,1,Seo,5,0,2,1
US,53,1,Seo,3,0,0,-1
US,22,0,Seo,7,0,2,-1
Germany,36,0,Seo,6,0,0,3
US,39,0,Direct,6,0,0,-1
US,19,1,Direct,4,0,2,4
US,18,1,Seo,8,0,1,-1
US,31,1,Ads,3,0,2,6
China,25,1,Seo,4,0,2,4
US,31,0,Direct,7,0,1,0
US,23,1,Seo,1,0,2,5
US,34,1,Seo,7,0,0,-1
US,50,1,Direct,2,0,0,-1
US,37,1,Ads,5,0,0,1
US,40,0,Seo,3,0,0,-1
UK,32,1,Direct,6,0,0,3
US,18,0,Ads,4,0,2,4
UK,23,1,Seo,1,0,2,5
US,21,1,Seo,3,0,2,6
US,45,0,Ads,2,0,0,-1
Germany,26,1,Seo,1,0,2,5
US,34,0,Seo,7,0,0,-1
US,26,1,Direct,7,0,1,0
US,32,0,Ads,5,0,0,1
US,26,0,Seo,2,0,2,2
UK,21,1,Direct,5,0,2,1
US,33,1,Ads,7,0,1,0
China,33,0,Seo,10,0,1,-1
China,45,1,Ads,3,0,0,-1
China,27,0,Direct,5,0,2,1
China,39,1,Ads,2,0,0,2
US,24,0,Direct,6,0,2,3
China,24,1,Seo,1,0,2,5
US,28,1,Ads,8,0,1,-1
UK,35,1,Ads,2,0,0,2
UK,33,1,Direct,7,0,1,0
China,18,1,Seo,3,0,2,6
UK,41,1,Ads,7,0,0,-1
China,44,1,Seo,7,0,0,-1
UK,30,1,Seo,7,0,1,0
US,31,1,Ads,8,0,1,-1
US,22,1,Ads,7,0,2,-1
US,42,1,Ads,1,0,0,-1
US,22,1,Ads,1,0,2,5
UK,32,1,Seo,15,0,1,-1
US,33,1,Seo,4,0,0,4
China,40,1,Seo,7,0,0,-1
UK,30,1,Ads,8,0,1,-1
China,28,0,Direct,8,0,1,-1
China,33,1,Ads,2,0,0,2
US,25,1,Ads,7,0,1,0
China,36,1,Seo,6,0,0,3
US,37,1,Seo,3,0,0,6
UK,40,0,Ads,3,0,0,-1
US,31,1,Ads,1,0,2,5
China,34,1,Ads,7,0,0,-1
US,35,1,Seo,4,0,0,4
Germany,27,1,Ads,3,0,2,6
China,33,0,Ads,3,0,0,6
US,30,1,Seo,7,0,1,0
UK,24,1,Direct,2,0,2,2
US,36,1,Seo,8,0,1,-1
US,32,0,Ads,16,1,1,-1
China,26,1,Direct,4,0,2,4
UK,43,0,Ads,9,0,0,-1
China,19,1,Direct,1,0,2,5
China,17,1,Direct,8,0,1,-1
US,31,1,Ads,2,0,2,2
US,24,0,Ads,2,0,2,2
Germany,41,1,Ads,1,0,0,-1
US,21,0,Seo,8,0,1,-1
US,32,1,Seo,4,0,0,4
US,25,1,Seo,1,0,2,5
US,27,0,Seo,4,0,2,4
Germany,23,0,Seo,2,0,2,2
China,35,1,Ads,1,0,0,5
US,34,1,Direct,9,0,1,-1
US,26,1,Direct,1,0,2,5
China,30,0,Direct,6,0,2,3
US,42,1,Direct,4,0,0,-1
UK,23,1,Direct,5,0,2,1
US,17,1,Seo,3,0,2,-1
US,24,0,Seo,4,0,2,4
UK,24,1,Seo,2,0,2,2
US,48,1,Direct,1,0,0,-1
China,29,1,Seo,5,0,2,1
US,39,0,Seo,12,1,1,-1
China,23,0,Ads,6,0,2,3
China,27,1,Direct,6,0,2,3
UK,24,1,Seo,2,0,2,2
China,31,1,Seo,1,0,2,5
US,30,0,Direct,7,0,1,0
US,31,1,Seo,5,0,2,1
US,21,1,Ads,3,0,2,6
US,35,1,Direct,2,0,0,2
China,51,0,Ads,6,0,0,-1
US,35,1,Seo,3,0,0,6
US,37,1,Ads,1,0,0,5
China,27,0,Direct,1,0,2,5
US,30,1,Seo,6,0,2,3
US,35,1,Seo,5,0,0,1
Germany,36,1,Seo,1,0,0,5
US,22,0,Ads,4,0,2,4
China,29,1,Seo,1,0,2,5
China,36,0,Direct,9,0,1,-1
UK,51,1,Direct,5,0,0,-1
US,30,1,Ads,2,0,2,2
UK,28,1,Direct,9,0,1,-1
UK,34,1,Seo,6,0,0,3
UK,19,0,Seo,1,0,2,5
US,36,0,Ads,8,0,1,-1
China,26,0,Seo,7,0,1,0
US,33,1,Ads,3,0,0,6
US,34,1,Direct,10,0,1,-1
US,33,0,Direct,2,0,0,2
UK,28,1,Ads,2,0,2,2
US,21,0,Seo,4,0,2,4
China,21,1,Direct,1,0,2,5
China,32,1,Ads,1,0,2,5
US,29,0,Seo,5,0,2,1
China,40,0,Seo,2,0,0,2
China,49,0,Ads,2,0,0,-1
UK,23,1,Seo,5,0,2,1
UK,35,1,Seo,4,0,0,4
US,26,0,Ads,3,0,2,6
US,32,1,Seo,2,0,2,2
US,36,1,Ads,1,0,0,5
China,28,1,Seo,2,0,2,2
US,31,1,Seo,2,0,2,2
China,52,1,Seo,7,0,0,-1
UK,38,1,Direct,4,0,0,4
US,26,1,Seo,1,0,2,5
China,40,0,Ads,1,0,0,5
US,26,1,Direct,1,0,2,5
US,26,1,Seo,2,0,2,2
UK,48,0,Ads,1,0,0,-1
China,26,1,Seo,3,0,2,6
US,46,0,Ads,4,0,0,-1
China,23,0,Seo,8,0,1,-1
US,44,1,Seo,7,0,0,-1
US,26,0,Ads,2,0,2,2
China,21,0,Seo,10,0,1,-1
UK,27,0,Ads,1,0,2,5
US,30,1,Seo,2,0,2,2
US,18,0,Seo,7,0,2,-1
US,24,1,Seo,3,0,2,6
UK,36,1,Direct,2,0,0,2
UK,35,1,Seo,5,0,0,1
US,40,0,Seo,4,0,0,4
US,32,1,Seo,1,0,2,5
US,43,1,Ads,5,0,0,-1
China,48,0,Ads,9,0,0,-1
China,21,1,Direct,7,0,2,-1
US,22,1,Seo,4,0,2,4
Germany,26,1,Seo,3,0,2,6
US,38,1,Seo,4,0,0,4
US,47,1,Ads,2,0,0,-1
US,32,1,Ads,6,0,0,3
UK,45,0,Ads,1,0,0,-1
China,25,1,Seo,2,0,2,2
UK,23,0,Direct,3,0,2,6
China,36,0,Ads,1,0,0,5
UK,24,1,Seo,1,0,2,5
US,19,1,Seo,4,0,2,4
China,34,1,Seo,3,0,0,6
UK,19,1,Seo,9,0,1,-1
US,39,1,Seo,5,0,0,-1
China,48,0,Direct,2,0,0,-1
US,26,1,Ads,5,0,2,1
UK,23,0,Ads,6,0,2,3
US,26,0,Direct,3,0,2,6
UK,32,1,Ads,1,0,2,5
Germany,32,1,Direct,6,0,0,3
US,33,0,Seo,7,0,1,0
UK,21,0,Ads,2,0,2,2
US,35,1,Seo,21,1,1,-1
UK,28,1,Direct,3,0,2,6
US,31,0,Ads,12,0,1,-1
US,33,1,Direct,3,0,0,6
China,43,1,Direct,1,0,0,-1
UK,32,1,Seo,4,0,0,4
UK,28,1,Direct,6,0,2,3
China,28,1,Ads,2,0,2,2
UK,24,0,Seo,2,0,2,2
US,39,1,Seo,7,0,0,-1
US,37,1,Seo,3,0,0,6
China,36,1,Seo,3,0,0,6
US,29,0,Seo,2,0,2,2
US,18,1,Ads,3,0,2,6
US,40,1,Ads,1,0,0,5
US,26,1,Seo,2,0,2,2
UK,25,1,Seo,4,0,2,4
UK,22,1,Seo,4,0,2,4
US,32,0,Seo,4,0,0,4
US,22,1,Direct,2,0,2,2
US,43,0,Ads,7,0,0,-1
US,29,0,Direct,5,0,2,1
China,30,0,Seo,4,0,2,4
US,29,1,Ads,2,0,2,2
US,23,0,Ads,7,0,2,-1
US,31,1,Direct,3,0,2,6
US,31,1,Direct,5,0,2,1
China,36,1,Ads,2,0,0,2
US,30,1,Seo,7,0,1,0
US,29,1,Seo,6,0,2,3
US,23,1,Direct,1,0,2,5
US,36,1,Direct,2,0,0,2
Germany,40,1,Ads,1,0,0,5
China,49,1,Ads,7,0,0,-1
US,35,1,Seo,5,0,0,1
US,39,1,Direct,9,0,1,-1
China,39,1,Direct,3,0,0,6
China,29,1,Seo,8,0,1,-1
China,18,1,Seo,9,0,1,-1
US,20,0,Ads,24,1,1,-1
Germany,23,1,Direct,5,0,2,1
China,30,1,Ads,4,0,2,4
US,22,0,Seo,2,0,2,2
US,21,0,Direct,10,0,1,-1
China,38,0,Ads,2,0,0,2
US,46,0,Seo,6,0,0,-1
US,39,1,Ads,3,0,0,6
US,23,1,Seo,8,0,1,-1
US,27,0,Direct,8,0,1,-1
US,31,1,Ads,4,0,2,4
China,45,1,Ads,6,0,0,-1
UK,36,1,Direct,5,0,0,1
US,32,1,Direct,8,0,1,-1
UK,34,1,Ads,7,0,0,-1
US,26,1,Ads,2,0,2,2
China,34,1,Seo,1,0,0,5
US,39,1,Ads,1,0,0,5
US,35,0,Seo,4,0,0,4
UK,22,1,Direct,20,1,1,-1
US,39,1,Ads,2,0,0,2
UK,28,0,Ads,2,0,2,2
Germany,29,0,Ads,10,1,1,-1
UK,32,1,Direct,1,0,2,5
UK,33,0,Direct,3,0,0,6
UK,34,0,Seo,1,0,0,5
US,22,1,Direct,1,0,2,5
China,37,1,Direct,1,0,0,5
China,23,1,Seo,2,0,2,2
China,46,1,Ads,3,0,0,-1
US,34,1,Direct,5,0,0,1
US,50,1,Seo,2,0,0,-1
China,32,1,Ads,13,0,1,-1
China,39,1,Seo,9,0,1,-1
US,34,0,Seo,1,0,0,5
UK,39,0,Seo,3,0,0,6
UK,36,1,Direct,2,0,0,2
China,29,1,Direct,4,0,2,4
US,35,1,Seo,2,0,0,2
China,29,0,Seo,5,0,2,1
China,21,0,Seo,3,0,2,6
US,22,0,Direct,1,0,2,5
China,26,1,Direct,8,0,1,-1
Germany,27,1,Seo,5,0,2,1
US,19,0,Direct,1,0,2,5
US,20,1,Seo,7,0,2,-1
US,31,1,Seo,5,0,2,1
US,21,0,Seo,3,0,2,6
US,38,1,Seo,3,0,0,6
UK,20,1,Ads,4,0,2,4
US,27,1,Seo,4,0,2,4
US,36,1,Ads,2,0,0,2
US,19,0,Seo,1,0,2,5
UK,34,1,Seo,4,0,0,4
China,33,1,Ads,5,0,0,1
US,24,0,Seo,5,0,2,1
US,19,1,Seo,3,0,2,6
China,34,1,Seo,4,0,0,4
China,40,0,Direct,1,0,0,5
Germany,39,0,Seo,1,0,0,5
US,30,1,Ads,2,0,2,2
UK,29,1,Seo,1,0,2,5
US,30,1,Seo,3,0,2,6
Germany,39,1,Seo,2,0,0,2
US,26,0,Seo,6,0,2,3
US,41,1,Seo,2,0,0,2
US,40,0,Ads,6,0,0,-1
US,47,1,Ads,2,0,0,-1
US,33,0,Ads,1,0,0,5
China,38,0,Ads,3,0,0,6
US,26,1,Seo,1,0,2,5
China,29,1,Seo,3,0,2,6
US,30,1,Ads,4,0,2,4
US,20,0,Direct,4,0,2,4
US,42,1,Seo,4,0,0,-1
China,17,1,Direct,2,0,2,2
US,28,1,Ads,3,0,2,6
US,26,1,Seo,8,1,1,-1
UK,31,1,Direct,2,0,2,2
US,23,1,Ads,2,0,2,2
US,40,1,Direct,5,0,0,-1
US,19,0,Direct,4,0,2,4
US,42,1,Ads,11,0,1,-1
UK,22,0,Ads,2,0,2,2
China,23,1,Ads,8,0,1,-1
US,29,1,Seo,8,0,1,-1
US,32,0,Seo,6,0,0,3
US,18,1,Seo,7,0,2,-1
China,28,0,Ads,4,0,2,4
US,29,1,Seo,3,0,2,6
US,31,0,Seo,3,0,2,6
UK,41,1,Seo,8,0,0,-1
China,28,1,Seo,5,0,2,1
China,27,0,Direct,5,0,2,1
China,33,1,Ads,4,0,0,4
China,29,1,Ads,6,0,2,3
US,48,1,Seo,6,0,0,-1
China,27,1,Seo,1,0,2,5
US,30,1,Seo,1,0,2,5
China,29,1,Seo,6,0,2,3
US,21,0,Seo,3,0,2,6
US,38,1,Seo,3,0,0,6
US,24,1,Seo,16,1,1,-1
US,23,0,Seo,14,1,1,-1
US,21,0,Direct,6,1,2,-1
US,29,1,Seo,3,0,2,6
UK,24,1,Ads,6,0,2,3
US,20,1,Direct,2,0,2,2
US,28,1,Seo,4,0,2,4
US,26,0,Seo,12,1,1,-1
Germany,21,0,Seo,5,0,2,1
US,17,1,Ads,6,0,2,-1
US,17,1,Direct,2,0,2,2
US,42,1,Direct,4,0,0,-1
UK,37,1,Direct,5,0,0,1
US,24,1,Seo,1,0,2,5
China,18,1,Ads,2,0,2,2
UK,34,1,Ads,2,0,0,2
US,25,1,Direct,6,1,2,3
US,29,1,Direct,2,0,2,2
US,21,1,Seo,2,0,2,2
US,32,1,Ads,7,0,1,0
China,35,0,Direct,1,0,0,5
US,29,1,Seo,3,0,2,6
US,27,1,Ads,2,0,2,2
US,40,1,Seo,7,0,0,-1
US,29,1,Seo,6,0,2,3
US,34,0,Seo,10,0,1,-1
US,46,1,Ads,4,0,0,-1
US,26,1,Direct,9,0,1,-1
US,35,1,Direct,4,0,0,4
US,27,1,Ads,10,0,1,-1
US,24,0,Direct,10,0,1,-1
China,21,1,Seo,1,0,2,5
US,46,0,Seo,2,0,0,-1
US,22,1,Direct,4,0,2,4
US,42,0,Ads,5,1,0,-1
US,23,1,Seo,9,0,1,-1
UK,28,0,Seo,9,0,1,-1
US,22,1,Seo,4,0,2,4
US,25,0,Ads,7,0,1,0
US,27,1,Seo,7,0,1,0
US,36,1,Seo,3,0,0,6
China,28,0,Direct,10,0,1,-1
Germany,21,1,Direct,6,0,2,-1
US,21,1,Direct,2,0,2,2
China,27,1,Seo,6,0,2,3
China,26,0,Ads,5,0,2,1
US,33,1,Ads,3,0,0,6
China,36,1,Seo,1,0,0,5
US,33,1,Seo,9,0,1,-1
UK,24,0,Ads,20,1,1,-1
China,24,1,Seo,3,0,2,6
China,26,1,Seo,7,0,1,0
US,33,1,Seo,4,0,0,4
US,47,1,Ads,9,0,0,-1
US,37,1,Direct,1,0,0,5
US,22,1,Direct,2,0,2,2
China,23,1,Ads,4,0,2,4
US,23,1,Seo,15,0,1,-1
US,41,1,Ads,4,0,0,-1
UK,30,0,Direct,5,0,2,1
China,23,1,Ads,1,0,2,5
US,31,0,Direct,1,0,2,5
China,20,0,Seo,2,0,2,2
US,26,0,Seo,4,0,2,4
US,43,1,Seo,5,0,0,-1
China,28,1,Direct,9,0,1,-1
US,25,0,Direct,2,0,2,2
UK,41,0,Seo,3,0,0,-1
US,26,0,Direct,4,0,2,4
US,30,0,Ads,3,0,2,6
UK,17,1,Ads,8,0,1,-1
China,33,1,Direct,1,0,0,5
US,23,0,Seo,5,0,2,1
US,38,1,Seo,2,0,0,2
US,23,0,Seo,2,0,2,2
US,24,0,Seo,17,1,1,-1
US,26,1,Seo,2,0,2,2
US,21,1,Ads,6,0,2,-1
US,23,1,Direct,1,0,2,5
UK,26,0,Ads,1,0,2,5
US,26,0,Direct,1,0,2,5
US,41,0,Seo,13,1,1,-1
US,28,0,Direct,1,0,2,5
Germany,20,1,Seo,3,0,2,6
US,38,1,Seo,2,0,0,2
US,33,1,Direct,5,0,0,1
China,28,0,Ads,4,0,2,4
US,21,0,Seo,4,0,2,4
China,40,0,Seo,8,0,0,-1
US,40,1,Ads,9,0,1,-1
US,32,0,Ads,7,0,1,0
US,23,0,Seo,4,0,2,4
US,44,0,Seo,2,0,0,-1
US,18,1,Ads,14,0,1,-1
US,42,1,Ads,4,0,0,-1
US,44,1,Ads,1,0,0,-1
US,27,1,Direct,6,0,2,3
UK,22,1,Seo,7,0,2,-1
US,35,1,Ads,8,0,1,-1
US,45,1,Seo,5,0,0,-1
China,19,0,Direct,2,0,2,2
US,33,1,Ads,5,0,0,1
US,46,1,Seo,1,0,0,-1
China,31,1,Seo,4,0,2,4
China,25,0,Direct,1,0,2,5
US,31,1,Seo,4,0,2,4
US,23,0,Ads,4,0,2,4
US,27,1,Seo,2,0,2,2
China,47,1,Seo,2,0,0,-1
US,42,1,Ads,6,0,0,-1
US,23,1,Ads,1,0,2,5
US,26,1,Ads,5,0,2,1
US,29,1,Seo,1,0,2,5
China,21,1,Direct,1,0,2,5
US,18,1,Ads,3,0,2,6
US,18,0,Ads,8,0,1,-1
US,29,1,Seo,2,0,2,2
UK,24,0,Ads,10,1,1,-1
UK,33,1,Ads,3,0,0,6
US,29,0,Ads,4,0,2,4
UK,19,1,Seo,7,0,2,-1
US,28,0,Ads,1,0,2,5
US,33,1,Ads,9,0,1,-1
US,25,1,Direct,11,0,1,-1
China,23,1,Seo,1,0,2,5
US,38,1,Seo,1,0,0,5
US,36,0,Ads,2,0,0,2
US,32,0,Seo,1,0,2,5
China,18,0,Seo,4,0,2,4
UK,30,0,Seo,5,0,2,1
US,27,1,Direct,1,0,2,5
US,30,1,Direct,1,0,2,5
China,25,1,Seo,5,0,2,1
China,25,1,Direct,2,0,2,2
China,27,1,Ads,2,0,2,2
Germany,28,0,Ads,15,1,1,-1
US,25,1,Seo,8,0,1,-1
China,36,1,Seo,2,0,0,2
US,21,1,Ads,4,0,2,4
China,39,1,Seo,3,0,0,6
US,27,0,Direct,6,0,2,3
US,35,1,Seo,2,0,0,2
US,23,1,Seo,6,0,2,3
China,38,1,Seo,2,0,0,2
US,39,1,Seo,5,0,0,-1
UK,23,1,Ads,12,0,1,-1
UK,39,1,Ads,1,0,0,5
US,29,0,Seo,3,0,2,6
China,19,1,Seo,3,0,2,6
China,34,1,Direct,4,0,0,4
US,29,1,Seo,5,0,2,1
US,24,1,Direct,14,1,1,-1
UK,41,1,Direct,5,0,0,-1
US,25,0,Ads,6,0,2,3
US,46,1,Seo,4,0,0,-1
China,36,1,Seo,2,0,0,2
US,17,0,Ads,2,0,2,2
Germany,30,1,Seo,3,0,2,6
UK,23,0,Ads,8,1,1,-1
US,26,1,Seo,6,0,2,3
US,26,1,Seo,2,0,2,2
US,28,0,Direct,10,0,1,-1
Germany,34,1,Ads,2,0,0,2
US,18,1,Seo,2,0,2,2
US,37,1,Seo,6,0,0,3
China,52,1,Ads,7,0,0,-1
US,38,1,Ads,5,0,0,1
Germany,52,1,Direct,4,0,0,-1
US,37,1,Seo,5,0,0,1
US,41,1,Seo,8,0,0,-1
US,31,1,Ads,5,0,2,1
UK,31,1,Ads,6,0,2,3
UK,49,1,Seo,5,0,0,-1
US,33,0,Seo,7,0,1,0
China,25,1,Seo,5,0,2,1
US,36,0,Ads,5,0,0,1
US,39,0,Direct,4,0,0,4
US,34,1,Seo,1,0,0,5
US,40,0,Ads,6,0,0,-1
US,47,1,Ads,8,0,0,-1
UK,33,1,Seo,9,0,1,-1
UK,31,1,Direct,3,0,2,6
China,26,1,Seo,6,0,2,3
US,24,1,Direct,4,0,2,4
Germany,33,1,Direct,4,0,0,4
UK,42,1,Direct,8,0,0,-1
China,24,1,Seo,9,0,1,-1
UK,27,0,Direct,6,0,2,3
US,39,1,Ads,9,0,1,-1
UK,28,1,Direct,2,0,2,2
US,40,1,Seo,7,0,0,-1
Germany,32,1,Seo,1,0,2,5
US,23,1,Ads,8,0,1,-1
US,38,1,Seo,2,0,0,2
UK,37,1,Ads,4,0,0,4
US,26,1,Seo,3,0,2,6
US,24,1,Direct,3,0,2,6
UK,40,1,Ads,7,0,0,-1
US,31,1,Ads,6,0,2,3
China,47,0,Direct,5,0,0,-1
US,31,1,Ads,4,0,2,4
US,27,0,Ads,2,0,2,2
US,31,1,Seo,14,0,1,-1
US,32,1,Direct,4,0,0,4
US,23,0,Ads,7,0,2,-1
China,18,1,Seo,2,0,2,2
UK,33,1,Ads,1,0,0,5
UK,44,1,Direct,3,0,0,-1
US,20,1,Seo,10,0,1,-1
US,20,0,Seo,11,1,1,-1
China,28,1,Ads,8,0,1,-1
US,23,1,Seo,2,0,2,2
China,19,1,Seo,8,0,1,-1
US,28,0,Ads,4,0,2,4
UK,29,1,Seo,7,0,1,0
Germany,24,0,Seo,17,1,1,-1
US,28,1,Seo,5,0,2,1
UK,18,1,Ads,1,0,2,5
US,36,1,Ads,1,0,0,5
US,18,1,Seo,2,0,2,2
US,34,0,Direct,2,0,0,2
UK,33,0,Direct,3,0,0,6
US,34,0,Seo,2,0,0,2
UK,27,0,Direct,17,1,1,-1
US,27,1,Direct,4,0,2,4
UK,29,0,Direct,15,1,1,-1
US,49,0,Ads,5,0,0,-1
China,20,0,Direct,4,0,2,4
Germany,36,1,Seo,3,0,0,6
US,26,0,Seo,3,0,2,6
UK,35,0,Ads,3,0,0,6
China,19,1,Seo,2,0,2,2
US,21,1,Ads,7,0,2,-1
China,48,1,Seo,1,0,0,-1
US,33,1,Direct,2,0,0,2
US,31,1,Seo,2,0,2,2
China,27,0,Seo,3,0,2,6
US,21,1,Direct,1,0,2,5
US,26,1,Direct,3,0,2,6
US,41,1,Direct,2,0,0,2
US,17,1,Seo,4,0,2,-1
US,43,0,Ads,6,0,0,-1
China,22,0,Seo,5,0,2,1
US,34,1,Direct,1,0,0,5
US,42,1,Seo,8,0,0,-1
China,39,1,Ads,7,0,0,-1
China,37,1,Ads,3,0,0,6
UK,29,1,Direct,5,0,2,1
